Type,SKU,Name,Published,Is featured?,Visibility in catalog,Short description,Description,Tax status,In stock?,Stock,Backorders allowed?,Sold individually?,Regular price,Sale price,Categories,Images,Weight (kg),Manage stock?,Stock status
simple,6009835080885-9835080888,TNT – Psycho Shaker,1,0,visible,"The most studied natural performance aid with proven muscle performance benefits.

Available at Elvare Group with fast, reliable delivery across South Africa.","Psycho Shaker by TNT. A premium supplement formulated for optimal results. Available at Elvare Group with fast, reliable delivery across South Africa.",taxable,1,,0,0,85.00,,"TNT Mercury, Accessories",https://www.psychoskull.co.za/wp-content/uploads/2026/04/WhatsApp-Image-2026-04-25-at-09.19.03.jpeg,,0,instock
simple,,UPA Flask,1,0,visible,"UPA Flask. A premium supplement formulated for optimal results. Available at Elvare Group with fast, reliable delivery across South Africa.",Premium-grade with Multiple Lids,taxable,1,,0,0,315.00,,"U.P.A, Accessories",https://www.psychoskull.co.za/wp-content/uploads/2025/05/UPA-Flask.png,,0,instock
simple,6009802902912-1,SSA – Hydration Jug 2.2L Black,1,0,visible,"Hydration Jug 2.2L Black by SSA. A premium supplement formulated for optimal results. Available at Elvare Group with fast, reliable delivery across South Africa.","Stay hydrated with SSA’s Hydration Jug which is an ideal way of meeting ythis daily water intake requirements. Excellent for training, traveling as well as work – you can easily avoid unnecessary trips to the water cooler with this nifty 2.2l  water jug.

Available at Elvare Group with fast, reliable delivery across South Africa.",taxable,1,,0,0,160.00,,"SSA, Aminos, Accessories",https://www.psychoskull.co.za/wp-content/uploads/2025/02/WhatsApp-Image-2025-02-14-at-11.48.45.jpeg,,0,instock
simple,,Marauder Shaker – Red,1,0,visible,"Red by Marauder Shaker. A premium supplement formulated for optimal results. Available at Elvare Group with fast, reliable delivery across South Africa.","Red by Marauder Shaker. A premium supplement formulated for optimal results. Available at Elvare Group with fast, reliable delivery across South Africa.",taxable,0,,0,0,55.00,,Accessories,https://www.psychoskull.co.za/wp-content/uploads/2022/07/Psycho-Skull-NPL-Marauder-Shaker-Red.png,,0,outofstock
simple,,NPL – Hydro Swirl Shaker 500ml,1,0,visible,"Compact Shaker

- Capacity 500 ml

- Available in Black, Turquoise and White

- Leak Proof

Available at Elvare Group with fast, reliable delivery across South Africa.","The NPL Hydro Swirl Shaker is a new innovation in shaker technology. It has a curved inside base which together with the cyclone mixing ball results in superior blending. Traditional shakers with a flat-base have square edges which the mixing ball is not able to access. This may leave powder residue in the corners of the shaker. The NPL Hydro Swirl Shaker has a 500 ml capacity and is the perfect compact shaker to take with you on-the-go.

Available at Elvare Group with fast, reliable delivery across South Africa.",taxable,0,,0,0,130.00,,"NPL, Accessories",https://www.psychoskull.co.za/wp-content/uploads/2021/07/Psycho-Skull-NPL-Water-Hydro-Swirl-Shaker-500ml-Black.png,,0,outofstock
simple,6009802884416,Nutritech – Creatine Mono 500g,1,0,visible,"Aids in INCREASE MUSCLE SIZE + STRENGTH

PURE MICRONISED CREATINE MONOHYDRATE

Available at Elvare Group with fast, reliable delivery across South Africa.","MUSCLE ENERGY
HELP INCREASE MUSCLE

NUTRITECH CREATINE MONO has been formulated using micronized pure creatine monohydrate, with 5000 mg per single serving. An exceptional choice for the athlete looking to increase strength, sporting performance, muscle mass and boost recovery. Micronized creatine monohydrate dissolves quicker in water and is able to be stored in ythis muscles in amounts appreciable enough to assist in building muscle and strength. NUTRITECH CREATINE MONO is the original and perfect companion an athlete’s pre and post-workout regime. THE LOWDOWN
CREATINE

NUTRITECH CREATINE MONO has been formulated to increase the production of energy that enables muscles to perform at a higher intensity. The more energy ythis muscles store, the better they can perform in events requiring intense immediate energy, such as; athletics, hockey, rugby, soccer, swimming and weightlifting. POST/INTRA WORKOUT
CREATINE

Through extensive research and testing it has been found that NUTRITECH CREATINE MONO, when combined with a professionally designed diet and workout program, increases muscle mass and muscle girth. Due to the muscle mass gains, it may also result in initial weight increases. Please consult ythis physician prior to the use of NUTRITECH CREATINE MONO.. DIRECTIONS
HOW TO TAKE

Mix 1 flat scoop with water or beverage of choice in a NUTRITECH shaker. Take 2 to 3 servings per day, evenly spaced, on an empty stomach. After 8 weeks of continued use take 1 week off and start cycle again.

Available at Elvare Group with fast, reliable delivery across South Africa.",taxable,0,,0,0,525.00,,"Creatine, Nutritech",https://www.psychoskull.co.za/wp-content/uploads/2021/06/Psycho-Skull-Nutritech-Creatine-Mono-500g.png,,0,outofstock
simple,6009880811915,TNT – Nutrient Beast,1,0,visible,"TNT NUTRIENT BEAST supports bridge those micro-nutrient deficiencies which can result in a reduction in your ability to adapt to a heightened state of recovery and wellness.

Available at Elvare Group with fast, reliable delivery across South Africa.","Formulated to support your overall health, wellness, and performance levels. This is the most complete multi-nutrient pack ever created. Featuring a range of the highest in demand micronutrients, minerals, adaptogenic aids, anti-inflammatory joint and hard tissue bolster systems, gut and digestive health, vital organ care complexes and Omega-3 for optimised hormone and health support. When you are training at higher levels than ever before, if ythis system is compromised because of mental or physical stress, or if you are looking for a convenient all-in-one solution to maximised health, NUTRIENT BEAST is it! INGREDIENTS:
Gelatin (Capsules) (Bovine) (Kosher & Halal, GMO-free, free of BSE/TSEs), Purified Water, Magnesium Stearate, Silicon Dioxide, Titanium Dioxide (E171), Allura Red (E129). DIRECTIONS FOR USE:
Take one pack daily, preferably in the mornings with breakfast. WARNINGS:
Consult ythis physician before using MenaQ7® if you are taking anti-coagulant medication such as Warfarin. Any persons with diabetes, using blood thinning medication, using anti-inflammatory medication, or those with known medical conditions should consult their primary healthcare practitioner before using this product. Discontinue use of This supplement at least 2 weeks prior to any scheduled surgical procedure. Always inform ythis healthcare practitioner when you are using other medication. If you are pregnant or breastfeeding, please consult ythis doctor, pharmacist of healthcare professional before using this product. Discontinue use if you experience any adverse signs or symptoms when using this product. TNT NUTRIENT BEAST is not intended to diagnose, treat, cure, or prevent any disease. TYPICAL NUTRITIONAL INFORMATION

Serving Size: 1 Sachet

Servings per Container: 30

Per Serving
*%NRV

VITA-MINERAL ARMThis COMPLEX
2x Black Capsules

Vitamin B1 (as Thiamine)
12 mg
1000%

Vitamin B2 (as Riboflavin)
25 mg
1923%

Vitamin B3 (as Nicotinamide)
35 mg
219%

Vitamin B6 (as Pyridoxine HCl)
25 mg
1476%

Folic Acid
250 µg
62.50%

Vitamin B12 (as Cyanocobalamin)
25 µg
1041%

Biotin
60 µg
200%

Pantothenic Acid (as d-Calcium Pantothenate)
12,5 mg
250%

Vitamin C (as Ascorbic Acid)
350 mg
350%

Vitamin D3 (Cholecalciferol)
10 µg
68%

Vitamin E (as dl-Alpha-Tocopheryl Acetate)
10 mgTE
67%

Potassium (as Potassium Phosphate)
100 mg
†

Boron
2,5 mg
†

Calcium (as Calcium Carbonate)
150 mg
12%

Copper (as Copper Sulphate-5-Hydrate)
0,1 mg
11%

Chromium (as Chromium Picolinate)
3,8 µg
11%

Iron (as Ferrous Fumarate)
10 mg
56%

Magnesium (as Magnesium Oxide)
250 mg
60%

Manganese (as Manganese Sulphate)
1 mg
43%

Selenium (as Selenium AAC 2%)
60 µg
109%

Zinc (as Zinc Gluconate)
2,8 mg
11%

Inositol
50 mg
†

Grape Seed Extract (95% Polyphenols)

(Vitis Vinifera) (Seed)
50 mg
†

Lutein (Provitamin A carotenoid)

(Tagetes spp.) (Aerial Parts)
0,5 mg
2%

SHIELD ORGAN & DIGESTIVE SUPPORT
2x Yellow Capsules

DigeZyme® (Digestive Enzyme Blend:
50 mg
†

Amylases, Proteases, Lipases, Lactases and Cellulases)

Ginger Root Extract (Zingiber Officinale Roscoe) (Root)
75 mg
†

Bromelain Enzyme (80 GDU/g)

(Ananas Comosus.L) (Stem)
50 mg
†

Papain Enzyme (2400 GDU/g) (Carica Papaya) (Fruit)
50 mg
†

Inulin-FOS (FructoOligoSaccharides) (Orafti®Synergy 1)
150 mg
†

Milk Thistle Powder (Silybum Marianum) (Seed)
300 mg
†

Stinging Nettle Extract (Urtica Dioica) (Root)
50 mg
†

Alpha Lipoic Acid
100 mg
†

Hawthorn Berry Extract (Crataegus spp.) (Fruit)
250 mg
†

Garlic Extract 4:1 (Allium Sativum) (Bulb)
150 mg
†

Sunflower Lecithin Powder (Helianthus) (Seed)
30 mg
†

Vitamin K2 (from MenaQ7® Menaquinone, MK-7)
40 mcg
33%

DEFENCE ADAPTOGEN & JOINT AID+
1x Red Capsule

Cissus Quadrangularis (4:1) (Vine)
150 mg
†

Boswellia Serrata (65% Organic Acids)  (Gum Resin)
150 mg
†

Turkey Tail (Trametes Versicolor) (Whole Mushroom)
25 mg
†

Ashwagandha Extract (2.5% Withanosides)

(Withania Somnifera) (Root)
250 mg
†

Bacopa Extract (Std. 20% Bacosides)

(Bacopa Monnieri) (Whole Plant)
25 mg
†

Cordyceps (Cordyceps Sinensis) (Whole Mushroom)
50 mg
†

Reishi Mushroom

(Ganoderma Lucidum) (Whole Mushroom)
50 mg
†

CLEAN-OMEGA 3 COMPLEX
2x Softgel Capsules

Omega 3** Fish Oil

(Wild Caught Peruvian Anchovy), providing:
2000 mg
†

     Eicosapentaenoic Acid (EPA) (18%)
360 mg
†

     Docosahexaenoic Acid (DHA) (12%)
240 mg
†

**Omega-3 Fatty Acids as Triglycerides. *Nutrient Reference Values (NRVs) for individuals 4 years and older (2010). † NRV not yet established.”

Sugar Free / Bovine Gelatin

Available at Elvare Group with fast, reliable delivery across South Africa.",taxable,1,,0,0,420.00,,"Performance, TNT Mercury, Health & Recovery",https://www.psychoskull.co.za/wp-content/uploads/2021/04/Psycho-Skull-TNT-Nutrient-Beast.png,,0,instock
simple,60009707060892,Healthy U – Melatonin,1,0,visible,"REM INDUCING

RELAXING

FAST RECOVERY

ANTI AGING","Melatonin sleep is a hormone produced by the brain in response to fading light. It prepares the body for sleep and is often used as a sleep aid.

Available at Elvare Group with fast, reliable delivery across South Africa.",taxable,1,,0,0,225.00,,"Healthy U Nutrition, Health & Recovery",https://www.psychoskull.co.za/wp-content/uploads/2021/04/Psycho-Skull-Healthy-U-Melatonin-1.png,,0,instock
simple,60009707060885,Healthy U – ECYA Burn,1,0,visible,"BLOOD STIMULATING

REDUCES APPETITE

BOOST METABOLISM

EXTREME ENERGY

Available at Elvare Group with fast, reliable delivery across South Africa.","Burn accelerates weight loss. Increased blood stimulation athletic performance and amplified energy. Dosages of Yohimbine and 299-42-3 may vary depending on each individual goals, tolerances and body weight

Consume after a meal to avoid discomfort.

Available at Elvare Group with fast, reliable delivery across South Africa.",taxable,1,,0,0,435.00,,"Healthy U Nutrition, Fat Burners",https://www.psychoskull.co.za/wp-content/uploads/2021/04/Psycho-Skull-Healthy-U-ECYA-Burn.png,,0,instock
simple,60009707060861,Healthy U – ECA Slim,1,0,visible,"APPETITE SUPPRESSANT

BOOST METABOLISM

MENTAL FOCUS

RAPID ENERGY

THERMOGENIC

Available at Elvare Group with fast, reliable delivery across South Africa.","Slim accelerates weight loss, increases athletic performance and amplifies energy. Dosages of 299-42-3 may vary depending on individuals goals and body weight. Consume with or after a meal to avoid discomfort. Disclaimer: This supplement has not been evaluated by HPASA, It is not intended to diagnose, treat, cure or prevent any disease

Available at Elvare Group with fast, reliable delivery across South Africa.",taxable,1,,0,0,420.00,,"Healthy U Nutrition, Fat Burners",https://www.psychoskull.co.za/wp-content/uploads/2021/04/Psycho-Skull-Healthy-U-ECA-Slim.png,,0,instock
simple,6009708880307,NPL – Organ Support,1,0,visible,"NPL Organ Bolster is developed using herbal extracts, antioxidants, vitamins, and minerals which may target region specific organ pathways in the body.

Available at Elvare Group with fast, reliable delivery across South Africa.","ALL-IN-ONE ORGAN Bolster AND DEFENCE

NPL Organ Support is developed using herbal extracts, antioxidants, vitamins, and minerals which may target region specific organ pathways in the body. This may lead to improved metabolic and detoxification pathways, improving homeostasis and overall health and recovery. Vital organs working at their optimal functional capacity will greatly increase one’s overall health and vitality. Features and benefits:

Liver Support

Heart Support

Prostate Support

Skin Support

Available at Elvare Group with fast, reliable delivery across South Africa.",taxable,1,,0,0,315.00,,"NPL, Health & Recovery",https://www.psychoskull.co.za/wp-content/uploads/2021/02/Psycho-Skull-NPL-New-Organ-Support.png,,0,instock
simple,6009704815372,Nutritech – Creatine Mono 300g,1,0,visible,"Aids in INCREASE MUSCLE SIZE + STRENGTH

PURE MICRONISED CREATINE MONOHYDRATE

Available at Elvare Group with fast, reliable delivery across South Africa.","MUSCLE ENERGY
HELP INCREASE MUSCLE

NUTRITECH CREATINE MONO has been formulated using micronized pure creatine monohydrate, with 5000 mg per single serving. An exceptional choice for the athlete looking to increase strength, sporting performance, muscle mass and boost recovery. Micronized creatine monohydrate dissolves quicker in water and is able to be stored in ythis muscles in amounts appreciable enough to assist in building muscle and strength. NUTRITECH CREATINE MONO is the original and perfect companion an athlete’s pre and post-workout regime. THE LOWDOWN
CREATINE

NUTRITECH CREATINE MONO has been formulated to increase the production of energy that enables muscles to perform at a higher intensity. The more energy ythis muscles store, the better they can perform in events requiring intense immediate energy, such as; athletics, hockey, rugby, soccer, swimming and weightlifting. POST/INTRA WORKOUT
CREATINE

Through extensive research and testing it has been found that NUTRITECH CREATINE MONO, when combined with a professionally designed diet and workout program, increases muscle mass and muscle girth. Due to the muscle mass gains, it may also result in initial weight increases. Please consult ythis physician prior to the use of NUTRITECH CREATINE MONO.. DIRECTIONS
HOW TO TAKE

Mix 1 flat scoop with water or beverage of choice in a NUTRITECH shaker. Take 2 to 3 servings per day, evenly spaced, on an empty stomach. After 8 weeks of continued use take 1 week off and start cycle again.

Available at Elvare Group with fast, reliable delivery across South Africa.",taxable,1,,0,0,335.00,,"Creatine, Nutritech",https://www.psychoskull.co.za/wp-content/uploads/2020/12/Psycho-Skull-Nutritech-Creatine-Mono-300g.png,,0,instock
simple,,UPA – Epistane,1,0,visible,"- Methylepitiostanol

- 10mg / tab

- 50 tab","UPA EPISTANE(METHYLEPITIOSTANOL 10MG P/CPS=60TABS)

Epistane (Methylepitiostanol)

This is the perfect pro hormone to use as cutting agent for male and female athletes who wants to avoid the androgenic effects of stronger pro hormones. It’s a anti estrogen, high anabolic, low liver toxicity compound that’s extremely versatile in gaining muscle as well as dieting. To put it into perspective —

Anavar (Oxandrolone) has an anabolic rating of 322 – 630. Epistane (methylepitiostanol) has an anabolic rating of 1100

It’s between double and three times the anabolic rating of Anavar. Epistane is a DHT (dihydrotestosterone also known as androstanolone) derivative that is best known for the non-aromatizing and non-progestagenic characteristics. This means very little side effects can be expected from this anabolic agent. Epistane’s Anabolic/Androgenic rating is 1100:91. This rating makes it the highest anabolic rated compound ever formulated with not even conventional anabolic steroids like Primobolan or Anavar matching this rating. The added benefit of this compound is that it has a very potent anti-estrogen agent that eliminates any possibilities of estrogen induced fat gain or water retention. Epistane is almost identical to a Japanese breast cancer drug called epitiostanol that blocked estrogen. Epistane however is much more anabolic than epitiostanol. Ythis gains on Epistane will be solid, lean, hard and dry gains. It will give similar effects to Primobolan, Anavar and in some cases Turinibal but it has proven to lead to greater lean muscle gains than these mentioned anabolic steroids. Epistane is a great alternative to nolvadex, arimadex and femara when stacking with other compounds that is known for aromatizing. This means that you can stack ythis Epistane with your normal cycle to prevent gyno whilst still getting massive advantages from its anabolic muscle building effects. Epistane can also be taken on its own to keep the athlete anabolic while solving the gyno problem. Just when you think the advantages of this drug could not get any better. Epistane unlike other oral compounds Epistane (although methylated) has a very low liver toxicity and can be taken for longer periods of time and at higher doses than most orals. Epistane can easily run for 6 to 12 weeks at reasonable doses. It can be taken for longer than six weeks if it is the only oral being used at a dose of 30mg to 60mg daily split three times daily. Two doses daily is considered the minimum. Epistane is one of the most pleasant oral steroids an athlete could ever use in their cycle considering its very low side effects and high anabolic rating. Clean solid gains with no water retention, lethargy, appetite suppression or depression when you stop the cycle.

Available at Elvare Group with fast, reliable delivery across South Africa.",taxable,1,,0,0,370.00,,"U.P.A, Performance",https://www.psychoskull.co.za/wp-content/uploads/2021/06/Psycho-Skull-SARMS-UPA-Epistane.png,,0,instock
simple,,UPA – Stenabolic,1,0,visible,"Stenabolic by UPA. A premium supplement formulated for optimal results. Available at Elvare Group with fast, reliable delivery across South Africa.","Stenabolic is a Reverb Agonist SARM, code name is SR9009

Stenabolic, in current research trials has shown to increases the metabolic activity in skeletal muscle. It has been shown to increases Basal Meabolic Rate (BMR). Stenabolic assists with reducing obesity, and increases muscle strength. Stenabolic has shown to increase endurance

Stenabolic SR9009 Discription
The half life of Stenabolic is +/- 2 to 4 hours so it is essential to take Stenabolic in 4 –  6 equal doses per day. This will require that you break the tablet in half. Please refer to the packaging on how to break the tablet in half and take as indicated below. Dose range is 20 – 40 mg per day for male athletes and half that for female athletes. Cycle is 8 – 12 weeks. Dosage :

- Female Athletes 1 – 2 Tablets per day

- Male Athletes 2 – 4 Tablets per day. Can be stacked with any other SARM

Stenabolic, or SR-9009, is not technically a SARM but it’s effects are similar so it’s sold on sites where peptides and SARMs are sold. It has the endurance-boosting effects of Cardarine, but also offers increased energy and enhanced metabolism to burn fat stores. It’s non-hormonal (does not target AR’s), so shut-down and PCT are not issues. The shorter half-life of a few hours means users will want to target a specific time of day, such as just before hitting the gym. - Typical dose: 20 mg/day

- Max: 40 mg/day (spaced out)

- Stacking dose: 10-20 mg/day (depending on stack)

- Half-life: 4-6 hours

Available at Elvare Group with fast, reliable delivery across South Africa.",taxable,1,,0,0,515.00,,"U.P.A, Performance",https://www.psychoskull.co.za/wp-content/uploads/2021/06/Psycho-Skull-SARMS-UPA-Stenabolic.png,,0,instock
simple,,UPA – Andarine,1,0,visible,"Andarine by UPA. A premium supplement formulated for optimal results. Available at Elvare Group with fast, reliable delivery across South Africa.","Andarine is widely considered to be the most potent of all SARMS that help build lean muscle mass. Andarine has been one of the most widely tested and studied of all the SARMS. Tests have proven that Andarine aids in retain lean muscle mass as well as enhancing it. However with Andarine this is not the only noted benefit. In addition to strength and lean muscle gains is its potent fat burning properties as well. Andarine : the all-round super potent SARM for lean hard muscles

What to Expect
When used for cutting, Andarine’s properties will deliver that you get similar results to what you would expect when using Anavar or Stanazol. Andarine can also minimise LPL (lipoprotein lipase) an enzyme that can cause the storing of adipose tissue or body fat. Andarine also improves vascularity, for that aesthetic chiselled look. Unlike with Stanazol, it does not affect ythis joints or negatively affect your cholesterol levels as with Anavar. Side Affects
Andarine is not the perfect anabolic compound and as with Anavar and Stanazol does follow the law of diminishing returns. What this means is higher dosages are required with extended use which comes with the main side effect. The most noted negative effect of Andarine are visual issues such as the yellow tint and difficulty adjusting to night vision. This side effect is unique to Andarine and will decrease and vanish once the product leaves ythis system. This side effect is often hyped or overblown and is noted at very high doses and cycles longer than 12 weeks. This side effect can however be managed with dosage reduction, and dosage cycling. The Benefits of S4 over Steroids

- very minimal growth on secondary sexual organs such as the prostate. - The LDL/ HDL ratio is not affected which makes it a low cardiovascular risk. - ZERO % chance of aromatization, male breast lactation, or rise in any other female characteristic during the post cycle recovery. - Testosterone is not diminished in any capacity during the post cycle recovery. - Very exclusive in tissue selection and growth which means it will not cause heart enlargement or damage to neighbouring organs. - Andarine does NOT require the utilization or devouring of liver enzymes to activate their anabolic effects. This eliminates any risk of hepatotoxicity or hepatitis. - Although Andarine is not as potent as comparable steroids such as Winstrol, they do not require the extensive post cycle therapy and can be cycled back to back throughout the year. With the possibility of obtaining the similar results. - Andarine has overall presented larger increases in muscle mass than DHT. Dosage
Elvare Group recommend milder dosages that err on the side of caution. Higher dosages have been reported but start here. If vision side effect is a problem cycle 5 days on and 2 days off to assist with vision side. - Male athletes 2 tablets daily or cycled. - Female athletes ½ -/ 1 tablet daily or cycled. - Cycle 6 weeks either 7 days on or 5 days on 2 days off depending on sensitivity. - 2 week off period between cycles. Whats in the box

- 56 Tablets per box

- 12.5mg Andarine  per tablet. Stack with

- Cardarine and/or Nutrabol

Originally developed to help osteoporosis and muscle-wasting diseases, S4, or Andarine, is a first-gen SARM that’s been highly-tested over the years. S4 preserves and improves lean body mass. That is, it decreases body fat while increasing muscle mass. Andarine is anabolically above-average, due to strong AR (androgen receptor) affinity, with superior muscle-building and fat-reducing effects. It is also known to boost sex drive (but also reduces sperm development). Concern over vision-related side effects in one study have reportedly caused some S4 users to switch to Ostarine, which is chemically very similar. - Typical dose: 25-50 mg/day

- Max: 100 mg/day

- Stacking dose: 15-25 mg/day (depending on stack)

- Half-life: 4-6 hours

Available at Elvare Group with fast, reliable delivery across South Africa.",taxable,1,,0,0,445.00,,"U.P.A, Performance",https://www.psychoskull.co.za/wp-content/uploads/2021/06/Psycho-Skull-SARMS-UPA-Andarine.png,,0,instock
simple,,TNT – Prime Collagen 360g – Unflavored,1,0,visible,"PRIME COLLAGEN acts to bolster and enhance soft tissue recovery and organ health while combatting the effects of ageing.

Available at Elvare Group with fast, reliable delivery across South Africa.","TNT PRIME COLLAGEN is made up of Type-1 Hydrolyzed Collagen, a highly bio-available hydrolyzed peptide-rich collagen source, which has been shown to not only exert positive recovery effects on soft tissue structures such muscle tissue after injury but also on critical full joint components, including cartilage, ligaments, tendons and skin for enhanced recovery and repair. Elvare Group have included DERMAVAL™, a superfood complex that serves as a free-radical scavenger nutrient boost to protect complex collagen structures and support a heightened natural synthesis of collagen and elastin. The daily supplementation of TNT PRIME COLLAGEN acts to bolster and enhance soft tissue recovery and organ health while combatting the effects of ageing. TYPICAL NUTRITIONAL INFORMATION
PRIME COLLAGEN

BIO-INFUSED WITH 9 PLANT-BASED SUPERFOODS

TYPICAL NUTRITIONAL INFORMATION

Serving Size: 12 g

Servings Per Container: 30

Per 100 g
Per 12 g
%NRV*

Energy
1 307 kJ
157 kJ
†

Protein
76,7 g
9,2  g
16%

Total Carbohydrates
2,6 g
0,3 g
†

   of which Sugars
2,5 g
0,3 g
†

Total Fats
0,0 g
0,0 g
†

Dietary Fibre#
2,3 g
0,3 g
†

Total Sodium
568 mg
68 mg
†

Hydrolyzed Collagen Peptides (Bovine)
10 g

DERMAVAL™

50 mgVitaGranate® Bioactive Pomegranate Extract (Punica Granatum) (whole fruit), Asparagus (Asparagus Officinalis) (shoot), Okra (Abelmoschus Esculentus) (pod), VitaBerry® Tropical [Coffee Berry (Coffea Arabica) (whole fruit), Brazilian Acerola Cherry (Malpighia Glabra) (fruit juice), Amazon Camu Camu (Myrciaria Dubia) (fruit juice), Quercetin (from Saphora Japonica) (flower), Brazilian Açaí Palm Berry (Euterpe Oleracea) (whole fruit), Thai Mangosteen (Garcinia Mangostana) (whole fruit), Maltodextrin]. INGREDIENTS:
Fruitaric Acid, Inulin, Pink Himalayan Crystal Salt, Anti-Caking Agent, Non-Nutritive Sweetener (Sucralose), Colourant. ALLERGENS:
No common allergens included. Made in a factory that processes cow’s milk, egg, soy, gluten (wheat, barley and oats), fish, tree nuts and peanuts. DIRECTION FOR USE:
As a nutritional supplement, take 1 scoop (12 g) and mix with 200 ml – 250 ml room temperature water. Shake, or stir well and consume immediately.

Available at Elvare Group with fast, reliable delivery across South Africa.",taxable,1,,0,0,420.00,,"Health & Recovery, TNT Mercury",https://www.psychoskull.co.za/wp-content/uploads/2020/11/Psycho-Skull-TNT-Prime-Collagen-360g-Berry-Medley.png,,0,instock
simple,6009679916210,Barbarian Nutrition – Thermo Axe,1,0,visible,"Thermo Axe by Barbarian Nutrition. A premium supplement formulated for optimal results. Available at Elvare Group with fast, reliable delivery across South Africa.","Barbarian Nutrition’s THERMO-AXE has been forged by Viking Warriors who have the desire to destroy unwanted fat and hack away at unwanted pounds. THERMO-AXE will dramatically CRUSH APPETITE & CRAVINGS, leaving only ythis hunger to SHRED FAT and boost energy with the new improved THERMO-AXE! DIRECTIONS

- Suggested Use – 2 Capsules Twice Daily

- Take ythis first serving (2 capsules) first thing in the morning 30 minutes before breakfast and take your second serving (2 capsules) mid-afternoon. - On workout days, take 2 capsules 30-60 minutes before ythis workout. Drink at least ten 250ml glasses of water daily. Combine with a diet and training program for best results. - Do not exceed 4 capsules per day. - Cycle: Use continuously for 4 weeks, followed by 2 weeks break.

Available at Elvare Group with fast, reliable delivery across South Africa.",taxable,1,,0,0,475.00,,"Fat Burners, Barbarian","https://www.psychoskull.co.za/wp-content/uploads/2020/10/Psycho-Skull-Barbarian-Thermo-Axe.png, https://www.psychoskull.co.za/wp-content/uploads/2020/10/Thermo-Axe-NI-Panel.jpg",,0,instock
simple,6009679916203,Barbarian Nutrition – Hammer Test,1,0,visible,"Hammer Test by Barbarian Nutrition. A premium supplement formulated for optimal results. Available at Elvare Group with fast, reliable delivery across South Africa.","Barbarian Nutrition Hammer Test 2.0 has been reborn! Forged from the most hardcore ingredients to amplify strength and power, Hammer Test 2.0 will unleash the true warrior within. Break down genetic boundaries and amplify natural testosterone like never before! DIRECTIONS

- Take 6 capsules every day before bed with 300ml of water. - Take on an empty stomach at least 60 minutes after ythis last meal. - Alternatively, take 3 capsules twice daily. - Combine with a diet and training program for the best results. Do not exceed 6 capsules per day.

Available at Elvare Group with fast, reliable delivery across South Africa.",taxable,1,,0,0,475.00,,"Barbarian, Performance","https://www.psychoskull.co.za/wp-content/uploads/2020/10/Psycho-Skull-Barbarian-Hammer-Test.png, https://www.psychoskull.co.za/wp-content/uploads/2020/10/Hammer-Test-NI-Panel.jpg",,0,instock
simple,,Barbarian Nutrition – Beserk NOX,1,0,visible,"Beserk NOX by Barbarian Nutrition. A premium supplement formulated for optimal results. Available at Elvare Group with fast, reliable delivery across South Africa.","Barbarian Nutrition Beserk Nox is the ULTIMATE in Nootropic Technology and PUMP enhancements. With mental focus like never before, Skin Tearing Pumps and Insane Strength! DIRECTIONS

- 1 Heaped Scoop (1 Serving 17g) with 300ml water consume 30-45 minutes before you unleash havoc. A tingling sensation over ythis skin and a mind altering sense of focus will trigger the sign that you are ready for battle. Combine with a diet and training program for best results. NOTE: This supplement contains GlycoPUMP TM – Due to the hydroscopic nature of this ingredient, the product may clump together. This is normal and can be broken down and is safe to use. It is important to keep in a cool dry area to control this process.

Available at Elvare Group with fast, reliable delivery across South Africa.",taxable,0,,0,0,515.00,,"Pre Workout, Barbarian","https://www.psychoskull.co.za/wp-content/uploads/2020/10/Psycho-Skull-Barbarian-Beserk-Nox-1.png, https://www.psychoskull.co.za/wp-content/uploads/2021/06/Berserker-NOX-NI-Panel.jpg",,0,outofstock
simple,,Barbarian Nutrition – Untamed,1,0,visible,"Untamed by Barbarian Nutrition. A premium supplement formulated for optimal results. Available at Elvare Group with fast, reliable delivery across South Africa.","Barbarian Nutrition’s UNTAMED will allow you to wage WAR on the IRON leaving nothing but devastation in ythis wake. Be prepared for skin-ripping pumps and insane energy like you’ve never experienced before! DIRECTIONS

- Shake container vigorously before use. - Mix 1 scoop with 150 ml – 250 ml of water and consume 15 minutes before battle. - Prickly skin signals TIME FOR WAR! DISCLAIMER
If you are taking any medications, consult ythis doctor before use. Seek advice from a health care professional before use if you have any pre-existing medical condition. Not to be taken by pregnant or lactating women. Discontinue use and consult ythis doctor if any adverse reactions occur. Note – It is important to check with ythis health care practitioner before beginning any diet and exercise program and to discuss the supplements and medications you take with your health care provider. Use This supplement as a food supplement only and consume in conjunction with a nutritious diet and appropriate physical training program. Do not use as a sole source of nutrition. This supplement has not been evaluated as a medicine by the Medicines Control Council of South Africa and is not intended to diagnose, treat, cure or prevent any disease.

Available at Elvare Group with fast, reliable delivery across South Africa.",taxable,1,,0,0,370.00,,"Pre Workout, Barbarian","https://www.psychoskull.co.za/wp-content/uploads/2020/10/4Psycho-Skull-Barbarian-Untamed.png, https://www.psychoskull.co.za/wp-content/uploads/2020/10/Untamed-NI-Panel.jpg",,0,instock
simple,,Barbarian Nutrition – Colossal Mass,1,0,visible,"Colossal Mass by Barbarian Nutrition. A premium supplement formulated for optimal results. Available at Elvare Group with fast, reliable delivery across South Africa.","Barbarian Nutrition Colossal Mass is a dense calorie meal-replacement shake that has been formulated to meet the demanding nutritional requirements of a hard-fought Barbarian! Packed with over 700 calories per serving, 40g of high-quality protein, 7 000mg of cell-volumizing amino acids and a full vitamin profile, Colossal Mass will ensure ythis body is anabolic and building muscle all day. If you are looking to GROW and transform into a BEAST, Colossal Mass is the product for you! DIRECTIONS

- Mix 1 serving (210g) with 500-600ml of water or milk. - Consume 1 – 2 servings daily to meet ythis optimal caloric and protein intake. Best taken after workouts. Combine with diet and training program for best results.

Available at Elvare Group with fast, reliable delivery across South Africa.",taxable,1,,0,0,500.00,,"Barbarian, Protein","https://www.psychoskull.co.za/wp-content/uploads/2020/10/BarbarianNutritionColossalMassChocolateFlavour_png_ffbf1a70-2590-40b3-84b3-33a7d668e07c.png, https://www.psychoskull.co.za/wp-content/uploads/2021/06/Colossal-Mass-NI-Panel.jpg",,0,instock
simple,6009708967886,Nutritech – Fulvic Acid,1,0,visible,"Anti-inflammatory, antiviral & antioxidant","CHD-FA™, being a range of organic acids, has a wide range of natural healing properties. Fulvic Acid benefits include the proven anti-inflammatory, antiviral, antimicrobial, antifungal and antioxidant agent properties, whilst assisting with nutritional uptake. Aids in improve nutritional uptake. Studies have shown that CHD-FA™ increases the uptake of minerals by up to 60% more than normal, supporting good health. CHD-FA™ is a proven chelator and acts as an ion exchanger by releasing low mass metal (iron) and chelating heavier metal ions, detoxicifying the body. Fulvic acid possesses many biomedical functions related to its ability to encourage the electrochemical balance in cells which is crucial for energy in cells. CHD-FA™ is one of the most efficient antioxidants eliminating free radicals, limiting their damage to membranes of cells, proteins and DNA. CHD-FA™ also assists with gut health. Anti-inflammatory activities with strengthening of the mucosal barrier are ideal properties against inflammatory bowel disease-like symptoms. Because of the mineral and trace elements in CHD-FA™, it is an excellent natural electrolyte that is able to replace essential micro-elements lost during exercise. The various clinical properties of CHD-FA™ assist in building the immune system. CHD-FA™ with its antioxidant, nutritional uptake and anti-inflammatory properties aids in with chronic fatigue. Fulvic Acid
Anti-Inflammatory, antiviral & antioxidant. Carbohydrate-Derived Fulvic Acid (CHD-FA™) is a proven anti-inflammatory, antiviral, antibacterial, antifungal and antioxidant agent whilst also assisting with nutritional uptake. CHD-FA™ offers all the natural healing properties of Fulvic Acid, without the heavy metals and contaminants.

Available at Elvare Group with fast, reliable delivery across South Africa.",taxable,1,,0,0,105.00,,"Health & Recovery, Vitatech","https://www.psychoskull.co.za/wp-content/uploads/2020/07/Psycho-Skull-Nutritech-Vitatech-Fulvic-Acid.png, https://www.psychoskull.co.za/wp-content/uploads/2020/07/Fulvic-Acid-NI-Panel.jpg",,0,instock
simple,6009708967497,Nutritech – Calcium Tablets,1,0,visible,"Daily wellness supplement to compliment ythis lifestyle.

Available at Elvare Group with fast, reliable delivery across South Africa.","Why should I take Calcium? Calcium Carbonate

Calcium carbonate. Calcium is needed by the body for healthy bones, muscles, nervous system, and heart. Calcium carbonate also is used as an antacid to relieve heartburn, acid indigestion, and upset stomach. Vitamin D3 (Di-alpha tocopheryl acetate) Di-Calcium Phopshate

D3. Necessary for normal absorption & utilization of calcium & phosphorus, cell division, normal bone structure, contributes to calcium & phosphorus absorption, maintenance of normal bones & teeth, muscle function, immune system function, role process of cell division.

Available at Elvare Group with fast, reliable delivery across South Africa.",taxable,1,,0,0,75.00,,"Health & Recovery, Vitatech","https://www.psychoskull.co.za/wp-content/uploads/2020/07/Psycho-Skull-Nutritech-Vitatech-New-Calcium.png, https://www.psychoskull.co.za/wp-content/uploads/2020/07/Calcium-NI-Panel.jpg",,0,instock
simple,6009708967299,Nutritech – Collagen Peptide Tablets,1,0,visible,"Type I & II Collagen Peptides

Daily wellness supplement to compliment ythis lifestyle.

Available at Elvare Group with fast, reliable delivery across South Africa.","Peptan

Peptan. Offers multiple health benefits by acting as building blocks for healthy joints, bones and muscles as well as skin. Collagen is a key structural

Protake

Protake. Is an edible bovine hydrolysed gelatine made of all essential amino acids except tryptophan, It is particularly rich in glycine, glutamic acid, proline, alanine and arginine. Chicken Bone Collagen

Chicken collagen.

Available at Elvare Group with fast, reliable delivery across South Africa.",taxable,0,,0,0,95.00,,"Health & Recovery, Peptides, Vitatech","https://www.psychoskull.co.za/wp-content/uploads/2020/07/Psycho-Skull-Nutritech-Vitatech-Collagen-Peptide-Tabs.png, https://www.psychoskull.co.za/wp-content/uploads/2020/07/Collagen-Peptides-NI-Panel.jpg",,0,outofstock
simple,6009708967596,Nutritech – Collagen Peptide Powder,1,0,visible,"Daily wellness supplement to compliment ythis lifestyle.

Available at Elvare Group with fast, reliable delivery across South Africa.","Peptan

Peptan. Offers multiple health benefits by acting as building blocks for healthy joints, bones and muscles as well as skin. Collagen is a key structural

Protake

Protake. Is an edible bovine hydrolysed gelatine made of all essential amino acids except tryptophan, It is particularly rich in glycine, glutamic acid, proline, alanine and arginine. Chicken Bone Collagen

Chicken collagen.

Available at Elvare Group with fast, reliable delivery across South Africa.",taxable,1,,0,0,230.00,,"Health & Recovery, Peptides, Vitatech","https://www.psychoskull.co.za/wp-content/uploads/2021/06/Psycho-Skull-Nutritech-Vitatech-Collagen-Peptide-Powder.png, https://www.psychoskull.co.za/wp-content/uploads/2021/06/Collagen-Powder-NI-Panel.jpg",,0,instock
simple,6009708967350,Nutritech – Immune Support,1,0,visible,"Daily wellness supplement to compliment ythis lifestyle.

Available at Elvare Group with fast, reliable delivery across South Africa.","Vitamin A (Beta-Carotene)

A. Beta carotene is converted into vitamin A, an essential vitamin, is a carotenoid and an antioxidant. Beta carotene, like all carotenoids, is an antioxidant. An antioxidant is a substance that inhibits the oxidation of other molecules; it protects the body from free radicals. Free radicals damage cells through oxidation. Eventually, the damage caused by free radicals can cause several chronic illnesses. Several studies have shown that antioxidants through diet help people’s immune systems, protect against free radicals, and lower the risk of developing cancer and heart disease. Vitamin B1 (Thiamine HCL)

B1. Contributes to normal iron transport & metabolism, energy release, skin & mucous membrane structure/function, nervous system function, maintenance of mucous function, nervous system, skin function, vision and protection of cells from oxidative stress, reduction of tiredness and fatigue. Vitamin B3 (Nicotinamide)

B3. It may help treat psoriasis and reduce ythis risk of non-melanoma skin cancer. Plays an important role in keeping ythis skin healthy. Vitamin B5 (D-Pantothenic Acid)

B5. Normal fat metabolism, contribute to normal energy yielding, synthesis and metabolism of steroid hormones, Vit D & some neurotransmitters, reduction of tiredness & fatigue and contributes to normal mental performance

Vitamin B6 (Pyridoxine HCL)

B6. Normal fat metabolism and energy production, aids in with normal healthy growth, development and body maintenance, normal functioning of nervous system, maintenance of normal hair, skin and aids in utilisation of Vit B Complex

Vitamin B9 (Folic Acid)

B9. Folate (folic acid) is necessary for the production of red blood cells and for the synthesis of DNA (which controls heredity and is used to guide the cell in its daily activities). Folic acid also aids in with tissue growth and cell function. In addition, it supports increase appetite when needed and stimulates the formation of digestive acids. Vitamin B12 (Cyanocobalamin)

B12. Vitamin C (Ascorbic Acid)

C. Vitamin E

E. Contributes to cell protection from free radical damage, oxidative stress, preserve a healthy immune system, protects unsaturated fatty acids & Vit A against oxidation in the body, assist in cardiovascular health. Copper AAC

Copper. Contributes towards normal Iron transport and metabolism, forming of haemoglobin and red blood cells, cell protection from radical damage or oxidative stress, normal energy production, functioning of the nervous system, needed for healthy joints and nerves, normal skin & hair colouration, pigmentation, maintenance of normal connective tissue, with Zinc & Vit C form elastin for skin, normal function of the immune system, formation of bone and taste sensitivity. Selenium AAC

Selenium. Acts as a potent antioxidant. May reduce ythis risk of certain cancers. May protect against heart disease. Aids in prevent mental decline. Is important for thyroid health. Boosts ythis immune system. May help reduce asthma symptoms. Zinc Gluconate

Zinc. Necessary for normal immune system function, cell division, contributes to normal skin structure, acid-base metabolism, carbohydrate metabolism, cognitive function, DNA synthesis, fertility and reproduction, micronutrient metabolism, fatty acid metabolism, metabolism of Vit A, protein synthesis, normal taste & smell, maintenance of normal bones, hair & skin, testosterone levels in blood, normal vision, protection cells from oxidative stress, cell division, constituent of insulin & many vital enzymes, to preserve normal Vit E levels in blood and increase the absorption of Vitamin A.

Available at Elvare Group with fast, reliable delivery across South Africa.",taxable,1,,0,0,95.00,,"Health & Recovery, Vitatech","https://www.psychoskull.co.za/wp-content/uploads/2020/07/Psycho-Skull-Nutritech-Vitatech-Immune-Support.png, https://www.psychoskull.co.za/wp-content/uploads/2020/07/Immune-Support-NI-Panel.jpg",,0,instock
simple,6009708967275,Nutritech – Joint Support,1,0,visible,"With OptiMSM® + Glucosamine HCL

Daily wellness supplement to compliment ythis lifestyle.

Available at Elvare Group with fast, reliable delivery across South Africa.","Vitamin A (Palmitate)

A.Protects Ythis Eyes From Night Blindness and Age-Related Decline. May Lower Ythis Risk of Certain Cancers. Bolsters a Healthy Immune System. Reduces Ythis Risk of Acne. Bolsters Bone Health. Encourages Healthy Growth and Reproduction

Vitamin B1 (Thiamine HCL)

B1. Contributes to normal iron transport & metabolism, energy release, skin & mucous membrane structure/function, nervous system function, maintenance of mucous function, nervous system, skin function, vision and protection of cells from oxidative stress, reduction of tiredness and fatigue. Vitamin B3 (Nicotinamide)

B3. It may help treat psoriasis and reduce ythis risk of non-melanoma skin cancer. Plays an important role in keeping ythis skin healthy. Vitamin B5 (D-Pantothenic Acid)

B5. Normal fat metabolism, contribute to normal energy yielding, synthesis and metabolism of steroid hormones, Vit D & some neurotransmitters, reduction of tiredness & fatigue and contributes to normal mental performance

Vitamin B6 (Pyridoxine HCL)

B6. Normal fat metabolism and energy production, aids in with normal healthy growth, development and body maintenance, normal functioning of nervous system, maintenance of normal hair, skin and aids in utilisation of Vit B Complex

Vitamin B9 (Folic Acid)

B9. Folate (folic acid) is necessary for the production of red blood cells and for the synthesis of DNA (which controls heredity and is used to guide the cell in its daily activities). Folic acid also aids in with tissue growth and cell function. In addition, it supports increase appetite when needed and stimulates the formation of digestive acids. Vitamin B12 (Cyanocobalamin)

B12. Chromium AAC

Chromium. Contributes to normal macronutrient metabolism, maintenance of normal blood glucose levels, vital for synthesis of cholesterol, fats & proteins

Iron

Iron. Normal oxygen transport, energy production, immune system function, normal blood formation, normal neurological development in foetus, cognitive function, reduction of tiredness and fatigue. Magnesium

Magnesium. Contribute towards normal energy metabolism, nerve & muscle function, play role in transmission of nerve and muscle impulses, electrolyte balance, reduction of tiredness and fatigue, maintaining proper pH balance, protein synthesis, normal physiological function, teeth, bones, role in cell division, supports utilise carbs, fats, protein & minerals . Selenium

Selenium. Acts as a potent antioxidant. May reduce ythis risk of certain cancers. May protect against heart disease. Aids in prevent mental decline. Is important for thyroid health. Boosts ythis immune system. May help reduce asthma symptoms. Zinc

Zinc. Necessary for normal immune system function, cell division, contributes to normal skin structure, acid-base metabolism, carbohydrate metabolism, cognitive function, DNA synthesis, fertility and reproduction, micronutrient metabolism, fatty acid metabolism, metabolism of Vit A, protein synthesis, normal taste & smell, maintenance of normal bones, hair & skin, testosterone levels in blood, normal vision, protection cells from oxidative stress, cell division, constituent of insulin & many vital enzymes, to preserve normal Vit E levels in blood and increase the absorption of Vitamin A. Glucosamine HCL

Glucosamine HCL. Supports ease osteoarthritis pain and improve joint health. Glucosamine is a compound found naturally in the body, made from glucose and the amino acid glutamine. Glucosamine is needed to produce glycosaminoglycan, a molecule used in the formation and repair of cartilage and other body tissues. May help with the following health problems: Diabetes, high cholesterol, Inflammation, Inflammatory bowel disease (such as ulcerative colitis), osteoarthritis, rheumatoid arthritis and temporomandibular joint disorder (also known as “TMD” or “TMJ”). OptiMSM

OptiMSM. Safe and efficient for maintaining joint health, reducing inflammation associated with osteoarthritis, supporting immune and respiratory functions, minimizing post exercise recovery time, and maintaining healthy skin, hair and nails.

Available at Elvare Group with fast, reliable delivery across South Africa.",taxable,1,,0,0,105.00,,"Health & Recovery, Vitatech","https://www.psychoskull.co.za/wp-content/uploads/2020/07/Vitatech-thumbnail-joint.png, https://www.psychoskull.co.za/wp-content/uploads/2020/07/Joint-Support-Vitatech-NI-Panel.jpg",,0,instock
simple,6009708967312,Nutritech – Liver Support,1,0,visible,"Daily wellness supplement to compliment ythis lifestyle.

Available at Elvare Group with fast, reliable delivery across South Africa.","Vitamin B1 (Thiamine HCL)

B1. Contributes to normal iron transport & metabolism, energy release, skin & mucous membrane structure/function, nervous system function, maintenance of mucous function, nervous system, skin function, vision and protection of cells from oxidative stress, reduction of tiredness and fatigue. Vitamin B3 (Nicotinamide)

B3. It may help treat psoriasis and reduce ythis risk of non-melanoma skin cancer. Plays an important role in keeping ythis skin healthy. Vitamin B5 (D-Pantothenic Acid)

B5. Normal fat metabolism, contribute to normal energy yielding, synthesis and metabolism of steroid hormones, Vit D & some neurotransmitters, reduction of tiredness & fatigue and contributes to normal mental performance

Vitamin B6 (Pyridoxine HCL)

B6. Normal fat metabolism and energy production, aids in with normal healthy growth, development and body maintenance, normal functioning of nervous system, maintenance of normal hair, skin and aids in utilisation of Vit B Complex

Vitamin B9 (Folic Acid)

B9. Folate (folic acid) is necessary for the production of red blood cells and for the synthesis of DNA (which controls heredity and is used to guide the cell in its daily activities). Folic acid also aids in with tissue growth and cell function. In addition, it supports increase appetite when needed and stimulates the formation of digestive acids. Vitamin B12 (Cyanocobalamin)

B12. Iron (Ferrous Fumerate)

Iron. Normal oxygen transport, energy production, immune system function, normal blood formation, normal neurological development in foetus, cognitive function, reduction of tiredness and fatigue. Milk Thistle

Milk Thistle. The active ingredient in milk thistle, silymarin, acts as an antioxidant by reducing free radical production. Scientists think this creates a detoxifying effect, which is why it is milk thistle may be beneficial for liver problems.

Available at Elvare Group with fast, reliable delivery across South Africa.",taxable,0,,0,0,95.00,,"Health & Recovery, Vitatech","https://www.psychoskull.co.za/wp-content/uploads/2020/07/Psycho-Skull-Nutritech-Vitatech-New-Liver-Support.png, https://www.psychoskull.co.za/wp-content/uploads/2020/07/Liver-Support-NI-Panel.jpg",,0,outofstock
simple,6009708967510,Nutritech – Magnesium,1,0,visible,"Daily wellness supplement to compliment ythis lifestyle.

Available at Elvare Group with fast, reliable delivery across South Africa.","Magnesium Oxide

Magnesium. Contribute towards normal energy metabolism, nerve & muscle function, play role in transmission of nerve and muscle impulses, electrolyte balance, reduction of tiredness and fatigue, maintaining proper pH balance, protein synthesis, normal physiological function, teeth, bones, role in cell division, supports utilise carbs, fats, protein & minerals .

Available at Elvare Group with fast, reliable delivery across South Africa.",taxable,1,,0,0,75.00,,"Health & Recovery, Vitatech","https://www.psychoskull.co.za/wp-content/uploads/2020/07/Psycho-Skull-Nutritech-Vitatech-Magnesium.png, https://www.psychoskull.co.za/wp-content/uploads/2020/07/Magnesium-NI-Panel.jpg",,0,instock
simple,6009708967558,Nutritech – Multi Vitamin & Mineral,1,0,visible,"Daily wellness supplement to compliment ythis lifestyle.

Available at Elvare Group with fast, reliable delivery across South Africa.","Protects Ythis Eyes From Night Blindness and Age-Related Decline. May Lower Ythis Risk of Certain Cancers. Bolsters a Healthy Immune System. Reduces Ythis Risk of Acne. Bolsters Bone Health. Encourages Healthy Growth and Reproduction

B1. Contributes to normal iron transport & metabolism, energy release, skin & mucous membrane structure/function, nervous system function, maintenance of mucous function, nervous system, skin function, vision and protection of cells from oxidative stress, reduction of tiredness and fatigue. It may help treat psoriasis and reduce ythis risk of non-melanoma skin cancer. Plays an important role in keeping ythis skin healthy. Normal fat metabolism, contribute to normal energy yielding, synthesis and metabolism of steroid hormones, Vit D & some neurotransmitters, reduction of tiredness & fatigue and contributes to normal mental performance

B6. Normal fat metabolism and energy production, aids in with normal healthy growth, development and body maintenance, normal functioning of nervous system, maintenance of normal hair, skin and aids in utilisation of Vit B Complex

B9. Folate (folic acid) is necessary for the production of red blood cells and for the synthesis of DNA (which controls heredity and is used to guide the cell in its daily activities). Folic acid also aids in with tissue growth and cell function. In addition, it supports increase appetite when needed and stimulates the formation of digestive acids. Necessary for normal absorption & utilization of calcium & phosphorus, cell division, normal bone structure, contributes to calcium & phosphorus absorption, maintenance of normal bones & teeth, muscle function, immune system function, role process of cell division. Contributes to cell protection from free radical damage, oxidative stress, preserve a healthy immune system, protects unsaturated fatty acids & Vit A against oxidation in the body, assist in cardiovascular health. Contributes to normal macronutrient metabolism, maintenance of normal blood glucose levels, vital for synthesis of cholesterol, fats & proteins. Contributes towards normal Iron transport and metabolism, forming of haemoglobin and red blood cells, cell protection from radical damage or oxidative stress, normal energy production, functioning of the nervous system, needed for healthy joints and nerves, normal skin & hair colouration, pigmentation, maintenance of normal connective tissue, with Zinc & Vit C form elastin for skin, normal function of the immune system, formation of bone and taste sensitivity. Promoting thyroid health. Reducing risk for some goitres. Managing overactive thyroid gland. Treating thyroid cancer. Neurodevelopment during pregnancy. Improving cognitive function. Improving birth weight. May help treat fibrocystic breast disease. Normal oxygen transport, energy production, immune system function, normal blood formation, normal neurological development in foetus, cognitive function, reduction of tiredness and fatigue. Contribute towards normal energy metabolism, nerve & muscle function, play role in transmission of nerve and muscle impulses, electrolyte balance, reduction of tiredness and fatigue, maintaining proper pH balance, protein synthesis, normal physiological function, teeth, bones, role in cell division, supports utilise carbs, fats, protein & minerals . Molybdenum. Contribute towards normal sulphur amino acid metabolism, encourages normal cell function, aids in activation of certain enzymes, bone growth and teeth strength. Acts as a potent antioxidant. May reduce ythis risk of certain cancers. May protect against heart disease. Aids in prevent mental decline. Is important for thyroid health. Boosts ythis immune system. May help reduce asthma symptoms. Necessary for normal immune system function, cell division, contributes to normal skin structure, acid-base metabolism, carbohydrate metabolism, cognitive function, DNA synthesis, fertility and reproduction, micronutrient metabolism, fatty acid metabolism, metabolism of Vit A, protein synthesis, normal taste & smell, maintenance of normal bones, hair & skin, testosterone levels in blood, normal vision, protection cells from oxidative stress, cell division, constituent of insulin & many vital enzymes, to preserve normal Vit E levels in blood and increase the absorption of Vitamin A.

Available at Elvare Group with fast, reliable delivery across South Africa.",taxable,1,,0,0,85.00,,"Health & Recovery, Vitatech","https://www.psychoskull.co.za/wp-content/uploads/2020/07/Psycho-Skull-Nutritech-Vitatech-Multi-Vitamin-Mineral-Active.png, https://www.psychoskull.co.za/wp-content/uploads/2020/07/Multi-Vitamin-Mineral-NI-Panel.jpg",,0,instock
simple,6009708967534,Nutritech – Probiotic 9,1,0,visible,"Daily wellness supplement to compliment ythis lifestyle.

Available at Elvare Group with fast, reliable delivery across South Africa.","Probiotic blend consisting of 9 strains:

When ingested on a regular basis, probiotics should improve or normalise micro bacterial balance in the human intestines and thereby improve the functioning of the digestive tract/gut. The fibre in inulin is soluble, which means it dissolves in water. It dissolves in the stomach and then forms a gelatinous substance that: slows digestion, increases fullness and removes cholesterol as it passes through the digestive tract. Bifidobacterium breve (BB-G95)

Bifidobacterium longum (BL-G301)

Bifidobacterium infantis (BI-G201

Lactobacillus acidophilus (LA-G80)

Lactobacillus plantarum (Lp-G18)

Lactobacillus casei (LC-G11)

Lactobacillus rhamnosus (Lr-G14)

Streptococcus thermophilus (St-G30)

Saccharomyces boulardii (SD-G19)

Fructo – Oligosaccharide

Available at Elvare Group with fast, reliable delivery across South Africa.",taxable,1,,0,0,105.00,,"Health & Recovery, Vitatech","https://www.psychoskull.co.za/wp-content/uploads/2020/07/Psycho-Skull-Nutritech-Vitatech-Probiotic.png, https://www.psychoskull.co.za/wp-content/uploads/2020/07/Probiotic-9-NI-Panel.jpg",,0,instock
simple,6009708967633,Nutritech – Vitamin C,1,0,visible,"Daily wellness supplement to compliment ythis lifestyle.

Available at Elvare Group with fast, reliable delivery across South Africa.","Vitamin C (Ascorbic Acid)

C.",taxable,1,,0,0,55.00,,"Health & Recovery, Vitatech","https://www.psychoskull.co.za/wp-content/uploads/2020/07/Psycho-Skull-Nutritech-Vitatech-Vitamin-C.png, https://www.psychoskull.co.za/wp-content/uploads/2020/07/VITAMIN-C-NI-Panel.jpg",,0,instock
simple,6009708967473,Nutritech – Zinc Tabs,1,0,visible,"Daily wellness supplement to compliment ythis lifestyle.

Available at Elvare Group with fast, reliable delivery across South Africa.","Necessary for normal immune system function, cell division, contributes to normal skin structure, acid-base metabolism, carbohydrate metabolism, cognitive function, DNA synthesis, fertility and reproduction, micronutrient metabolism, fatty acid metabolism, metabolism of Vit A, protein synthesis, normal taste & smell,  maintenance of normal bones, hair & skin, testosterone levels in blood, normal vision, protection cells from oxidative stress, cell division, constituent of insulin & many vital enzymes, to preserve normal Vit E levels in blood and increase the absorption of Vitamin A.

Available at Elvare Group with fast, reliable delivery across South Africa.",taxable,1,,0,0,75.00,,"Health & Recovery, Vitatech","https://www.psychoskull.co.za/wp-content/uploads/2020/07/Psycho-Skull-Nutritech-Vitatech-Zinc.png, https://www.psychoskull.co.za/wp-content/uploads/2020/07/Zinc-NI-Panel.jpg",,0,instock
simple,,UPA – Cardarine,1,0,visible,"Cardarine by UPA. A premium supplement formulated for optimal results. Available at Elvare Group with fast, reliable delivery across South Africa.","Cardarine by UPA. A premium supplement formulated for optimal results. Available at Elvare Group with fast, reliable delivery across South Africa.",taxable,1,,0,0,445.00,,"U.P.A, Performance",https://www.psychoskull.co.za/wp-content/uploads/2021/06/Psycho-Skull-SARMS-UPA-Cardarine.png,,0,instock
simple,,UPA – Ostarine,1,0,visible,"Ostarine by UPA. A premium supplement formulated for optimal results. Available at Elvare Group with fast, reliable delivery across South Africa.","Ostarine by UPA. A premium supplement formulated for optimal results. Available at Elvare Group with fast, reliable delivery across South Africa.",taxable,1,,0,0,445.00,,"U.P.A, Performance",https://www.psychoskull.co.za/wp-content/uploads/2021/06/Psycho-Skull-SARMS-UPA-Ostarine.png,,0,instock
simple,,UPA – Nutrobal 10mg,1,0,visible,"Nutrobal 10mg by UPA. A premium supplement formulated for optimal results. Available at Elvare Group with fast, reliable delivery across South Africa.","Nutrobal 10mg by UPA. A premium supplement formulated for optimal results. Available at Elvare Group with fast, reliable delivery across South Africa.",taxable,1,,0,0,495.00,,"U.P.A, Performance",https://www.psychoskull.co.za/wp-content/uploads/2021/06/Psycho-Skull-SARMS-UPA-Nutrobol.png,,0,instock
simple,,UPA – Anabolicum-LGD 10mg,1,0,visible,"Anabolicum-LGD 10mg by UPA. A premium supplement formulated for optimal results. Available at Elvare Group with fast, reliable delivery across South Africa.","Anabolicum-LGD 10mg by UPA. A premium supplement formulated for optimal results. Available at Elvare Group with fast, reliable delivery across South Africa.",taxable,1,,0,0,475.00,,U.P.A,https://www.psychoskull.co.za/wp-content/uploads/2021/06/Psycho-Skull-SARMS-UPA-Anabolicum.png,,0,instock
simple,,UPA – Testolone 10mg,1,0,visible,"Testolone 10mg by UPA. A premium supplement formulated for optimal results. Available at Elvare Group with fast, reliable delivery across South Africa.","Testolone 10mg by UPA. A premium supplement formulated for optimal results. Available at Elvare Group with fast, reliable delivery across South Africa.",taxable,1,,0,0,455.00,,"U.P.A, Performance",https://www.psychoskull.co.za/wp-content/uploads/2021/06/Psycho-Skull-SARMS-UPA-Testolone.png,,0,instock
simple,,TNT – Napalm,1,0,visible,"Nootropic Infused, high stimulant pre workout.","HARDCORE PRE-WORKOUT IGNITER

TYPICAL NUTRITIONAL INFORMATION

Servings Per Container: 20 / 40

Double Scoop
Single Scoop

Per 100 g
Per 35 g
Per 17,5 g
% NRV*

Energy
1306,6 kj
457,3 kj
228,6 kj

Protein
0,0 g
0,0 g
0,0 g
0%

Total Carbohydrates
4,57 g
1,6 g
0,8 g

  Of Which Sugars
0,0 g
0,0 g
0,0 g

Total Fibre
0,0 g
0,0 g
0,0 g

Sodium
1543 mg
540mg
270  mg

L-Citrulline DL-Malate 2:1 (L-Citrulline DL-Malate)

8000,0 mg
4000,0 mg

Creatine Monohydrate

5000,0 mg
2500,0 mg

Beta Alanine (3-Aminopropanoic acid)

3200,0 mg
1600,0 mg

L-Leucine ((25)-2-Amino-4-methylpentanoic acid)

3000,0 mg
1500,0 mg

Betaine Anhydrous (Trimethylglycine)

3000,0 mg
1500,0 mg

Taurine (2-Aminoethanesulfonic acid)

2500,0 mg
1250,0 mg

Alpha GPC (Alphasize) 50%

1200,0 mg
600,0 mg

(L-Alpha-glycerylphosphorylcholine)

Pink Himalayan Salt

1000,0 mg
500,0 mg

  (of which elemental) – 385mg per 35g serving

L-Tyrosine ((2S)-2-Amino-3-(4-hydroxyphenyl)

1000,0 mg
500,0 mg

propanoic acid)

Nicotinamide (Vitamin B3)

500,0 mg
250,0 mg

Caffeine Anhydrous (1,3,7-Trimethylxanthine)

400,0 mg
200,0 mg

Vitamin B6 (Pyridoxine hydrochloride /

70,0 mg
35,0 mg

Pyridoxal-5′-phosphate)

BioPerine (Piper nigrum extract (piperine))

10,0 mg
5,0 mg

Rauwolscine (Rauvolfia vomitoria root extract)

5,0 mg
2,5 mg

Huperzine A 1% (Huperzia serrata extract)

300 mcg
150 mcg

Vitamin B12 (Methylcobalamin)

100 mcg
50 mcg

*Nutrient Reference Values (NRVs) for individuals 4 years and older.

Available at Elvare Group with fast, reliable delivery across South Africa.",taxable,1,,0,0,525.00,,"Pre Workout, TNT Mercury","https://www.psychoskull.co.za/wp-content/uploads/2020/06/Napalm-PRE-Web-Front-Lid-1000x1000-1.webp, https://www.psychoskull.co.za/wp-content/uploads/2020/06/Ni-Panel.jpg",,0,instock
simple,,NPL – Vaso Pump 300g,1,0,visible,"STIMULANT FREE PRE-WORKOUT

- Stimulant Free

- Aids in Mental Focus

- Increase Muscle Pumps

- Increase Strength and Power

- Zero Carbs

- Zero Crash

Available at Elvare Group with fast, reliable delivery across South Africa.","FULLY LOADED WITH Potent INGREDIENTS TO TAKE YOUR WORKOUT TO THE NEXT LEVEL. VASO PUMP IS A HIGH IMPACT PRE-WORKOUT WITH ZERO CAFFEINE, Formulated to ENHANCE NITRIC OXIDE PRODUCTION, BOOSTING MUSCLE PUMP AND ENDURANCE, AS WELL AS INCREASING POWER

OUTPUT AND STRENGTH. TRAINING LATER IN THE EVENING SHOULD NOT STOP YOU FROM MAXIMIZING YThis WORKOUT, THIS FORMULATION HAS BEEN CREATED TO ACCELERATE PERFORMANCE, ENDURANCE AND POWER OUTPUT WHILE BOOSTING MENTAL FOCUS AND CONCENTRATION.

Available at Elvare Group with fast, reliable delivery across South Africa.",taxable,1,,0,0,420.00,,"Pre Workout, NPL",https://www.psychoskull.co.za/wp-content/uploads/2020/06/Psycho-Skull-NPL-Vaso-Pump-1.png,,0,instock
simple,6009879963069,NPL – GABA,1,0,visible,"GAMMA-AMINO BUTYRIC ACID

- 100% Pure

- Bolsters Fat Loss

- Increases Lean Muscle Mass

- Improves Sleep

- Supports Natural Growth Hormone Production

- Unflavoured

Available at Elvare Group with fast, reliable delivery across South Africa.","Description
HOW IT WORKS

Supplementing with GABA may assist with fat loss by boosting the production of hormones that help build lean muscle and burn fat. GABA is ideal for individuals seeking a more restful sleep, relaxation and balanced mood by supporting the nervous system and natural hormone production of the body. WHO SHOULD USE IT

GABA is ideal for both men and women, looking to improve sleep, amplify fat loss and prevent lean muscle breakdown. FULLY DISCLOSED FORMULA

NPL follows a non-proprietary blend policy, whereby we disclose all ingredients on this labels. This products are independently tested at random to ensure customer peace of mind. Consumer satisfaction and ensuring that Elvare Group provide products of the highest quality, is extremely important to us at NPL and we will never compromise on this. Elvare Group refuse to cut corners when providing the best supplements; supplements and nutrition that set the standard and most importantly, produce results.

Available at Elvare Group with fast, reliable delivery across South Africa.",taxable,1,,0,0,255.00,,"NPL, Health & Recovery",https://www.psychoskull.co.za/wp-content/uploads/2020/01/Psycho-Skull-NPL-GABA.png,,0,instock
simple,6009708881359,NPL – SHAPE & TONE,1,0,visible,"Stimulant Free Weight Management System

- Natural Energy

- Weight Loss Support

- Mental Focus

Available at Elvare Group with fast, reliable delivery across South Africa.","24 HOUR STIMULANT FREE BODY TONER THAT WORKS AROUND THE CLOCK. SHAPE & TONE IS STIMULANT FREE AND CONTAINS NATURAL ACTIVE INGREDIENTS THAT WORK SYNERGISTICALLY TO PROMOTE FAT METABOLISM AS WELL AS REDUCE STRESS AND FATIGUE

SHAPE & TONE IS A STIMULANT FREE 24-HThis WEIGHT MANAGEMENT SYSTEM THAT WILL ASSIST YOU IN BREAKING THROUGH YOUR WEIGHT LOSS PLATEAU.

Available at Elvare Group with fast, reliable delivery across South Africa.",taxable,1,,0,0,340.00,,"Fat Burners, NPL",https://www.psychoskull.co.za/wp-content/uploads/2020/01/Psycho-Skull-NPL-Shape-n-Tone.png,,0,instock
simple,6009679915886,SSA – ZMA 90 Caps,1,0,visible,"ZMA 90 Caps by SSA. A premium supplement formulated for optimal results. Available at Elvare Group with fast, reliable delivery across South Africa.","ZMA is a powerful blend of zinc, magnesium and vitamin B6 that is known to give you a real boost in testosterone that will help improve ythis performance in the gym and in sport. These benefits include:

Muscle growth

Strength enhancement

Improved endurance

Faster recovery

Better quality of sleep

The 3 super ingredients found in this ZMA play the following role:

Zinc: An absolutely essential mineral that your body uses for metabolism, digestion, immunity and other areas of your well-being, particularly that of testosterone production. Magnesium: This mineral plays an essential role in energy creation, muscle and nerve function and improving sleep. Vitamin B6: Is needed for activating neurotransmitters and boosting nutrient metabolism. Once you start taking this potent product you can expect to see a boost in ythis muscle growth and performance. DIRECTIONS

Take 3 capsules before bedtime

Disclaimer

Seek advice from a health care professional before use if you have any pre-existing medical condition. Do not use if you are pregnant or nursing, or if you are being treated for heart disease or high blood pressure. Should not be used in conjunction with any prescription medication, including MAO inhibitors, stimulants or anti-depressants. Discontinue use and consult ythis doctor if any adverse reactions occur. KEEP OUT OF REACH OF CHILDREN.

Available at Elvare Group with fast, reliable delivery across South Africa.",taxable,0,,0,0,200.00,,"SSA, Aminos","https://www.psychoskull.co.za/wp-content/uploads/2019/11/Psycho-Skull-SSA-ZMA-90-Caps.png, https://www.psychoskull.co.za/wp-content/uploads/2019/11/ZMA.jpg",,0,outofstock
simple,,SSA – Premium Whey 908g,1,0,visible,"- Increased protein synthesis by 68%

- Stimulation of muscle growth

- Improved recovery and immune system bolster by increasing anabolic levels and decreasing catabolic levels

- Reduction of inflammation

- Production of cholecystokinin, a diet aid and efficient fat burner

Available at Elvare Group with fast, reliable delivery across South Africa.","A fundamental component of the SSA Core Series, SSA Pure Whey is a great tasting protein that has the wide range of benefits that you can come to expect from a whey protein of the highest quality. This blend of whey isolate, whey hydrolysate and whey concentrate creates the optimal amino uptake profile and the following additional benefits:

- Increased protein synthesis by 68%

- Stimulation of muscle growth

- Improved recovery and immune system support by increasing anabolic levels and decreasing catabolic levels

- Reduction of inflammation

- Production of cholecystokinin, a diet aid and efficient fat burner

Furthermore, this blend of whey contains an efficient dose of digestive enzymes. This potent combination would be a core product for any athlete and fitness enthusiast looking to make consistent progress. DIRECTIONS

- Take 2 rounded scoops in 200ml of water or milk

- Consume 1-3 times daily

Disclaimer
Seek advice from a health care professional before use if you have any pre-existing medical condition. Do not use if you are pregnant or nursing, or if you are being treated for heart disease or high blood pressure. Should not be used in conjunction with any prescription medication, including MAO inhibitors, stimulants or anti-depressants. Discontinue use and consult ythis doctor if any adverse reactions occur. KEEP OUT OF REACH OF CHILDREN.

Available at Elvare Group with fast, reliable delivery across South Africa.",taxable,1,,0,0,620.00,,"SSA, Protein","https://www.psychoskull.co.za/wp-content/uploads/2019/11/Psycho-Skull-SSA-Premium-Whey-908g.png, https://www.psychoskull.co.za/wp-content/uploads/2019/11/SSA_Pure_Whey_905g_nutrifacts.png",,0,instock
simple,6009679915831,SSA – Cramp Control 60 Caps,1,0,visible,"Cramp Control 60 Caps by SSA. A premium supplement formulated for optimal results. Available at Elvare Group with fast, reliable delivery across South Africa.","SSA Cramp Control is cramp relief formula, the ingredient of which is an extract from the   Maritime pine tree grown in an area in the southwest of France – commonly referred to as pine bark extract. This supplement has been shown to alleviate cramps by improving the blood flow in the body and particularly in areas that are experiencing trauma. SSA has received great feedback from the use of This supplement from its provincial and national level sponsored rugby players. It also improves overall fluid circulation in the body, thereby making sure that the entire body receives adequate relief in areas where fluid retention is likely to occur. Additionally, physical performance in strength and endurance athletes is also greatly improved due to the nitric oxide release benefits provided by pine bark extract. Extra benefits include:

- Stimulation to the immune system

- Prevention of infections

- Potent antioxidant effects

SSA Cramp Control is an extremely useful tool for athletes who suffer from the inhibiting effects of cramping and fluid retention, and indeed for those who suffer from night cramps and old age-related cramping. DIRECTIONS

- Take 1-2 capsules before training or bedtime

Disclaimer
Seek advice from a health care professional before use if you have any pre-existing medical condition. Do not use if you are pregnant or nursing, or if you are being treated for heart disease or high blood pressure. Should not be used in conjunction with any prescription medication, including MAO inhibitors, stimulants or anti-depressants. Discontinue use and consult ythis doctor if any adverse reactions occur. KEEP OUT OF REACH OF CHILDREN.

Available at Elvare Group with fast, reliable delivery across South Africa.",taxable,0,,0,0,210.00,,"SSA, Health & Recovery","https://www.psychoskull.co.za/wp-content/uploads/2024/06/Cramp-Control-BOGO.png, https://www.psychoskull.co.za/wp-content/uploads/2019/11/SSA_Cramp_Control_60_Caps_nutrifacts.png",,0,outofstock
simple,6009679915404,SSA – Testoblast 120 Caps,1,0,visible,"- Dramatic increases in muscle strength

- A notable reduction in cholesterol. - When taken at night, it leads to a deeper and more restful sleep. - Faster muscle recovery time.

Available at Elvare Group with fast, reliable delivery across South Africa.","Along with the already potent effects of the ZMA component, SSA TestoBlast combines the potent testosterone booster, tribulus terrestris. Tribulus terrestris is a plant with an extract that has been shown to:

- Boost testosterone levels

- Increase sex drive. The ingredients in this single combined product are exponentially compounded and result in the following:

- Increased stimulation of the luteinizing hormone which in turn aids in the body produce testosterone. - An overall increase in the body’s natural testosterone levels by up to 83%. This gives ythis testosterone levels a boost of up to 2-3 times that of the average man

- Dramatic increases in muscle strength

- A notable reduction in cholesterol. - When taken at night, it leads to a deeper and more restful sleep. - Faster muscle recovery time. This extremely potent product is a must have when looking to add that extra edge to ythis training. DIRECTIONS

- Take 4 Capsules in the morning &/or before bedtime

Disclaimer
Seek advice from a health care professional before use if you have any pre-existing medical condition. Do not use if you are pregnant or nursing, or if you are being treated for heart disease or high blood pressure. Should not be used in conjunction with any prescription medication, including MAO inhibitors, stimulants or anti-depressants. Discontinue use and consult ythis doctor if any adverse reactions occur. KEEP OUT OF REACH OF CHILDREN.

Available at Elvare Group with fast, reliable delivery across South Africa.",taxable,1,,0,0,220.00,,"SSA, Performance","https://www.psychoskull.co.za/wp-content/uploads/2019/11/Psycho-Skull-SSA-Testo-Blast-120-Caps.png, https://www.psychoskull.co.za/wp-content/uploads/2019/11/SSA_TestoBlast_120_Caps_nutrifacts.png",,0,instock
simple,6009679915411,SSA – Testoblast 60 Caps,1,0,visible,"- Dramatic increases in muscle strength

- A notable reduction in cholesterol. - When taken at night, it leads to a deeper and more restful sleep. - Faster muscle recovery time.

Available at Elvare Group with fast, reliable delivery across South Africa.","Along with the already potent effects of the ZMA component, SSA TestoBlast combines the potent testosterone booster, tribulus terrestris. Tribulus terrestris is a plant with an extract that has been shown to:

- Boost testosterone levels

- Increase sex drive. The ingredients in this single combined product are exponentially compounded and result in the following:

- Increased stimulation of the luteinizing hormone which in turn aids in the body produce testosterone. - An overall increase in the body’s natural testosterone levels by up to 83%. This gives ythis testosterone levels a boost of up to 2-3 times that of the average man

- Dramatic increases in muscle strength

- A notable reduction in cholesterol. - When taken at night, it leads to a deeper and more restful sleep. - Faster muscle recovery time. This extremely potent product is a must have when looking to add that extra edge to ythis training. DIRECTIONS

- Take 4 Capsules in the morning &/or before bedtime

Disclaimer
Seek advice from a health care professional before use if you have any pre-existing medical condition. Do not use if you are pregnant or nursing, or if you are being treated for heart disease or high blood pressure. Should not be used in conjunction with any prescription medication, including MAO inhibitors, stimulants or anti-depressants. Discontinue use and consult ythis doctor if any adverse reactions occur. KEEP OUT OF REACH OF CHILDREN.

Available at Elvare Group with fast, reliable delivery across South Africa.",taxable,1,,0,0,115.00,,"SSA, Performance","https://www.psychoskull.co.za/wp-content/uploads/2019/11/Psycho-Skull-SSA-Testo-Blast-60-Caps.png, https://www.psychoskull.co.za/wp-content/uploads/2019/11/SSA_TestoBlast_60_Caps_Nutrifacts-1.png",,0,instock
simple,,SSA – Hellfire 120g,1,0,visible,Extreme Energy & Focus Bolster Formula,"SSA’s ultimate pre-workout cocktail, Hellfire, is a mind-blowing energy stimulator that will give even experienced lifters the most focused and intense workouts. Hellfire has been formulated with cutting edge pre-workout ingredients and has two main components to its recipe:

- A strength and performance enhancing component that includes a powerful concentration on beta-alanine and creatine

- A NeuroStim Energy Complex with ingredients such as caffeine Anhydrous and Advantra-Z to ensure that ythis energy levels and focus abilities are razor sharp for the most intense of workouts. With this blend of pre-workout perfection, you are guaranteed to experience:

- Insane muscle pumps

- Explosive energy levels

- Increased recovery between sets

- Plateau breaking strength

- Laser accurate mental concentration

SSA Hellfire is the pinnacle of pre-workouts and will take ythis training sessions to another level. DIRECTIONS

- Take 2-4 level scoops in 250ml – 500ml of water

- Consume 15 – 30 minutes before ythis workout

Disclaimer
Seek advice from a health care professional before use if you have any pre-existing medical condition. Do not use if you are pregnant or nursing, or if you are being treated for heart disease or high blood pressure. Should not be used in conjunction with any prescription medication, including MAO inhibitors, stimulants or anti-depressants. Discontinue use and consult ythis doctor if any adverse reactions occur. KEEP OUT OF REACH OF CHILDREN. Features CAFFEINE. ATTENTION: Features A WADA PROHIBITED SUBSTANCE. NOT RECOMMENDED FOR PROFESSIONAL ATHLETES

Available at Elvare Group with fast, reliable delivery across South Africa.",taxable,1,,0,0,175.00,,"SSA, Pre Workout","https://www.psychoskull.co.za/wp-content/uploads/2019/11/Psycho-Skull-SSA-Hellfire-120g.png, https://www.psychoskull.co.za/wp-content/uploads/2019/11/SSA_HellFire_120g_Nutrifacts.png",,0,instock
simple,,SSA – Hellfire 240g,1,0,visible,Extreme Energy & Focus Bolster Formula,"SSA’s ultimate pre-workout cocktail, Hellfire, is a mind-blowing energy stimulator that will give even experienced lifters the most focused and intense workouts. Hellfire has been formulated with cutting edge pre-workout ingredients and has two main components to its recipe:

- A strength and performance enhancing component that includes a powerful concentration on beta-alanine and creatine

- A NeuroStim Energy Complex with ingredients such as caffeine Anhydrous and Advantra-Z to ensure that ythis energy levels and focus abilities are razor sharp for the most intense of workouts. With this blend of pre-workout perfection, you are guaranteed to experience:

- Insane muscle pumps

- Explosive energy levels

- Increased recovery between sets

- Plateau breaking strength

- Laser accurate mental concentration

SSA Hellfire is the pinnacle of pre-workouts and will take ythis training sessions to another level. DIRECTIONS

- Take 2-4 level scoops in 250ml – 500ml of water

- Consume 15 – 30 minutes before ythis workout

Disclaimer
Seek advice from a health care professional before use if you have any pre-existing medical condition. Do not use if you are pregnant or nursing, or if you are being treated for heart disease or high blood pressure. Should not be used in conjunction with any prescription medication, including MAO inhibitors, stimulants or anti-depressants. Discontinue use and consult ythis doctor if any adverse reactions occur. KEEP OUT OF REACH OF CHILDREN. Features CAFFEINE. ATTENTION: Features A WADA PROHIBITED SUBSTANCE. NOT RECOMMENDED FOR PROFESSIONAL ATHLETES

Available at Elvare Group with fast, reliable delivery across South Africa.",taxable,1,,0,0,305.00,,"SSA, Pre Workout","https://www.psychoskull.co.za/wp-content/uploads/2024/06/Psycho-Skull-SSA-NEW-Hellfire-Original.png, https://www.psychoskull.co.za/wp-content/uploads/2019/11/SSA_HellFire_240g_nutrifacts.png",,0,instock
simple,6009679915602,SSA – Alpha Nitrox 100 Caps,1,0,visible,"Alpha Nitrox 100 Caps by SSA. A premium supplement formulated for optimal results. Available at Elvare Group with fast, reliable delivery across South Africa.","There has been a large shift in the fitness industry from regular pre-workouts to stimulant free ones. So, for those of you who are sensitive to stimulants, but still want a good kicker when it comes to pre-workout energy and focus and a strong pump activator, SSA Alpha Nitrox is the product for you. Alpha Nitrox is chock full of extremely powerful ingredients that scientific research has shown to greatly increase ythis performance in the gym and help take your training up a notch or two. Arginine HCL and agmatine sulphate are two nitric oxide ingredients, while citrulline malate actually manufactures nitric oxide in the body. Vanadyl sulphate is a little known but most potent insulin stimulator which serves to push glycogen into the muscles to help maximize the pump. As a result, the benefits you can experience from a concentrated dose of these 2 super ingredients in Alpha Nitrox are:

- Reductions in Lactic Acid and Ammonia Buildup

- Delay in muscular fatigue

- Considerable production of Nitric Oxide

- Increased strength and performance during training

- Extreme muscle pumps

So, if you’re looking for a superb stimulant free pre-workout, look no further. DIRECTIONS

- Take 4 Capsules 30 minutes before ythis workout. Disclaimer
Seek advice from a health care professional before use if you have any pre-existing medical condition. Do not use if you are pregnant or nursing, or if you are being treated for heart disease or high blood pressure. Should not be used in conjunction with any prescription medication, including MAO inhibitors, stimulants or anti-depressants. Discontinue use and consult ythis doctor if any adverse reactions occur. KEEP OUT OF REACH OF CHILDREN.

Available at Elvare Group with fast, reliable delivery across South Africa.",taxable,0,,0,0,220.00,,SSA,"https://www.psychoskull.co.za/wp-content/uploads/2019/11/Psycho-Skull-SSA-Alpha-Nitrox-100-Caps.png, https://www.psychoskull.co.za/wp-content/uploads/2019/11/SSA_Alpha_Nitrox_100_Caps_nutrifacts.png",,0,outofstock
simple,6009679915855,SSA – Liver Support 90 Caps,1,0,visible,"Liver Support 90 Caps by SSA. A premium supplement formulated for optimal results. Available at Elvare Group with fast, reliable delivery across South Africa.","With a concentrated dose of prunella vulgaris and milk thistle, SSA Liver bolster is an all-encompassing liver cleansing and protection system. A liver bolster product is valuable to protect against the ravages of modern-day life such as alcohol and fast food, and serious gym junkies seeking to build muscle also need to help their liver process the extra protein consumed. Prunella vulgaris is a traditional Chinese herb that is known to remove heat from the liver while simultaneously protecting it. In addition, it doubles as an estrogen blocker. Milk thistle is a world-renowned substance that has been the go-to for anyone who has sought after liver health improvements and protection from liver damage and liver cancer. It’s also used to protect the liver against harmful, and even deadly, toxins that Elvare Group may ingest on a day-to-day basis. Studies have shown radical improvements in liver function in people with liver diseases who have taken a milk thistle supplement, demonstrating its effectiveness at reducing liver inflammation and liver damage.

Available at Elvare Group with fast, reliable delivery across South Africa.",taxable,1,,0,0,210.00,,"SSA, Health & Recovery","https://www.psychoskull.co.za/wp-content/uploads/2019/11/Psycho-Skull-SSA-Liver-Support.png, https://www.psychoskull.co.za/wp-content/uploads/2019/11/SSA_Liver_Support_90_Caps_nutrifacts.png",,0,instock
simple,,SSA – Anabolic Muscle Stack 908g Bag,1,0,visible,"- Extreme gains in muscular development and hypertrophy

- Insane boosts in strength and power

- Considerable rises in testosterone and anabolism

- Near instantaneous muscle recovery

Available at Elvare Group with fast, reliable delivery across South Africa.","SSA Anabolic Muscle is the next revolutionary step in mass gainers. This extremely potent mass gainer possesses the complete formula needed for you to add ridiculous size ythis physique. This unique blend of quality carbs and proteins along with the infusion of Tribulus Terrestris and Creatine will deliver that all muscle and strength pursuits in and around the gym are met with optimal results. You can expect the following from this remarkable muscle boosting shake:

- Extreme gains in muscular development and hypertrophy

- Insane boosts in strength and power

- Considerable rises in testosterone and anabolism

- Near instantaneous muscle recovery

From newbies to advanced lifters, this mass gainer is an epic addition for those seeking to pack on the pounds. DIRECTIONS

- Take 1-3 rounded scoops with 200ml-600ml of water or milk

- Consume 2-3 times daily

Disclaimer
Seek advice from a health care professional before use if you have any pre-existing medical condition. Do not use if you are pregnant or nursing, or if you are being treated for heart disease or high blood pressure. Should not be used in conjunction with any prescription medication, including MAO inhibitors, stimulants or anti-depressants. Discontinue use and consult ythis doctor if any adverse reactions occur. KEEP OUT OF REACH OF CHILDREN.

Available at Elvare Group with fast, reliable delivery across South Africa.",taxable,1,,0,0,155.00,,"SSA, Stacks, Accessories, Protein","https://www.psychoskull.co.za/wp-content/uploads/2022/03/Psycho-Skull-SSA-Anabolic-Muscle-1kg-New.png, https://www.psychoskull.co.za/wp-content/uploads/2019/11/SSA_Anabolic_Muscle_Nutrifacts_8950e4ae-f6c5-4c61-b707-ce06e9d93714.png",,0,instock
simple,,Nutritech – CASEIN 6HRS +,1,0,visible,"CASEIN 6HRS + by Nutritech. A premium supplement formulated for optimal results. Available at Elvare Group with fast, reliable delivery across South Africa.","ANTI-CATABOLIC
TIMED RELEASE PROTEIN

NUTRITECH CASEIN SLOW RELEASE has been specifically formulated as a slow releasing protein, taking from 6 – 8 hours to digest, with a complete amino acid complex to help fuel recovery and feed ythis muscles while you sleep. Loaded with protein, BCAAs, Glutamine and precursors. THE LOWDOWN
CASEIN PROTEIN
NUTRITECH CASEIN SLOW RELEASE is formulated from a specifically treated micro-fraction form Calcium Caseinate with potent anti-catabolic properties. Calcium Caseinate is a protein derived from the Casein in milk, taking longer to breakdown as opposed to Whey (instantized form of protein) and other proteins. This makes Calcium Caseinate the ideal choice for before bed or when you are going to go for extended periods of time with little or no protein. NUTRITECH CASEIN SLOW RELEASE promotes a positive Nitrogen balance in ythis body, allowing for optimized muscle repair and growth. Train Harder. Recover Quicker. Achieve Faster. THE LOWDOWN

BCAA ABSORPTION

NUTRITECH CASEIN SLOW RELEASE delivers a slow, timed and sustained release of essential amino acids to aid recovering muscles. The slower digestion of Casein Protein is as a result of its natural pH sensitivity to the low pH levels in the stomach.

Available at Elvare Group with fast, reliable delivery across South Africa.",taxable,1,,0,0,525.00,,"Nutritech, Protein","https://www.psychoskull.co.za/wp-content/uploads/2019/07/Psycho-Skull-Nutritech-New-Casein-Protein-Slow-Release.png, https://www.psychoskull.co.za/wp-content/uploads/2019/07/Casein-NI-Panel.jpg",,0,instock
simple,,NPL – Carni Lean Liquid 5000,1,0,visible,"L-CARNITINE FAT BURNER WITH COLLAGEN

- Concentrated Weight Management Liquid

- Appetite Suppressant

- Improve Skin Elasticity

- Zero Carbs

- Zero Sugar

- Features Collagen and Grapefruit Extract

Available at Elvare Group with fast, reliable delivery across South Africa.","THE POWER OF COLLAGEN AND L-CARNITINE FOR WEIGHT MANAGEMENT AND HEALTHY LOOKING SKIN. HIGHLY CONCENTRATED LIQUID THAT COMBINES THE LIPOTROPIC PROPERTIES OF L-CARNITINE, WITH THE POTENT SKIN AND TISSUE REGENERATION AND NOURISHMENT PROPERTIES OF COLLAGEN AND GRAPEFRUIT EXTRACT. CARNI LEAN COMBINES L-CARNITINE, GRAPEFRUIT EXTRACT AND GARCINIA CAMBOGIA TO Optimise your SKIN’S ELASTICITY, BOOST METABOLISM, STRENGTHEN HAIR AND JOINTS, AND PROTECT YOUR CARDIOVASCULAR HEALTH.

Available at Elvare Group with fast, reliable delivery across South Africa.",taxable,1,,0,0,315.00,,NPL,https://www.psychoskull.co.za/wp-content/uploads/2019/07/Psycho-Skull-NPL-Carni-Lean.png,,0,instock
simple,6009708880710,NPL – Water Cuts,1,0,visible,"ELECTROLYTE BALANCED DIURETIC

- Reduced Bloating

- Hydro Diuretic Complex

- Rapid Water Loss

- Muscle Definition

Available at Elvare Group with fast, reliable delivery across South Africa.","FAST ACTING NATURAL DIURETIC TO REMOVE EXCESSS WATER TO ACHIEVE A GREAT SHRED AND CUT. WATER CUTS IS A UNIQUE ALL-NATURAL DIURETIC THAT Incorporates THE MOST COMPREHENSIVE BLEND OF HERBAL EXTRACTS AND INGREDIENTS TO RAPIDLY LOSE WATER AND BLOAT TO REVEAL A LEAN TONED PHYSIQUE. REDUCE THE DREADED WATER BLOAT AND EXPERIENCE RAPID WATER LOSS TO REVEAL MORE MUSCLE DEFINITION.

Available at Elvare Group with fast, reliable delivery across South Africa.",taxable,1,,0,0,295.00,,NPL,https://www.psychoskull.co.za/wp-content/uploads/2019/07/Psycho-Skull-NPL-NEW-Water-Cuts.png,,0,instock
simple,6009879963021,NPL – Maltodextrin,1,0,visible,"COMPLEX CARBOHYDRATES

- 100% PURE

- Post Workout Recovery

- Amplify Muscle Growth

- Unflavoured

Available at Elvare Group with fast, reliable delivery across South Africa.","HOW IT WORKS

MALTODEXTRIN is an easily digestible complex carbohydrate derived from corn starch. It features virtually no protein, fat or fibre and is a rapidly metabolized source of energy for active individuals. Maltodextrin is metabolized at a slow, steady rate and therefore supports sustain energy levels during intense workouts. NPL’s Maltodextrin may also be used in conjunction with NPL’s BCAA 10:1:1 as an INTRA / POST workout. WHO SHOULD USE IT

If you are looking to rapidly improve endurance and increase energy during and after intense training, then Maltodextrin is a must. This supplement is suitable for both men and women. FULLY DISCLOSED FORMULA

NPL follows a non-proprietary blend policy, whereby we disclose all ingredients on this labels. This products are independently tested at random to ensure customer peace of mind. Consumer satisfaction and ensuring that Elvare Group provide products of the highest quality, is extremely important to us at NPL and we will never compromise on this. Elvare Group refuse to cut corners when providing the best supplements; supplements and nutrition that set the standard and most importantly, produce results. Typical Nutritional Information

Serving Size: 2 Level Scoops (Approx. 50g)
Per 100g
Per 50g Serving
% NRV* Per 50g Serving

Energy (kJ)
1536.0 kJ
768.0 kJ
–

Protein (g)
0.0 g
0.0 g
0%

Glycaemic Carbohydrate (g)
96.0 g
48.0 g
–

Of which: Total sugar (g)
16.3 g
8.2 g
–

Total Fat (g)
0.0 g
0.0 g
–

Of which: Saturated Fat (g)
0.0 g
0.0 g
–

Dietary Fibre (g)**
0.0 g
0.0 g
–

Total Sodium (mg)
30.0 mg
15.0 mg
–

Potassium (mg)
0.0 mg
0.0 mg
0%

Calcium (mg)
0.0 mg
0.0 mg
0%

Magnesium (mg)
0.0 mg
0.0 mg
0%

Phosphorous (mg)
0.0 mg
0.0 mg
0%

Maltodextrin (g)
100.0 g
50.0 g
–

* %NRV – Nutrient Reference Values for individuals older than 4 years. Not established

**AOAC 985.29

Ingredients: Malto Dextrin

Storage: To preserve product freshness. Store away from direct sunlight in a cool place (

Allergens: None known. This supplement is manufactured in a facility that uses materials containing milk, wheat, eggs, fish, peanuts, shellfish and tree nuts. (Allergen Control in Place)

Note/Warning: Consult ythis doctor prior to use. Not intended for use by persons under the age of 18. Do not use if you are pregnant r nursing unless prescribed by a sports physician/dietitian. Preserve an adequate state of hydration while using this product.

Available at Elvare Group with fast, reliable delivery across South Africa.",taxable,1,,0,0,235.00,,NPL,https://www.psychoskull.co.za/wp-content/uploads/2019/07/Psycho-Skull-NPL-Malto-Dextrin.png,,0,instock
simple,6009879963052,NPL – Dextrose,1,0,visible,"RAPID ENERGY

- 100% PURE

- Post Workout Recovery

- Amplify Muscle Growth

- Unflavoured

Available at Elvare Group with fast, reliable delivery across South Africa.","HOW IT WORKS

DEXTROSE is a rapidly metabolized source of energy which will rapidly replenish glycogen levels, making it the ideal post-workout supplement. This high glycemic index (GI) of Dextrose, will cause a rapid spike in ythis insulin levels, driving nutrients into your cells and aiding in efficient recovery and muscle growth after training. WHO SHOULD USE IT

If you are looking to rapidly increase muscle recovery after training as well as increase muscle growth, Dextrose is essential. This supplement is suitable for both men and women. FULLY DISCLOSED FORMULA

NPL follows a non-proprietary blend policy, whereby we disclose all ingredients on this labels. This products are independently tested at random to ensure customer peace of mind. Consumer satisfaction and ensuring that Elvare Group provide products of the highest quality, is extremely important to us at NPL and we will never compromise on this. Elvare Group refuse to cut corners when providing the best supplements; supplements and nutrition that set the standard and most importantly, produce results.

Available at Elvare Group with fast, reliable delivery across South Africa.",taxable,1,,0,0,265.00,,NPL,https://www.psychoskull.co.za/wp-content/uploads/2019/07/Psycho-Skull-NPL-Dextrose.png,,0,instock
simple,,NPL – Micellar Casein,1,0,visible,"NPL’s Casein Night Time Protein provides 22 g of premium-grade, slow release protein in each serving. Casein offers a steady stream of amino acids to muscle cells for up to seven hours

Available at Elvare Group with fast, reliable delivery across South Africa.","SLOW-RELEASE NIGHT TIME PROTEIN

NPL’s Casein Night Time Protein provides 22 g of premium-grade, slow release protein in each serving. Casein offers a steady stream of amino acids to muscle cells for up to seven hours. This ensures positive nitrogen retention for much longer periods compared to that of whey protein. Casein is best used in the evening allowing for extended protein absorption and steady protein synthesis. Features and benefits:

22g protein per serving

5 000 mg L-glutamine for improved recovery. Slow-release protein source. Encourages greater muscle and strength development. Creates positive nitrogen retention and encourages an optimal anabolic environment.

Available at Elvare Group with fast, reliable delivery across South Africa.",taxable,1,,0,0,620.00,,"NPL, Protein",https://www.psychoskull.co.za/wp-content/uploads/2019/03/Psycho-Skull-NPL-New-Casein.png,,0,instock
simple,,NPL – PRO GAINS 1kg,1,0,visible,"Pro-gains contains 50 grams of premium-grade protein, ensuring optimised nitrogen retention through a multi-stage protein release mechanism.

Available at Elvare Group with fast, reliable delivery across South Africa.","PREMIUM MASS GAINER

NPL’s Pro-Gains is a premium sports supplement formulated to encourage muscle hypertrophy. Pro-gains is a high protein shake, complete with complex carbohydrates, designed for individuals seeking to maximise lean muscle gains. Pro-gains contains 50 grams of premium-grade protein, ensuring optimised nitrogen retention through a multi-stage protein release mechanism. This system encourages lean muscle mass, strength gains, and enhances muscle recovery. A precise ratio of fast digesting whey protein isolate, whey protein hydrolysate, and whey protein concentrate has been included for rapid amino acid uptake. Calcium caseinate, soy protein isolate, and egg albumin provide a slower release of amino acids to create the optimal anabolic environment for muscle hypertrophy and recovery. Pro-Gains ensures rapid post-workout muscle glycogen replacement for optimal muscle recovery. In addition, Pro-Gains offers a sustained energy release by utilising a multi-stage carbohydrate release system to assist with lean mass gains. Furthermore, Pro-gains offers 10 grams of naturally occurring BCAAs and 10 grams of L-glutamine which have been shown to aid in protein synthesis, decrease the rate of protein breakdown, and assist with muscle recovery. Features and benefits:

50g protein per serving

82g Carbohydrates per serving

7 Protein sources (Whey protein concentrate, isolate, and hydrolysate, soy protein isolate, milk protein, egg albumen, and calcium caseinate). Multi-stage release. Added BCAA’s and L-glutamine. Amplify strength and performance.

Available at Elvare Group with fast, reliable delivery across South Africa.",taxable,1,,0,0,305.00,,NPL,https://www.psychoskull.co.za/wp-content/uploads/2019/03/Psycho-Skull-NPL-Pro-Gains-1kg.png,,0,instock
simple,6009879963076,NPL – Beta Alanine,1,0,visible,"ALL NATURAL AMINO ACID

- 100% Pure

- Muscular Endurance

- Workout Performance

- Train Harder for Longer

- Unflavoured

Available at Elvare Group with fast, reliable delivery across South Africa.","Description
HOW IT WORKS

BETA ALANINE is an all-natural amino acid that has been scientifically proven to encourage increased power output and anaerobic endurance during training. Beta Alanine aids in you train harder for longer. Research studies have shown that Beta Alanine supplementation can not only boost performance, but also bolster an increase in lean muscle mass. The NPL Pure Series brings only pure, high quality, single ingredients together to further enhance ythis training results. Every product is of the absolute highest quality guaranteed and is backed by compelling scientifically proven data or research to warrant it. Pure Series ingredients are made of the very finest pharmaceutical grade components and can be used by adding to ythis daily nutritional intake or as standalone product for nutritional support. Pure Series ingredients are made of the finest pharmaceutical grade components and can be used by adding to ythis daily nutritional intake or as a standalone product for nutritional support. WHO SHOULD USE IT

Beta Alanine is ideal for both men and women, looking to improve their workout in order to train harder, for longer. If you are looking to enhance endurance, boost ythis performance and increase your lean muscle mass, then Beta Alanine is essential. FULLY DISCLOSED FORMULA

NPL follows a non-proprietary blend policy, whereby we disclose all ingredients on this labels. This products are independently tested at random to ensure customer peace of mind. Consumer satisfaction and ensuring that Elvare Group provide products of the highest quality, is extremely important to us at NPL and we will never compromise on this. Elvare Group refuse to cut corners when providing the best supplements; supplements and nutrition that set the standard and most importantly, produce results.

Available at Elvare Group with fast, reliable delivery across South Africa.",taxable,0,,0,0,210.00,,"NPL, Aminos",https://www.psychoskull.co.za/wp-content/uploads/2019/03/Psycho-Skull-NPL-Beta-Alanine.png,,0,outofstock
simple,,Hyper Burn,1,0,visible,"Hyper Burn. A premium supplement formulated for optimal results. Available at Elvare Group with fast, reliable delivery across South Africa.","HYPER BURN

Ephedrine and Caffeine work together synergistically. When stacked, the combined effects of Ephedrine, Caffeine and Aspirin are far greater than the sum of their effects when used alone. HYPER BURN assists in increasing weight loss, heightens athletic performance and boosts energy. Ephedrine dosing schedules may vary in relation to body weight and weight loss goals. Do not exceed 75-100mg dosages of Ephedrine in 24 hours. Do not take HYPER BURN on an empty stomach. Preferably take HYPER BURN 45 minutes to 1 hthis before meals, but no more than 3 times per day. When starting out with HYPER BURN, the recommended dosage is one per day, preferably 30 minutes before ythis workout, 30 minutes before breakfast or first thing in the morning. FAT BURNING:

Take one capsule before breakfast, lunch & training. Test ythis tolerance levels first before deciding to take more capsules throughout the day. ENERGY:

Take one or two capsules before training.

Available at Elvare Group with fast, reliable delivery across South Africa.",taxable,0,,0,0,400.00,,Fat Burners,https://www.psychoskull.co.za/wp-content/uploads/2019/03/Psycho-Skull-Hyper-Burn.png,,0,outofstock
simple,,Lipotroxin Fat burner,1,0,visible,"Lipotroxin Fat burner. A premium supplement formulated for optimal results. Available at Elvare Group with fast, reliable delivery across South Africa.","- Buchu Leaf, Couchgrass Rhizome, Hydrangea Root, Uva Ursi Leaf, Dandelion Root, Ephedrea Extract, Vit B6, Magnesium , L-Taurine. - 500mg per tab

- 60 caps

Available at Elvare Group with fast, reliable delivery across South Africa.",taxable,1,,0,0,370.00,,Fat Burners,https://www.psychoskull.co.za/wp-content/uploads/2019/03/Psycho-Skull-Lipotroxin.png,,0,instock
simple,,Beesting Fat Burner,1,0,visible,"Beesting Fat Burner. A premium supplement formulated for optimal results. Available at Elvare Group with fast, reliable delivery across South Africa.","Ingredients:

Yohimbe

Caffeine

Aspirin

Hydroxide Citric Acid

Ephedra (Alkaloids) 550mg

Within minutes of taking them you will feel all the compounds working for you :

• suppresses appetite

• incinerates fat

• explosive energy

• continues to work for 24 hours

Targets female problem areas:

• thighs

• glutes

• stomach

• back of arm

Unlike standard fat-burning formulas, whose effects come and go quickly, these ingredients are active for an extended period of time, which means that the appetite-suppressing and fat-burning effects of Bee Sting continue to work 24 hours allowing you to consistently lose weight around the clock. Bee Sting – ensures a rapid and almost instant uptake of its appetite-suppressing, fat-burning and energy-promoting ingredients. Bee Sting is the only fat burner that offers speed and duration. A quick and rapid onset of its potent fat-burning and energy-promoting effects, combined with a controlled and extended release, will ensure maximum results day and night. No other fat burner is this strong.

Available at Elvare Group with fast, reliable delivery across South Africa.",taxable,1,,0,0,360.00,,Fat Burners,https://www.psychoskull.co.za/wp-content/uploads/2019/03/Psycho-Skull-Beesting-New.png,,0,instock
simple,,Heat Fat Burner,1,0,visible,"Heat Fat Burner. A premium supplement formulated for optimal results. Available at Elvare Group with fast, reliable delivery across South Africa.","S Pharmaceuticals – Heat 60 Capsules

- Appetite & Craving Suppress

- Thermogenic Fat Loss

- Speed Up Metabolism

- Energy & Endurance

- Effects Last Up To 4 Hours

HEAT is a powerful thermogenic enhancer, which burns fat and accelarates ythis metabolism. This awesome combination, enables you to train at peak performance and provides you with the stamina you need to maintain a high level of intensity during ythis workout. HEAT specializes in cutting abdominal and lower body fat. Effectiveness:
This supplement is rated 8.5 out of 10. Safety Warnings:
Warning: KEEP OUT OF REACH OF CHILDREN. Do not exceed the recommended dosage. Do not combine product with other stimulants. This supplement should not be taken by pregnant or nursing women. Not for use by those who have high blood pressure, diabetes, heart, liver or kidney disorders or are taking prescription, medication including MAO inhibitors and over the counter medications. Sport Friendly = No

WARNING FOR PROFESSIONAL ATHLETES:  This supplement CONTAINS STIMULANTS THAT WILL GIVE YOU A UNFAIR ADVANTAGE IN SPORTS COMPETITION. DO NOT USE IF YOU ARE A SUBJECT TO A SPORTS BODY DRUG TEST. THESE STIMULANTS EFFECTS CAN LAST FOR UP TO 6 HOURS AND THEY HAVE A DETECTION TIME OF UP TO 24 HOURS. PRODUCT IS FOR PERSONAL USE BY HEALTHY ADULTS. Directions

Suggested use for training days:Take 1-2 capsules on an empty stomach 40 min before training or exercise. Suggested use for non training days:

Take 1-2 capsules on an empty stomach 40 min before breakfast. DO NOT EXCEED 6  CAPSULES IN ANY 24 HThis PERIOD. IF SENSITIVE TO STIMULANTS, DO NOT TAKE WITHIN 6 HOURS OF SLEEP. INCREASE WATER INTAKE. Stack with other products? Stacks good with Lava, Detox Plus, Anti-Aging, Multivitamin and all other stimulant free products.

Available at Elvare Group with fast, reliable delivery across South Africa.",taxable,1,,0,0,340.00,,Fat Burners,https://www.psychoskull.co.za/wp-content/uploads/2019/03/Psycho-Skull-Heat.png,,0,instock
simple,,Venom Fat burner,1,0,visible,"Venom Fat burner. A premium supplement formulated for optimal results. Available at Elvare Group with fast, reliable delivery across South Africa.","Venom Fat Burner is one of the many fat burners that have blasted onto the diet and nutrition supplement market. … Cocoamine is a cocoa extract which the makers of Venom Fat Burner have discovered contain the beneficial ingredients in cocoa but avoid the ingredients that are not so beneficial such as the fat and sugar.

Available at Elvare Group with fast, reliable delivery across South Africa.",taxable,1,,0,0,340.00,,Fat Burners,https://www.psychoskull.co.za/wp-content/uploads/2019/03/Psycho-Skull-Venom-Fat-Burner.png,,0,instock
simple,,NPL – N.O. SHOCK,1,0,visible,"TOTAL PERFORMANCE PRE-WORKOUT

- Muscle Pump and Power Matrix (4735mg)

- Muscle Performance Matrix (4050mg)

- Energy and Cognitive Function Matrix (2175mg)

- Shock Stack (13955mg)

Available at Elvare Group with fast, reliable delivery across South Africa.","A RADICAL PRE-WORKOUT FORMULA WITH AN EXTREME SHOCK STACK FOR HARDCORE NEEDS. SHOCK IS DESIGNED FOR FITNESS ENTHUSIASTS, HIGH-PERFORMANCE ATHLETES, CROSS-FITTERS, BODYBUILDERS AND ANYONE LOOKING TO BOOST PERFORMANCE AND GET THE MOST FROM THEIR WORKOUTS! YThis SEARCH FOR THE BEST PRE-WORKOUT ENDS HERE! SHOCK IS STRATEGICALLY FORMULATED WITH THERAPEUTICALLY DOSED INGREDIENTS THAT INCLUDE CREATINE, AMINOS, POTENT HERBAL EXTRACTS, COGNITIVE BOOSTERS AND LACTIC ACID BUFFERS. A TRULY FULLY COMPREHENSIVE WORLD-CLASS PRE-WORKOUT.

Available at Elvare Group with fast, reliable delivery across South Africa.",taxable,1,,0,0,360.00,,"Pre Workout, NPL",https://www.psychoskull.co.za/wp-content/uploads/2019/01/Psycho-Skull-NPL-NO-Shock.png,,0,instock
simple,6009879963083,NPL – Creatine Monohydrate 150g,1,0,visible,"100% PURE

- Micronized

- Increases Lean Muscle Growth

- Promotes Muscle Recovery

- Increases Strength

- Buffers Lactic Acid Buildup

Available at Elvare Group with fast, reliable delivery across South Africa.","HOW IT WORKS 

NPL’s Micronized CREATINE MONOHYDRATE offers the purest, most readily absorbed form of creatine available. Through many clinical studies, creatine has been shown to be efficient in increasing strength, power, and anaerobic endurance. Creatine is stored as phosphocreatine in the muscle tissue. This substance offers energy for muscular contractions. Phosphates produced from creatine are needed for regenerating adenosine triphosphate (ATP) molecules, which is the main fuel for the enzyme motors of the muscle in high-intensity training. This, in turn, increases energy levels and optimises recovery rates. Creatine supplementation has also shown to buffer lactic acid build up during training. WHO SHOULD USE IT 

Creatine Monohydrate is ideal for individuals looking to increase strength, lean muscle tissue and improve recovery. Ideal for both men and women. FULLY DISCLOSED FORMULA 

NPL follows a non-proprietary blend policy, whereby we disclose all ingredients on this labels. This products are independently tested at random to ensure customer peace of mind. Consumer satisfaction and ensuring that Elvare Group provide products of the highest quality, is extremely important to us at NPL and we will never compromise on this. Elvare Group refuse to cut corners when providing the best supplements; supplements and nutrition that set the standard and most importantly, produce results.

Available at Elvare Group with fast, reliable delivery across South Africa.",taxable,1,,0,0,170.00,,"NPL, Creatine",https://www.psychoskull.co.za/wp-content/uploads/2018/11/Psycho-Skull-NPL-Creatine-Mono-150g.png,,0,instock
simple,6009879963113,NPL – L-Glutamine 150g,1,0,visible,"ANTI-CATABOLIC AMINO ACID

- Pure Pharmaceutical Grade L-Glutamine

- Optimizes Muscle Recovery

- Increases Protein Synthesis

- Bolsters Immune System

Available at Elvare Group with fast, reliable delivery across South Africa.","Description
HOW IT WORKS

Ythis body is in constant need of Glutamine. L-Glutamine is the most abundant amino acid in the human body. Intense training, as well as mental and physical stress, causes glutamine levels to drop rapidly, which leaves ythis body feeling stiff and tired. Supplementing with L-Glutamine will preserve lean muscle tissue and improve recovery. This essential nutrient plays a key role in growth hormone facilitation which in turn assists in decreasing body fat and increasing lean muscle tissue. L-Glutamine assists in the buffering of lactic acid and encourages a healthy digestive system. When using powder, one can expect enhanced endurance, improved immunity and rapid recovery. WHO SHOULD USE IT

L-Glutamine is ideal for individuals looking to preserve lean muscle tissue and improve recovery. If you are looking to enhance endurance, strengthen ythis immune system as well as rapidly speed up your recovery after training or exercise, then L-Glutamine is vital. FULLY DISCLOSED FORMULA

NPL follows a non-proprietary blend policy, whereby we disclose all ingredients on this labels. This products are independently tested at random to ensure customer peace of mind. Consumer satisfaction and ensuring that Elvare Group provide products of the highest quality, is extremely important to us at NPL and we will never compromise on this. Elvare Group refuse to cut corners when providing the best supplements; supplements and nutrition that set the standard and most importantly, produce results.

Available at Elvare Group with fast, reliable delivery across South Africa.",taxable,1,,0,0,150.00,,"NPL, Aminos, Health & Recovery",https://www.psychoskull.co.za/wp-content/uploads/2018/11/Psycho-Skull-NPL-L-Glutamine-150g.png,,0,instock
simple,,NPL – Platinum Whey 908g,1,0,visible,"Platinum Whey is a delicious and premium 100% whey protein supplement that is ideal for anyone looking to increase their daily protein intake.

Available at Elvare Group with fast, reliable delivery across South Africa.","100% PURE WHEY PROTEIN

Platinum Whey is a premium protein supplement that is ideal for active individuals, whether professional or recreational, or for health-conscious individuals looking to increase their daily protein intake. Whey protein has a high biological availability and features all the essential amino acids. Furthermore, whey protein is high in Branched Chain Amino Acids which are necessary for stimulating muscle protein synthesis following training or exercise. In addition, Platinum Whey offers a great source of vitamins and minerals that may promote bone health, improve muscle function, and promote lean muscle mass. Features and benefits:

23g Protein per serving

Internationally sourced whey protein. Delicious Taste and Ultra creamy texture.

Available at Elvare Group with fast, reliable delivery across South Africa.",taxable,0,,0,0,560.00,,"NPL, Protein",https://www.psychoskull.co.za/wp-content/uploads/2018/10/Psycho-Skull-NPL-Platinum-Whey-2lbs.png,,0,outofstock
simple,,HD Labs – Simply Shredded Fat Burner,1,0,visible,"• Increases mental focus

• Supresses ythis appetite

• Enhances your energy levels

• Tones your muscles

Available at Elvare Group with fast, reliable delivery across South Africa.","HD Simply Shredded separates itself from other fat burners due to the fact that

it features ingredients such as:  Sodium Lauryl Sulphate , Magnesium Sterate , Bioperine , Chromium Polyniconate , Vitamin B12 , Vitamin B6 , Ostarine , Synophrine , Yohimbe 98% , Sibutramine , DMAA , Nicotinic acid , Beta-alanine , Caffeine AH 98% , Irvingia Extract 120:1. Warning: Do not use if you are sensitive to caffeine, being diagnosed with high blood pressure or any heart condition, pregnant or nursing, or have any know pre-existing medical condition, or if you are taking any prescription or over the counter medication. Avoid using with any other products containing high caffeine levels. To avoid insomnia, drink at least 3-6 glasses of water per day, while using this product.

Available at Elvare Group with fast, reliable delivery across South Africa.",taxable,1,,0,0,410.00,,"Fat Burners, HD Labs",https://www.psychoskull.co.za/wp-content/uploads/2022/07/Psycho-Skull-HD-Labs-Simply-Shredded-Fat-Burner.png,,0,instock
simple,6009835080885,TNT – CREATINE MONO 200g,1,0,visible,"The most studied natural performance aid with proven muscle performance benefits.

Available at Elvare Group with fast, reliable delivery across South Africa.","TNT Mercury Creatine is a naturally occurring amino acid that’s found in meat and fish, and also made by the human body in the liver, kidneys, and pancreas. It is converted into creatine phosphate or phosphocreatine and stored in the muscles, where it is used for energy. TNT Mercury Creatine amplifies the body’s capacity to perform high-intensity work (and assists greater muscle size and performance gains as a result). TNT Mercury Creatine (creatines high energy molecule form, stored within cells) is used to supply the type 2B muscle fibers (the ones that get largest in size) with immediate energy, ensuring these muscles do not prematurely fatigue. Another important benefit for bodybuilders and strength athletes is creatines muscle volumizing effect. TNT Mercury Creatine produces a more heavily muscled appearance and more importantly, serves as a stimulus for protein synthesis. TNT Mercury Creatine strengthens the muscular contraction of these fast-twitch fibers and aids in the athlete to pump out more reps, sprint at a faster rate, or engage more forcefully in whatever sport or type of exercise they take part in. Supplementing with TNT Mercury creatine allows the muscles to store more of this high-energy molecule to provide greater gains in strength and muscle. TYPICAL NUTRITIONAL INFORMATION

CREATINE MONOHYDRATE

INCREASES MUSCLE STRENGTH & SIZE Amplifies RECOVERY & MUSCLE PUMP, IMPROVES SPRINT PERFORMANCE

INGREDIENTS:
Creatine Monohydrate

ALLERGENS:
None. This supplement is made in a factory that uses dairy, soy, egg, and gluten (wheat, oats, and barley). DIRECTION FOR USE:
For the first 3 days (loading phase): Mix 1 scoop with 150ml of water and consume 4 times daily. After day 3 (maintenance phase): Mix 1 scoop with 150ml of water 1 to 2 times daily. ALTERNATE USE:
For more impressive results, replace water with a high glycemic carbohydrate beverage or supplement like TNT Mercury Rapid Fire or Vitargo.

Available at Elvare Group with fast, reliable delivery across South Africa.",taxable,1,,0,0,210.00,,"Creatine, TNT Mercury",https://www.psychoskull.co.za/wp-content/uploads/2018/10/Psycho-Skull-TNT-Creatine-Mono-200g.png,,0,instock
simple,6009880811236,TNT – Anabolic Beast,1,0,visible,"Anabolic Beast features every proven active ingredient for natural testosterone enhancement. Anti-Aromatase and Test Uptake support.

Available at Elvare Group with fast, reliable delivery across South Africa.","Anabolic Beast features every proven and industry regarded active ingredient when it comes to natural testosterone enhancement. The key objective of Anabolic Beast is to compile a formula of proven ingredients and offer the customer the very best in this category that money can buy. Put simply Elvare Group are continuously striving to preserve and build more muscle. Once you have forced the muscle into an overloaded state it is imperative you remain as anabolic as you can so the muscle repairs itself and can restore output to optimal levels again before you hit the weights the next day. This desired state is offered by anabolic beast by stimulating the secretion of LH (luteinizing hormone) which in turn signals the body to optimize its natural free testosterone levels. Higher free testosterone levels result in stronger and more resilient muscles as well as drastically improved recovery time. The second mechanism by which Anabolic Beast is able to aid in this desired anabolic state is by the prevention of testosterone conversion to oestrogen. When testosterone is at optimal levels, uptake is optimized and the conversion of it to oestrogen is inhibited, an athlete trains in a far more efficient and superior hormonal state which bolsters athletic performance, recovery and muscle output. Anabolic Beast satisfies all these critical requirements. A single pack daily is prescribed to optimize training and recovery. TYPICAL NUTRITIONAL INFORMATION

ANABOLIC BEAST

Bolster NATURAL TESTOSTERONE LEVELS STRENGTH AND MUSCLE GAIN. ANABOLIC Bolster DAILY PACK

TYPICAL NUTRITIONAL INFORMATION

Servings Per Container: 25

Per Sachet

Strength & Test Release Booster

D-Aspartic acid
2500 mg

(D-AA); (2R)-2-aminobutanedioic acid

Mega Testosterone Support Complex

Tongkat Ali (Longjack LJ-100™) –
100 mg

Eurycome Longifolia extract 100:1

Tribulus Terrestris extract 45%
700 mg

(Standardized to 45% steroidal saponins)

Fenugreek seed extract 50%
500 mg

(Standardized to 50% Furostanol Saponins)

Vitamin B6 (Pyridoxine HCl)
11 mg

Zinc (mon-L-methionine sulphate)
30 mg

Magnesium Aspartate
450 mg

(Magnesium L-aspartate)

Anti-Aromatase / Test Uptake Support

3,3’- Diindolylmethane (DIM)
250 mg

Vitamin D3 (cholecalciferol)
50 mcg

Vitamin B9 (Folic Acid/Folate)
900 mcg

L-Theanine (L -γ-glutamylethylamide)
200 mg

Bioperine™
5 mg

(Black pepper extract – Piperine extract 95%)

Boron (Boron amino acid chelate 5%)
100 mg

Vitamin B3 (Niacin/Nicotinic acid)
20 mg

Vitamin B12 (Cyanocobalamin)
12 mcg

*Nutrient Reference Values (NRVs) for individuals 4 years and older. Na – No set NRV. Information as per Supplier/Manufacturer Ingredient Information Files. INGREDIENTS:
Cellulose, Calcium phosphate, Silicone dioxide (dessicant), Gelatin capsules (Bovin origin – Halaal), Magnesium stearate (lubricant), Polyvinylpovidone PVP (binder), Partially pre-gelatinized starch (disintegrant), Flexicoat™ Protect™ Red coating (tablet coating), Flexicoat™ Protect™ White coating (tablet coating)

DIRECTION FOR USE:
Take one pack daily on training days, 30 minutes prior to exercise. On non training days take first thing in the morning on an empty stomach. For best results, cycle This supplement following a schedule of three weeks on and one week off. Do not exceed recommended dosage. Suitable for athletes subject to dope testing restrictions.

Available at Elvare Group with fast, reliable delivery across South Africa.",taxable,0,,0,0,495.00,,TNT Mercury,https://www.psychoskull.co.za/wp-content/uploads/2018/08/Psycho-Skull-TNT-Anabolic-Beast-NEW.png,,0,outofstock
simple,6009704810544,Nutritech – Omega 3,1,0,visible,"ESSENTIAL FATTY ACIDS SUPPORTS METABOLISM

Encourages A HEALTHY HEART + IMMUNE SYSTEM

Available at Elvare Group with fast, reliable delivery across South Africa.","NUTRITECH OMEGA 3 is a naturally sourced fish oil, formulated to supplement your diet with essential fatty acids. NUTRITECH OMEGA 3 Fish Oil SoftGels are free from potentially harmful contaminants such as mercury, heavy metals, PCS’s, dioxins and other contaminants.

Available at Elvare Group with fast, reliable delivery across South Africa.",taxable,1,,0,0,170.00,,"Nutritech, Health & Recovery","https://www.psychoskull.co.za/wp-content/uploads/2018/06/Psycho-Skull-Nutritech-Omega-3.png, https://www.psychoskull.co.za/wp-content/uploads/2018/06/Omega-3-NI-Panel.jpg",,0,instock
simple,6009802884249,Nutritech – DAA ALPHA 120 Caps,1,0,visible,"Boost testosterone levels and build muscle! NutriTech’s DAA has been specifically formulated to increase cyclic AMP in the receiving nerves. DAA amplifies the release of GnRH (the hormone that tells the Pituitary that testosterone levels are falling), as well as the hormones oxytocin and vasopressin in the Neuroendocrine Axis (the Hypothalamus and Pituitary). A recent study showed that testosterone levels in healthy adult males were boosted by an average of 42% in as little as 12 days by the supplementation of D-Aspartic Acid (DAA) raises. It was also shown that testosterone levels were still elevated 3 days after the discontinuation of D-Aspartic Acid, indicating that it builds up over time, slowly decreasing after supplementation is stopped, thus increasing natural testosterone levels.

Available at Elvare Group with fast, reliable delivery across South Africa.","Boost testosterone levels and build muscle! NutriTech’s DAA has been specifically formulated to increase cyclic AMP in the receiving nerves. DAA amplifies the release of GnRH (the hormone that tells the Pituitary that testosterone levels are falling), as well as the hormones oxytocin and vasopressin in the Neuroendocrine Axis (the Hypothalamus and Pituitary). A recent study showed that testosterone levels in healthy adult males were boosted by an average of 42% in as little as 12 days by the supplementation of D-Aspartic Acid (DAA) raises. It was also shown that testosterone levels were still elevated 3 days after the discontinuation of D-Aspartic Acid, indicating that it builds up over time, slowly decreasing after supplementation is stopped, thus increasing natural testosterone levels.

Available at Elvare Group with fast, reliable delivery across South Africa.",taxable,0,,0,0,125.00,,"Aminos, Nutritech, Performance","https://www.psychoskull.co.za/wp-content/uploads/2018/06/Psycho-Skull-Nutritech-DAA-Alpha.png, https://www.psychoskull.co.za/wp-content/uploads/2018/06/Daa-Alpha-NI-Panel.jpg",,0,outofstock
simple,6009704815839,Nutritech – THERMOTECH BURN8 [120 CAPS],1,0,visible,"ADVANCED WEIGHT MANAGEMENT TECHNOLOGY

POWERFUL, HIGH CAFFEINE CONTENT

Available at Elvare Group with fast, reliable delivery across South Africa.","THERMOTECH Introduces Potent & Affordable Weight Loss Technology! THERMOTECH – Experience weight loss power and energy, experience the next step in the evolution of NUTRITECH® Thermogenic Technology. This is the evolution of the thermogenic fat burner. A combination of trialed and tested thermogenic ingredients, as used in previous NUTRITECH® thermogenic weight loss aids including NITROCUT NXT, were combined with the latest in thermogenic technology to bring you the two most advanced NUTRITECH® fat burners to date. THERMOTECH® products have been specifically engineered to help you achieve ythis desired weight loss goals.

Available at Elvare Group with fast, reliable delivery across South Africa.",taxable,1,,0,0,315.00,,"Fat Burners, Nutritech",https://www.psychoskull.co.za/wp-content/uploads/2018/06/Psycho-Skull-Nutritech-Thermotech-Burn-8.png,,0,instock
simple,,NPL – Liquid L-Carnitine,1,0,visible,"STIMULANT FREE FAT BURNER

- Weight Loss Aid

- Natural Energy

- Zero Sugar

- Zero Calories

Available at Elvare Group with fast, reliable delivery across South Africa.","L-CARNITINE CONVERTS FAT INTO ENERGY AND BOOSTS ATHLETIC PERFORMANCE. PERFORMANCE! AND STIMULANT FREE, This PREMIUM L-CARNITINE FORMULA HAS BEEN SHOWN TO SUPPORT FAT LOSS AND AID IN MUSCLE PERFORMANCE AND PRESERVATION. A POWERFUL FAT BURNING ENHANCER THAT INCREASES RECOVERY AFTER EXERCISE, DECREASES EXERCISED INDUCED MUSCLE DAMAGE AND MUSCLE SORENESS.

Available at Elvare Group with fast, reliable delivery across South Africa.",taxable,1,,0,0,305.00,,"NPL, Peptides",https://www.psychoskull.co.za/wp-content/uploads/2018/06/Psycho-Skull-NPL-L-Carnitine.png,,0,instock
simple,6009879963014,NPL – CLA ULTRA 1000,1,0,visible,"NPL Conjugated Linoleic Acid (CLA) is a stimulant-free weight management aid that may assist with the reduction of fat mass and ultimately improve body composition.

Available at Elvare Group with fast, reliable delivery across South Africa.","BODY TONER WITH METABOLIC SUPPORT

NPL Conjugated Linoleic Acid (CLA) is a stimulant-free weight management aid that may assist with the reduction of fat mass and ultimately improve body composition. Features and benefits:

2 000 mg Conjugated linoleic acid

Weight control. Stimulant free. Metabolic support.

Available at Elvare Group with fast, reliable delivery across South Africa.",taxable,1,,0,0,160.00,,"Fat Burners, NPL",https://www.psychoskull.co.za/wp-content/uploads/2018/06/Psycho-Skull-NPL-CLA-Single-New.png,,0,instock
simple,,The Secret Fat Burner,1,0,visible,The secret Fat burner (the original),"The secret Fat burner (the original)

Top selling Fat Burner & Appetite Suppressant in South Africa

The Secret Fat Burner features a combination of ingredients which assist in weight loss by increasing metabolism, thereby burning consumed calories and stored fats. The Secret Fat Burner has also been formulated to increase energy and boost performance. Average weight loss is 3 to 7kgs per month. The Secret comes in a six week supply (30 capsules)

Drink 5 days and then skip 2 days, repeat again.

Available at Elvare Group with fast, reliable delivery across South Africa.",taxable,1,,0,0,620.00,,Fat Burners,https://www.psychoskull.co.za/wp-content/uploads/2018/06/Psycho-Skull-The-Secret.png,,0,instock
simple,,NPL – PRE-IGNITE (200g),1,0,visible,"Pre-Ignite is a pre-workout concentrate that has been formulated to deliver energy and maximise muscle pumps.

Available at Elvare Group with fast, reliable delivery across South Africa.","CONCENTRATED PRE-WORKOUT

Pre-Ignite is a pre-workout concentrate that has been formulated to deliver energy and maximise muscle pumps. The Pre-Ignite formulation delivers efficient doses of beta-alanine, betaine anhydrous, agmatine sulphate, Citrulline malate, and caffeine to enhance muscle growth, facilitate muscle pumps, and improve training performance. Features and benefits:

Nitric oxide potentiator – increase muscle pump. Explosive energy. Increase workout performance. Concentrated pre-workout.

Available at Elvare Group with fast, reliable delivery across South Africa.",taxable,1,,0,0,340.00,,"Pre Workout, NPL",https://www.psychoskull.co.za/wp-content/uploads/2018/03/Psycho-Skull-NPL-Pre-Ignite-1.png,,0,instock
simple,,NPL – Water Jug (2.2L),1,0,visible,"Premium 2.2-litre water jug built for the gym. BPA-free construction with a leak-proof design to keep you hydrated throughout your workout. Essential gym accessory for any serious lifter.

Available at Elvare Group with fast, reliable delivery across South Africa.","NPL Reservoir is a large volume water jug with an easy-grip handle to keep lifters and fitness athletes hydrated. The jug has a capacity of 2.2 litres which should cover the most gruelling training session. An easy-grip handle makes it a breeze drinking from the jug. Made from BPA-Free plastic and is leak-proof.

Available at Elvare Group with fast, reliable delivery across South Africa.",taxable,1,,0,0,130.00,,"NPL, Accessories",https://www.psychoskull.co.za/wp-content/uploads/2018/03/Psycho-Skull-NPL-Water-Jug-Black.png,,0,instock
simple,,NPL – Hyper Pump (500g),1,0,visible,"HYBRID PRE-WORKOUT

- Extreme Muscle Pumps and Energy

- Nootropics for Mental Focus

- Added Creatine to improve workout performance

- Zero Crash

Available at Elvare Group with fast, reliable delivery across South Africa.","SERIES BLACK HYPER-PUMP IS NOT YOUR AVERAGE PRE-WORKOUT FORMULA. IT SURPASSES ALL BOUNDARIES AND IDEOLOGY SET BY CONVENTIONAL PRE-WORKOUTS THAT ARE UNDERDOSED AND NOT SCIENTIFICALLY VALIDATED. ARE YOU SERIOUS ABOUT YThis TRAINING? GET HYPER-PUMP! HYPER PUMP IS DESIGNED FOR PROFESSIONAL FITNESS ENTHUSIASTS, HIGH-PERFORMANCE ATHLETES, CROSS-FITTERS, BODYBUILDERS AND ANYONE LOOKING TO BOOST PERFORMANCE, INCREASE ENERGY AND STRENGTH AND GET THE MOST FROM THEIR WORKOUTS.

Available at Elvare Group with fast, reliable delivery across South Africa.",taxable,1,,0,0,570.00,,"Pre Workout, NPL",https://www.psychoskull.co.za/wp-content/uploads/2018/03/Psycho-Skull-NPL-Hyper-Pump.png,,0,instock
simple,,NPL – Hyper Gain 1kg,1,0,visible,"Hyper Gain Mass is a high-calorie mass gainer with over 1345 calories per serving developed to optimise muscle growth and increase muscle protein synthesis.

Available at Elvare Group with fast, reliable delivery across South Africa.","HEAVY DUTY GAINER

Hyper Gain Mass is a high-calorie mass gainer developed to optimise muscle growth and increase muscle protein synthesis. Hyper Gain is formulated for the ‘’hard-gainer’’ – those who find it difficult to gain mass. With over 1 360 calories per serving, this high calorie shake offers enough energy to promote muscle mass, strength, and size. Features and benefits:

Maximise mass gain. High carbohydrate heavy duty mass gainer. Increase exercise performance, strength, and size. > 1 360 calories per serving.

Available at Elvare Group with fast, reliable delivery across South Africa.",taxable,1,,0,0,210.00,,NPL,https://www.psychoskull.co.za/wp-content/uploads/2018/03/Psycho-Skull-NPL-Hyper-Gain-1kg-Bag-Strawberry.png,,0,instock
simple,,NPL – Amino Burn 200g,1,0,visible,"FAT METABOLISM DRINK

- Amplifies Fat Burning

- Boosts Energy

- Enhances Mental Focus

- Zero Carbs

- Zero Sugar

Available at Elvare Group with fast, reliable delivery across South Africa.","THE ANYTIME AMINO ENERGISER TO BOOST MENTAL FOCUS AND Amplify MOOD. GREAT TASTING, AMINO ACID DRINK DESIGNED TO INCREASE ENERGY, IMPROVE RECOVERY AND Encourage FAT BURNING THROUGHOUT THE DAY. LOSE WEIGHT WHILE PRESERVING LEAN MUSCLE FOR THAT TONED LOOK. AMINO BURN IS THE PERFECT BOOST OF ENERGY FOR ANY TIME OF DAY.

Available at Elvare Group with fast, reliable delivery across South Africa.",taxable,0,,0,0,360.00,,"Fat Burners, NPL, Aminos",https://www.psychoskull.co.za/wp-content/uploads/2018/03/Psycho-Skull-NPL-Amino-Burn.png,,0,outofstock
simple,6009704815846,Nutritech – Thermotech Burn for Her (120 CapsS – 60 Servings),1,0,visible,"ADVANCED WEIGHT MANAGEMENT TECHNOLOGY

SCIENTIFICALLY DOSED INGREDIENTS

Available at Elvare Group with fast, reliable delivery across South Africa.","Experience weight loss power and energy, experience the next step in the evolution of NUTRITECH® Thermogenic Technology. This is the evolution of the thermogenic fat burner. A combination of trialed and tested thermogenic ingredients, as used in previous NUTRITECH® thermogenic weight loss aids including NITROCUT NXT, were combined with the latest in thermogenic technology to bring you the two most advanced NUTRITECH® fat burners to date. THERMOTECH® products have been specifically engineered to help you achieve ythis desired weight loss goals. THERMOTECH® BURN. Designed as an Advanced Weight Management Aid with a unique 1500mg Thermogenic Blend per single serving of 8 scientifically dosed key ingredients, including the scientifically researched Coffea Arabica, Green Tea Extract and a powerful 200 mg shot of Caffeine Anhydrous of to assist you in ythis goal of achieving significant weight loss results when combined with diet and regular training.

Available at Elvare Group with fast, reliable delivery across South Africa.",taxable,1,,0,0,315.00,,"Fat Burners, Nutritech",https://www.psychoskull.co.za/wp-content/uploads/2018/03/Psycho-Skull-Nutritech-Thermotech-Burn.png,,0,instock
simple,,TNT – Black Mass 4Kg,1,0,visible,"High grade Protein Blend (Whey, Micellar Casein and Beef Protein). High and medium G.I. carbohydrate blend. Soy Free, Macro Specific ratio.

Available at Elvare Group with fast, reliable delivery across South Africa.","Black Mass satisfies every competitive strength and physique athlete’s reliance on a muscle-building, anabolic diet regimen. The steady supply of carbohydrates and muscle-building proteins creates a physiological environment conducive to muscle growth and output. Professional athletes are required to consistently replenish lost reserves every 3-4 hours with solid food, this isn’t always attainable. Black Mass has a premium blend of Whey Protein, Micellar Casein, and Beef Proteins. These proteins feed the muscle with crucial amino acid building blocks, ensuring an anabolic environment is maintained throughout the day. Along with these precious proteins Black Mass has a blend of fast, medium, and slow-release carbohydrates, formulated to effectively restore depleting muscle glycogen reserves and sustain steady blood sugar levels without an excessive surge of sugars which would result in a sugar spike. Along with these crucial macro nutrients Black Mass is also fortified with a specific blend of amino acids and creatines to further complement muscle recovery and strength. This amino matrix assists in boosting muscle output and recovery. This stack will aid in amplifying strength and repetition range for strength and physique athletes who pursue gains in lean muscle mass and poundage lifted. Black Mass serves as a complete meal replacement solution for individuals seeking to assist their lean muscle gain objectives. It can be used as a tasty milkshake treat fortified with extra vitamins and minerals along with the perfect macro nutrient blend. This assists individuals gain lean muscle mass and offer an easily digestible treat to break a Spartan-like dietary regimen, but with no guilt normally associated with dessert flavoured shakes. Black Mass is the perfect solution to lean muscle gain for serious athletes. The Macro nutrient blend of sustained release carbohydrates, premium proteins, added muscle-building amino acids and creatines ensures competitive athletes get the perfect premium blend of meal replacement nutrients. TYPICAL NUTRITIONAL INFORMATION

BLACK MASS

MUSCLE UP PERFORMANCE STACK  ADDED HYDROLYZED BEEF PROTEIN. SUSTAINED RELEASE CARB MIX

TYPICAL NUTRITIONAL INFORMATION

Servings Per Container: 33-66
Per Serving

Per 100g
120g
% NRV*

Energy
1526 kJ
1832 kJ

Protein
33.6 g
40.3 g
72%

Total Carbohydrates
56.3 g
67.6 g

Of Which Sugars
14.1 g
17.0 g

Total Fats
1.5 g
1.9 g

Of Which Saturated
1.0 g
1.2 g

Total Fibre
1.2 g
1.4 g

Sodium
244 mg
292 mg

Potassium
300 mg
361 mg

Calcium
208 mg
249 mg
19%

Magnesium
31 mg
38 mg
9%

Phosphorous
157 mg
188 mg
15%

Vitamin C
25 mg
30.0 mg
30%

Nicotinic Acid/-amide/niacin
4 mg
4.8 mg
30%

Vitamin E
3.8 mg TE
4.5 mg TE
30%

Pantothenic Acid
4.5 mg
1.5 mg
30%

Vitamin B6 (Pyridoxine)
0.4 mg
0.5 mg
30%

Vitamin B2 (Riboflavin)
0.3 mg
0.4 mg
30%

Vitamin B1 (Thiamine)
0.3 mg
0.4 mg
30%

Vitamin A
225 mcg
270 mcg
30%

Folic Acid
100 mcg
120 mcg
30%

Biotin
9 mcg
9.0 mcg
30%

Vitamin D
3.8 mcg
4.5 mcg
30%

Vitamin B12
0.6 mcg
0.7 mcg
30%

Muscle Up Performance Stack

17150 mg

L-Glutamine, Taurine , L- Glycine, L-Lysine, Added BCAA 2:1:1, Tribulus Terrestris,MA (Zinc Monothionine Aspartate, Magnesium Aspartate and Vitamin B6),

HMB ( beta-Hydroxy beta-methylbutyric acid) . Creatine Matrix
5060 mg

Creatine Monohydrate; Creatine HCL; Creatine Gluconate; Creatine EthylEster. Protein Matrix
Microfiltered Whey Protein, Micellar Casein,

Hydrolyzed Beef Protein

Sustained Release Carb Blend
High and medium G.I Maltodextrin

Polysaccharides , Palatinose,

Waxy Maize (highly branched dextrin)

*Nutrient Reference Values (NRVs) for individuals 4 years and older. Na – No set NRV. Information as per Supplier/Manufacturer Ingredient Information Files. INGREDIENTS:
Skim Milk Powder; Cocoa Powder (Only In Chocolate Flavoured Variants); Flavouring; Stabilizers; Salt; Soy Lecithin; Sucralose Acesulphame K-Blend; Vitamin Premix; Tolerase. DIRECTION FOR USE:
(Meal replacement): Mix 2 heaped scoops into 300-400ml water. First blend vigorously and then shake. Mix with milk for added calories. ALTERNATE USE:
(Between meals): Mix 1 heaped scoop (half serving) into 150-200ml water. Mix with milk for added calories.

Available at Elvare Group with fast, reliable delivery across South Africa.",taxable,1,,0,0,1000.00,,"TNT Mercury, Protein",https://www.psychoskull.co.za/wp-content/uploads/2018/03/Psycho-Skull-TNT-Black-Mass-4kgChocolate-Caramel.png,,0,instock
simple,,TNT – SUPA MASS 1kg,1,0,visible,"SUPA MASS is an engineered, high calorie meal replacement, developed to bolster the elevated calorie requirements and higher energy turnover rates that occur as a result of peaked muscle development.

Available at Elvare Group with fast, reliable delivery across South Africa.","SUPA MASS is an engineered, high calorie meal replacement, developed to bolster the elevated calorie requirements and higher energy turnover rates that occur as a result of peaked muscle development. Consuming the correct macronutrient ratios ensures that the vital anabolic-bridge between performance training and recovery occurs, edging you closer to ythis goals via the total replenishment of muscle glycogen reserves, elevated rates of muscle amino pooling and maintaining a positive nitrogen balance for an increased muscle synthesis rate lasting longer than 24 hours. SUPA MASS offers 50 g of protein per serving, along with a high-dose inclusion of VOLU-MASS ATP-STACK and this TEST PEAK MATRIX, as well as a high level of carbohydrates needed to fuel your maximum growth performance. TYPICAL NUTRITIONAL INFORMATION

SUPA MASS

4 X BLEND CREATINE MATRIX HIGH-PERFORMANCE AMINO STACK. TESTOSTERONE BOOSTING

TYPICAL NUTRITIONAL INFORMATION

Serving Size: 4 Heaped Scoops (320 g)

Per 100 g
Per 320 g
%NRV*

Energy
1 562 kJ
4 998 kJ
†

Protein**
15,6 g
50 g
86%

Total Carbohydrates
77,1 g
246,7 g
†

   of which Sugars
16,1 g
51,4 g
†

Total Fats
0,2 g
0,7 g
†

   of which Saturated
0,0 g
0,1 g
†

Dietary Fibre#
0,8 g
2,4 g
†

Total Sodium
187 mg
597 mg
†

Potassium
34,9 mg
111,8 mg
†

Vitamin A
40,0 mcg

(133.3 IU)
128 mcg

(426.7 IU)
16%

Vitamin B1 (Thiamine)
0,1 mg
0,2 mg
16%

Vitamin B2 (Riboflavin)
0,1 mg
0,2 mg
16%

Vitamin B3 (Nicotinamide)
0,8 mg
2,6 mg
16%

Vitamin B5 (Pantothenic Acid)
0,3 mg
0,8 mg
16%

Vitamin B6 (Pyridoxine)
0,1 mg
0,3 mg
16%

Vitamin B7 (Biotin)
1,5 mcg
4,8 mcg
16%

Vitamin B9 (Folic Acid)
20 mcg

(33,5 mcg DFE)
64 mcg

(106,7 mcg DFE)
16%

Vitamin B12
0,1 mcg
0,4 mcg
16%

Vitamin C
5,0 mg
16,0 mg
16%

Vitamin D
0,8 mcg (32 IU)
2,4 mcg (96 IU)
16%

Vitamin E
0,8 mg TE (1.2 IU)
2,4 mg TE (3,6 IU)
16%

Calcium
85,4 mg
273,4 mg
21%

Magnesium
8,0 mg
25,6 mg
6%

Phosphorous
97,6 mg
312,3 mg
25%

VOLU-MASS ATP-STACK
9 504 mg

Fructose, Creatine Monohydrate, Taurine, L-Lysine HCl, Creatine HCl,

Creatine Gluconate, Creatine Ethyl Ester. TEST PEAK MATRIX
16 040 mg

Glycine, Tribulus Terrestris, ZMA® (Zinc-L-Methionine Sulphate,

Zinc/Magnesium Aspartate, Vitamin B6). *Nutrient Reference Values (NRVs) for individuals 4 years and older. Na – No set NRV. Information as per Supplier/Manufacturer Ingredient Information Files. INGREDIENTS:
GLYCO-VOL CARB SYSTEM (Maltodextrin, Yellow Corn Starch, Dextrose Monohydrate, Fructose), ANABOL PROTEIN MATRIX (Soy Protein Isolate, Calcium Caseinate, Whey Protein Concentrate), L-Glycine, Flavouring, CREATINE MATRIX (Creatine Monohydrate, Creatine HCl, Creatine Gluconate, Creatine Ethyl Ester), Stabiliser, L-Lysine HCl, Taurine, Emulsifier, Sodium Chloride, Non-Nutritive Sweetener (Sucralose), Vitamin Pre-Mix (Ascorbic Acid, Nicotinamide, Vitamin D, Vitamin E Acetate, Pantothenic Acid, Pyridoxine HCl, Riboflavin, Thiamine, Vitamin A, Folic Acid, Biotin, Vitamin B12), Tolerase®L (pH stable lactase), Tribulus Terrestris, ZMA® (Zinc-L-Methionine Sulphate, Zinc/Magnesium Aspartate, Vitamin B6). ALTERNATE USE:
Soy and Cow’s Milk. Made in a factory that processes cow’s milk, egg, soy, gluten (wheat, barley and oats), fish, tree nuts and peanuts). Features a source of Phenylalanine. DIRECTION FOR USE:
As a nutritional supplement solution for a snack replacement in-between meals, or as a high-calorie post-workout recovery aid. Add 320 g (4 heaped scoops) to 500 ml cold water. For added protein, substitute the water for 500 ml whole milk, adding in 16.25 g of additional protein. Half servings are recommended for first-time users. Mix 160 g (2 heaped scoops) with 250 ml – 300 ml cold water and consume mid-morning  and mid-afternoon

Available at Elvare Group with fast, reliable delivery across South Africa.",taxable,1,,0,0,170.00,,"TNT Mercury, Protein",https://www.psychoskull.co.za/wp-content/uploads/2018/03/Psycho-Skull-TNT-Supa-Mass-1kg-Chocolate-Nut.png,,0,instock
simple,,TNT – Creatine HCL 250g,1,0,visible,"Creatine HCL works so well because adding the hydrochloride group to the Creatine molecule lowers the pH of the Creatine, making it more acidic.

Available at Elvare Group with fast, reliable delivery across South Africa.","Creatine HCL works so well because adding the hydrochloride group to the Creatine molecule lowers the pH of the Creatine, making it more acidic. This drastically increases its solubility in fluids, which you will notice when you mix Creatine HCL in water. When considering the various types of Creatine, HCL is water soluble. That means that it is more easily absorbed into the bloodstream, which reduces typical side effects seen in other types of Creatine (bloating, digestive issues, and water retention). Additionally, it may be used continuously without any detrimental effects, and there is no required loading period in order to build up its effectiveness. Creatine is a naturally occurring chemical found within the body, normally in the muscles. It is also found in certain foods and may be obtained through supplementation. It is widely used among athletes in a wide range of sports for the primary purpose of improving exercise performance and increasing muscle mass. It does not require a loading phase and calls for a significantly smaller dosage while still delivering the same benefits. TYPICAL NUTRITIONAL INFORMATION

CREATINE HCL V2

HIGH CONCENTRATE ZERO LOADING PERIOD EASY ABSORPTION

TYPICAL NUTRITIONAL INFORMATION

Servings per container: 166
per 100g
per serving 1.5 g

Energy
808 kJ
12 kJ

Protein
0.0 g
0.0 g

Total carbohydrates
0.1 g
0.0 g

of which sugars
0.0 g
0.0 g

Total fats
0.0 g
0.0 g

of which saturated
0.0 g
0.0 g

Total fibre
173.3 mg
2.6 mg

Sodium
5267 mg
79 mg

Creatine HCL
50 g
750 mg **

** Daily value not established

*Nutrient Reference Values (NRVs) for individuals 4 years and older. Na – No set NRV. Information as per Supplier/Manufacturer Ingredient Information Files. INGREDIENTS:
Creatine hcl, flavourant, salt, anti-caking agent, non-nutritive sweetener (sucralose), isomaltooligosaccharide, colourant. ALLERGENS:
None. Made in a factory that uses dairy, soy, eggs and gluten (wheat, barley and oats). DIRECTION FOR USE:
Serving size 1500mg: Approx 1 heaped 1ml scoop. Recommended Adult Use: As a dietary supplement take1 hthis prior to training with approximately 200-250ml of water or juice. Can either be taken on an empty stomach with food or mixed with protein. Normal Training: 1 serving per 40kg of body weight. Intense Training: 1-2 servings per 40kg of body weight. Off Days: Can take 1 serving per 40kg of body weight to assist in muscle recovery.

Available at Elvare Group with fast, reliable delivery across South Africa.",taxable,1,,0,0,315.00,,"Creatine, TNT Mercury",https://www.psychoskull.co.za/wp-content/uploads/2018/03/Psycho-Skull-TNT-Creatine-HCL-250g-Cherry-Berry.png,,0,instock
simple,,TNT – Prime Whey 925g,1,0,visible,"Imported Premium Whey from the leaders in Whey at Leprino in Canada.

Available at Elvare Group with fast, reliable delivery across South Africa.","TNT MERCURY PRIME WHEY PROTEIN has been carefully engineered and balanced to provide a precise supply of highly bio-available amino acids, suitable for any individual who is looking for a premium protein source in their diet. The inclusion of fast-digesting and rapid uptake whey protein concentrate bolsters a rapid rise in available amino acid levels needed to kick start muscle protein synthesis and to elevate the post-workout recovery factor. Using a premium source of ultra-filtered imported whey protein, Elvare Group are able to standardize each batch, retaining the all-important micro-fractions, including Beta-lactoglobulin, Alpha-lactalbumin, Immunoglobulins, Lactoperoxidase, Glycomacropeptide and Bovine Serum Albumin ensuring the benefits and health-promoting properties are reserved in each serving. TNT MERCURY PRIME WHEY PROTEIN offers the correct ratio of full-spectrum amino acids, and more specifically the BCAAs and EAAs that play a critical role in muscle hypertrophy and training adaptation. Regular exercise results in the breakdown of muscle fibers, and this is where TNT MERCURY PRIME WHEY PROTEIN has been shown to amplify recovery and accelerate the rate of muscle hypertrophy. This Research and Development Division has added the clinically correct dosage of DigeZyme®, a multi-enzyme digestive complex that includes Amylases, Proteases, Lipases, Lactases and Cellulases to support the optimal gut health and to further enhance the uptake and assimilation of proteins for maximum recovery and lean mass gains. TNT MERCURY PRIME WHEY PROTEIN is considered a true “complete” protein source, suitable during periods where ythis system demands a fast uptake, easily digestible and highly available protein source, particularly important for muscle growth and total system recovery. TYPICAL NUTRITIONAL INFORMATION

PRIME WHEY

FAST DIGESTING PROTEIN WITH ADDED DIGEZYME DIGESTIVE ENZYMES. TYPICAL NUTRITIONAL INFORMATION

Serving Size: 30 g

Servings per Jar: 30

Per 100 g
Per 30 g
%NRV*

Energy
1 535 kJ
460 kJ
†

Protein
67,4 g
20,2 g
36%

Total Carbohydrates
8,4 g
2,5 g
†

     of which Sugars
4,9 g
1,5 g
†

Total Fats
5,1 g
1,5 g
†

    of which Saturated
3,4 g
1,0 g
†

Cholesterol
9,0 mg
2,7 mg
†

Dietary Fibre#
8,2 g
2,5 g
†

Total Sodium
487 mg
146 mg
†

Potassium
407,5 mg
122,3 mg
†

Calcium
464,2 mg
139,3 mg
11%

AMINO ACID PROFILE (mg/30 g)
(mg/30 g)

Alanine
864 mg

Arginine
488 mg

Aspartic Acid
2 036 mg

Cystine
414 mg

Glutamic Acid
3 356 mg

Glycine
343 mg

Histidine^
409 mg

Isoleucine^***
1 108 mg

Leucine^***
2 013 mg

Lysine^
1 732 mg

Methionine^
409 mg

Phenylalanine^
606 mg

Proline
1 263 mg

Serine
974 mg

Taurine
0 mg

Threonine^
1 234 mg

Tryptophan^
339 mg

Tyrosine
519 mg

Valine
1 030 mg

***Total BCAAs
4 151 mg

^ Essential Amino Acids (EAAs) *** Branched Chain Amino Acids (BCAAs)

*Nutrient Reference Values (NRVs) for individuals 4 years and older. Na – No set NRV. Information as per Supplier/Manufacturer Ingredient Information Files. INGREDIENTS:
Whey Protein Concentrate, Isomalto-oligosaccharide, Flavouring, Sodium Chloride, Stabiliser, DigeZyme® (Digestive Enzyme Blend: Amylases, Proteases, Lipases, Lactases and Cellulases), Non-Nutritive Sweetener (Sucralose), Colourant. ALLERGENS:
Cow’s Milk. Made in a factory that processes cow’s milk, egg, soy, gluten (wheat, barley and oats), fish, tree nuts and peanuts. DIRECTION FOR USE:
As a nutritional supplement solution for a snack replacement in-between meals, or as a post-workout recovery aid: Add 30 g (1 slightly heaped scoop) to 150 – 200 ml cold water. Adjust ythis protein intake from 1-3 servings daily, depending on your physical goal and protein requirements.

Available at Elvare Group with fast, reliable delivery across South Africa.",taxable,1,,0,0,505.00,475.00,"TNT Mercury, Protein",https://www.psychoskull.co.za/wp-content/uploads/2018/03/Psycho-Skull-TNT-Prime-Whey-900g-White-Chocolate.png,,0,instock
simple,6001651035148,TNT – Hardcore Magma Thermo,1,0,visible,"Increased thermogenesis and increased metabolism / don’t take late at night as it will disrupt sleep patterns. Ultra-High Potency – Start-Up Dose 1 Capsule. Extreme Thermogenic aid to be used with caution.

Available at Elvare Group with fast, reliable delivery across South Africa.","Hardcore Magma Thermogenic is a ultra high potency thermoganic cutting compound. The constituents featured in This supplement have shown significant metabolic and energy surge responses. Thermogenisis in an extremely efficient mechanism to increase fat burning potential and metabolic function. The TriCore Pyrophoric Thermal Conductor with ThermoCore has been re-engineered to target 3 aspects of fat burning potential. Since every individual is different, this approach enables a “no miss” theory to Mercury Hardcore Thermogenic’s 3 tier formula, which places every individuals response towards burning fat, energy output and anti-catabolic experience on the same level. Please follow usage instructions carefully!

Available at Elvare Group with fast, reliable delivery across South Africa.",taxable,0,,0,0,315.00,,"Fat Burners, TNT Mercury","https://www.psychoskull.co.za/wp-content/uploads/2018/03/Psycho-Skull-TNT-Hardcore-Fatburner.png, https://www.psychoskull.co.za/wp-content/uploads/2018/03/tnt_magma10_nutri_facts.jpg",,0,outofstock
simple,6009802884232,Nutritech – ZMA 5-HTP,1,0,visible,"NIGHT-TIME HERBAL TESTOSTERONE BOOSTER

ASSISTS INCREASE IN NATURAL TESTOSTERONE

Available at Elvare Group with fast, reliable delivery across South Africa.","NUTRITECH ZMA® + TRIB has been formulated with a precise blend of 2323 mg of specially engineered ZMA® and 500 mg of tribulus terrestris extract per single serving. An exceptional choice for the athlete looking to increase strength, sporting performance, muscle and recovery, with 30 mg of patented zinc L-monomethionine (L-OptiZinc®), 450 mg of magnesium, 10.5 mg of vitamin B6 and 500 mg of tribulus. NUTRITECH ZMA® + TRIB is easy to consume and the perfect companion an athlete’s post-workout regime before bed.

Available at Elvare Group with fast, reliable delivery across South Africa.",taxable,1,,0,0,220.00,,Nutritech,"https://www.psychoskull.co.za/wp-content/uploads/2018/03/Nutritech_zma_front.png, https://www.psychoskull.co.za/wp-content/uploads/2018/03/ZMA-NI-Panel.jpg",,0,instock
simple,,Nutritech – VASO NO3 280g,1,0,visible,"STIMULANT FREE NITRIC OXIDE PRE-WORKOUT

MORE PUMP + VASCULARITY ZERO CRASH

Available at Elvare Group with fast, reliable delivery across South Africa.","NUTRITECH VASO-NO3 contains no stimulants, no creatine and no banned substances, making This supplement safe for use by professional athletes. Nitrate (NO3) is an advanced compound that amplifies the effectiveness of anything it is consumed with. L-Arginine is potent precursor to nitric oxide which promotes vascularity, size, strength and growth hormone levels. With NUTRITECH VASO-NO3, L-Arginine has been fused with Nitric Acid to create Arginine Nitrate. Arginine Nitrate offers a longer lasting boost in Nitric Oxide, energy levels and pump than any other compound.

Available at Elvare Group with fast, reliable delivery across South Africa.",taxable,1,,0,0,315.00,,"Pre Workout, Nutritech","https://www.psychoskull.co.za/wp-content/uploads/2018/03/Psycho-Skull-Nutritech-Vaso-NO3.png, https://www.psychoskull.co.za/wp-content/uploads/2018/03/Vaso-NI-Panel.jpg",,0,instock
simple,6009704810124,Nutritech – Beta-Alanine 120 Caps,1,0,visible,"NutriTech® Beta-Alanine is a dietary supplement formulated to help athletes and bodybuilders increase their muscle strength and endurance. Supports improve performance and reduce fatigue.

Available at Elvare Group with fast, reliable delivery across South Africa.","NUTRITECH BETA ALANINE has been formulated with 2200 mg of beta-alanine per single serving, the only naturally occurring beta-amino acid. An exceptional choice for the athlete looking to increase ability and performance in prolonged explosive exercise or prolonged endurance exercise.

Available at Elvare Group with fast, reliable delivery across South Africa.",taxable,1,,0,0,220.00,,"Aminos, Nutritech","https://www.psychoskull.co.za/wp-content/uploads/2018/03/Psycho-Skull-Nutritech-Beta-Alanine-New.png, https://www.psychoskull.co.za/wp-content/uploads/2018/03/NutriTechfit-Beta-Alanine-typical-nutritional-information.jpg",,0,instock
simple,6009802884294,Nutritech – Joint Support,1,0,visible,"HELP REBUILD TENDONS + LIGAMENTS

ULTIMATE JOINT + BONE SUPPORT

Available at Elvare Group with fast, reliable delivery across South Africa.",Recover fast and strengthen ythis joints!,taxable,0,,0,0,245.00,,"Nutritech, Health & Recovery","https://www.psychoskull.co.za/wp-content/uploads/2018/03/Psycho-Skull-Nutritech-Joint-Support.png, https://www.psychoskull.co.za/wp-content/uploads/2018/03/Joint-Support-NI-Panel.jpg",,0,outofstock
simple,6009704810018,Nutritech – CLA 3 Pack,1,0,visible,"Aids in REDUCE FAT & PRESERVE MUSCLE

PROMOTES ABDOMINAL FAT LOSS

Available at Elvare Group with fast, reliable delivery across South Africa.","CONJUGATED LINOLEIC ACIDE – BODY TONING ANTIOXIDANT
NUTRITECH CLA 1000 has been formulated with 1000 mg of cojugated linoleic acid (80%). Cojugated linoleic acid (CLA) is a naturally occurring fatty acid which is found in various meats and vegetables, but cannot be produced by the body. THE LOWDOWN – CLA
CLA inhibits Lipoprotein Lipase, an enzyme that breaks the fat from ythis diet down so that it can be absorbed and stored in your body. Once digested, CLA is absorbed and metabolized by ythis body. THE LOWDOWN – NUTRITECH CLA
An exceptional choice for those for on advanced training programmes looking to improve body composition. NUTRITECH CLA 1000 combines the potential benefits of cojugated linoleic acid to bring you an easy to swallow softgel suitable for anytime of the day and formulated to positively influence your weight management programme, which includes regular exercise and an energy-restricted diet.

Available at Elvare Group with fast, reliable delivery across South Africa.",taxable,0,,0,0,420.00,,"Fat Burners, Nutritech","https://www.psychoskull.co.za/wp-content/uploads/2018/03/Psycho-Skull-Nutritech-Thermotech-CLA-1000-Combo.png, https://www.psychoskull.co.za/wp-content/uploads/2018/03/NutriTechfit-CLA-nutritional-facts-1.png",,0,outofstock
simple,6009802884287,Nutritech – BCAA 4000 120 Caps,1,0,visible,"BCAA 2:1:1 RATIO RECOVERY SUPPORT

Aids in REDUCE MUSCLE SORENESS + FATIGUE

Available at Elvare Group with fast, reliable delivery across South Africa.","MUSCLE RECOVERY – 2:1:1 BCAA RATIO
NUTRITECH BCAA 4000 has been formulated with a precise blend of three of the nine essential amino acids, including Leucine, Isoleucine and Valine, with 4000 mg of branched chain amino acids per single serving. An exceptional choice of BCAAs by any athlete, with a 2:1:1 ratio of 2000 mg of L-Leucine, 1000 mg of L-Isoleucine and 1000 mg of Valine per single serving. BCAAs protect lean muscle during and post intense workouts, assist protein synthesis and boost recovery. NUTRITECH BCAA 4000 is excellent for on-the-go and easy to consume for the athlete on the fly. BRANCH CHAIN – AMINO ACID
NUTRITECH BCAA 4000 has been specifically formulated to help preserve muscle tissue and preserve glycogen stores in the muscle. The muscle building effects of protein are primarily attributed to Branched Chain Amino Acids (BCAAs) which have anabolic and anti-catabolic properties. THE LOWDOWN – BCAAS FOR TRAINING
Supplementing BCAAs before training has been shown to effectively suppress muscle tissue breakdown, damage and soreness after training. BCAAs not only increase the rate of protein synthesis, but also increase the cell’s capacity for protein synthesis, reducing the rate of protein breakdown. BCAAs are naturally occurring elements, found in high concentrations in salmon, cashew nuts, milk, grains, etc.

Available at Elvare Group with fast, reliable delivery across South Africa.",taxable,1,,0,0,210.00,,"Aminos, Nutritech, Health & Recovery","https://www.psychoskull.co.za/wp-content/uploads/2018/03/Psycho-Skull-Nutritech-BCAA-4000-New.png, https://www.psychoskull.co.za/wp-content/uploads/2018/03/BCAA-4000-NI-Panel.jpg",,0,instock
