Type,SKU,Name,Published,Is featured?,Visibility in catalog,Short description,Description,Tax status,In stock?,Stock,Backorders allowed?,Sold individually?,Regular price,Sale price,Categories,Images,Weight (kg),Manage stock?,Stock status
simple,6009835080885-9835080888,TNT – Psycho Shaker,1,0,visible,"The most studied natural performance aid with proven muscle performance benefits.

Available at Elvare Group with fast, reliable delivery across South Africa.","Psycho Shaker by TNT. A premium supplement formulated for optimal results. Available at Elvare Group with fast, reliable delivery across South Africa.",taxable,1,,0,0,85.00,,"TNT Mercury, Accessories",https://www.psychoskull.co.za/wp-content/uploads/2026/04/WhatsApp-Image-2026-04-25-at-09.19.03.jpeg,,0,instock
simple,,ATP – Micronized Creatine Monohydrate 250 g | 100% Pure | Unflavoured,1,0,visible,"Micronized Creatine Monohydrate 250 g | 100% Pure | Unflavoured by ATP. A premium supplement formulated for optimal results. Available at Elvare Group with fast, reliable delivery across South Africa.","Stop drinking “Industrial Grade” grit. Most creatine is a coarse, 80-mesh powder that sits in ythis gut and causes bloating. ATP Fitness uses a 200-mesh Micronized Standard-a precision-refined powder that dissolves and absorbs rapidly without the chalky aftertaste. Why Choose ATP Micronized Creatine? - Zero Grit & No Bloating : Tired of chalky, hard-to-drink supplements that upset ythis stomach? While standard industry creatine uses a coarse 80 mesh, this premium formula is micronized to an ultra-fine 200 mesh. This drastically reduces particle size, meaning it dissolvescompletely, absorbs rapidly into the bloodstream, and eliminates the gastrointestinal discomfort often caused by cheaper brands. - Laser Focus & Brain Health (Neuroprotection): Micronized creatine isn’t just for muscles; ythis brain demands massive amounts of energy too. Creatine aids in buffer energy levels in the brain, supporting focus, cognitive function, and mental clarity during high-stress activities. - Faster Recovery & Endurance (Mitochondrial Support): Don’t let fatigue dictate ythis workouts. By buffering energy levels and reducing oxidative stress at a cellular level, our micronized creatine aids in you recover faster between sets and bounce back quicker after brutal sessions. - Visible Muscle Fullness (Cellular Hydration): Experience better pumps and muscle density. This creatine draws water directly into the muscle cells, enhancing cellular hydration which speeds up protein synthesis and creates the optimal environment for muscle growth. - Explosive Strength & Energy (ATP Regeneration): Creatine is ythis body’s primary energy currency. By rapidly replenishing adenosine triphosphate (ATP) stores, this monohydrate allows you to push harder, lift heavier, and sustain maximum power output during short, high-intensity bursts. The ATP Fitness Promise: Strictly Research-Backed & Uncompromised. Unlike other brands that rely on hype, proprietary blends, and unnecessary additives, Elvare Group believe in radical purity and evidence-based performance. Every supplement Elvare Group create is strictly research-backed. Formulated in Stellenbosch using advanced sports science and clinical-grade nutrients, ATP Fitness relies strictly on ingredients scientifically proven to work. - Premium Micronized 200 Mesh Creatine Monohydrate

- Zero Artificial Flavours, Colours, or Fillers

- Highly Soluble & Unflavoured: This micronized powder mixes instantly and invisibly into your pre-workout, protein shake, or water. - Fast-Absorbing: Excellent for intra-workout fuel or post-exercise recovery. Upgrade ythis performance with the science of ATP Fitness.

Available at Elvare Group with fast, reliable delivery across South Africa.",taxable,1,,0,0,235.00,,"Creatine, ATP Fitness",https://www.psychoskull.co.za/wp-content/uploads/2026/03/s-zoom.file-3.webp,,0,instock
simple,,ATP – ATP Belgian Cocoa Whey | 1 kg | Unsweetened,1,0,visible,"ATP Belgian Cocoa Whey | 1 kg | Unsweetened by ATP. A premium supplement formulated for optimal results. Available at Elvare Group with fast, reliable delivery across South Africa.","Power Ythis Recovery with Clean, Natural Protein
Fuel your training and recovery with ATP Belgian Cocoa Whey Protein Concentrate – a premium, natural protein powder made for athletes, fitness enthusiasts, and anyone looking to support lean muscle growth. Imported whey protein concentrate from Denmark combined with authentic Belgian cocoa gives you a rich chocolate taste without added sugar, fillers, or artificial ingredients. Key Features & Benefits

- 30.5g Protein per Serving Bolsters Lean Muscle Growth

Delivers a high dose of protein to aid recovery, strength, and performance. - Made with Authentic Belgian Cocoa Rich, Natural Flavour

Enjoy smooth, chocolate taste without added sugars or flavourings. - Whey Protein Imported from Denmark Premium European Quality

Trusted, clean source of protein for maximum results. - No Additives, No Preservatives Pure, Clean Nutrition

Free from fillers, colourants, flavourings, and unnecessary ingredients. - Versatile Use Shake, Smoothies, or Recipes

Blend with milk or add to recipes for a protein boost throughout the day. Nutritional Information (Per 45g Serving)

- Protein: 30.5 g

- Carbohydrates: 2.7 g

- Total Fat: 3.1 g

- Dietary Fibre: 3.8 g

- Energy: 675 kJ / 160 kcal

- Plus essential amino acids, vitamins, and minerals for optimal recovery. Suggested Use:

Mix 2 heaped scoops (45g) with 300-400ml of milk and blend for a smooth protein shake. Best consumed post-workout or between meals. What’s in the Box? - 1 x 1kg Belgian Cocoa Whey Protein Concentrate

- 1 x Scoop (50ml)

- Pressure-sensitive liner & moisture-protecting desiccants

Important Info

- Allergens: Features dairy (including lactose) and soy. - Not suitable for infants or children under 3 years. - Store in a cool, dry place below 25 C. - This supplement is not intended as a sole source of nutrition.

Available at Elvare Group with fast, reliable delivery across South Africa.",taxable,1,,0,0,685.00,,"Health & Recovery, ATP Fitness, Protein",https://www.psychoskull.co.za/wp-content/uploads/2026/03/s-zoom.file-2.webp,,0,instock
simple,,ATP – Beta Alanine 200 g | Pure | Unflavoured,1,0,visible,"Beta Alanine 200 g | Pure | Unflavoured by ATP. A premium supplement formulated for optimal results. Available at Elvare Group with fast, reliable delivery across South Africa.","ATP Fitness Beta-alanine 

Beta-alanine is a non-essential beta-amino acid that serves as the rate-limiting precursor to carnosine, a dipeptide buffer found in skeletal muscle. By increasing intracellular carnosine concentrations, beta-alanine aids in regulate pH by neutralizing hydrogen ions that accumulate during anaerobic metabolism. This buffering capacity plays a key role in maintaining muscle function and delaying neuromuscular fatigue during sustained exertion. This pure, crystallised form of Beta-alanine is more chemically stable and allows for more precise dosing, ensuring both safety and efficacy for athletes and fitness enthusiasts alike. Key Benefits of ATP Fitness Beta-alanine:

Carnosine Synthesis & pH Regulation
Beta-alanine is the rate-limiting precursor to carnosine, a dipeptide that buffers hydrogen ions in muscle cells. Accumulated H+ during anaerobic metabolism leads to a drop in pH, contributing to muscular fatigue. By increasing carnosine levels, beta-alanine aids in maintain optimal intracellular pH and delays acidosis-induced fatigue. Intramuscular Buffering Capacity
Elevated carnosine concentrations amplify the muscle’s ability to neutralize excess acidity during sustained contractions. This buffering system is particularly beneficial during high-intensity efforts where glycolytic metabolism predominates. As a result, beta-alanine supplementation bolsters longer-duration exertion before reaching metabolic limits. Reactive Oxygen Species (ROS) Scavenging
Carnosine also exhibits antioxidant properties, helping to neutralize reactive oxygen species (ROS) generated during exercise-induced oxidative stress. By reducing oxidative damage, it preserves cellular structures and preserves mitochondrial efficiency. This secondary function contributes to recovery and long-term muscle performance. Neuromuscular Function & Excitation-Contraction Coupling
Beta-alanine has been linked to improvements in neuromuscular function by enhancing calcium sensitivity in muscle fibers. This bolsters more efficient excitation-contraction coupling, allowing for stronger and more sustained muscle contractions. Increased calcium handling also plays a role in delaying fatigue at the neuromuscular junction. At ATP, Elvare Group strive to keep everything pure and unflavoured, unlike other supplements that add unnecessary additives. This commitment to delivering high-grade supplements ensures you get clean, powerful nutrients with no artificial flavours, colours, or fillers. Our crystallised Beta-alanine is rapidly absorbed for fast-acting support, excellent for pre-workout supplementation. How to supplement with Beta-alanine? If you have supplemented with Beta-alanine before: Take one level scoop (3 g) dissolved in water or ythis favourite beverage approximately 30 minutes before a workout. If you have not supplemented with Beta-alanine before: Start with half a scoop, building up to a full scoop over the course of the first week. Serving size: 1 level scoop (3 g)

Servings per container: 66

What’s Under the Lid? Pressure Seal: Ensures that the Beta-alanine remains clean and dry, protecting the product’s quality. 5-gram desiccant: Added to keep the product dry and free from moisture. 5 ml Plastic Scoop: Included for ythis convenience, allowing for easy and accurate supplementation

Available at Elvare Group with fast, reliable delivery across South Africa.",taxable,0,,0,0,245.00,,"Aminos, Health & Recovery, ATP Fitness",https://www.psychoskull.co.za/wp-content/uploads/2026/03/s-zoom.file_.png,,0,outofstock
simple,,ATP – L-Citrulline Malate 250 g | 100% Pure,1,0,visible,"L-Citrulline Malate 250 g | 100% Pure by ATP. A premium supplement formulated for optimal results. Available at Elvare Group with fast, reliable delivery across South Africa.","ATP Fitness L-Citrulline Malate 250 g

L-Citrulline Malate, a powerful supplement taken before workout formulated to increase nitric oxide production, which improves blood flow and subsequently enhances exercise performance and endurance. You can typically expect to notice increased blood flow and muscle pump within 30 to 60 minutes after taking L-Citrulline Malate. Citrulline malate is a combination of L-citrulline, a non-essential amino acid, and malic acid, a Krebs cycle intermediate that plays a role in aerobic energy metabolism. L-citrulline is converted into L-arginine in the kidneys, supporting endogenous nitric oxide production and subsequent vasodilation. The malate component contributes to ATP production by facilitating oxidative phosphorylation, enhancing mitochondrial efficiency. Nitric Oxide Production & Vasodilation – Improves blood flow
L-citrulline is a key precursor to L-arginine in the nitric oxide (NO) synthesis pathway, where it facilitates NO production via endothelial nitric oxide synthase (eNOS). This encourages vasodilation, improving blood flow and oxygen delivery to working muscles. Enhanced circulation allows for better nutrient exchange and metabolic waste removal. Ammonia Clearance & pH Buffering
Citrulline plays a role in the urea cycle, where it aids in the detoxification of ammonia, a byproduct of protein metabolism. Excess ammonia accumulation can contribute to fatigue by disrupting cellular pH and interfering with ATP production. By facilitating ammonia clearance, citrulline malate bolsters sustained muscular performance. Malate-Driven Aerobic Energy Production
Malate, an intermediate of the tricarboxylic acid (TCA) cycle, amplifies oxidative phosphorylation and ATP generation. This bolsters prolonged energy output by improving mitochondrial efficiency in aerobic metabolism. The combined effect of citrulline and malate ensures a dual mechanism for both NO-driven vasodilation and enhanced ATP synthesis. Enhanced Arginine Bioavailability
Unlike direct L-arginine supplementation, which is subject to rapid degradation by arginase in the gastrointestinal tract, citrulline circumvents this metabolic limitation. It is efficiently converted into arginine in the kidneys, leading to prolonged elevations in plasma arginine levels. This results in sustained NO production and improved endothelial function. At ATP Fitness, Elvare Group strive to keep everything pure and unflavoured, unlike other supplements with unnecessary additives. This commitment to delivering high-grade supplements ensures you get clean, powerful nutrients with no artificial flavours, colours, or fillers. Our L-Citrulline Malate is rapidly absorbed for fast-acting support, excellent for pre-workout fuel. How to supplement with L-Citrulline Malate? Take one level scoop (4 g) dissolved in water or ythis favourite beverage approximately 30 minutes before a workout. Serving size: 1 level scoop (4 g)

Servings per container: 62

What’s Under the Lid? Pressure seal: Ensures the L-Citrulline Malate remains clean and dry, protecting the product’s quality. 5 g silica gel: Added to keep the product dry and free from moisture. 5 ml plastic scoop: Included for ythis convenience, allowing for easy and accurate supplementation.

Available at Elvare Group with fast, reliable delivery across South Africa.",taxable,1,,0,0,245.00,,"Aminos, Health & Recovery, ATP Fitness",https://www.psychoskull.co.za/wp-content/uploads/2026/03/s-zoom.file_.webp,,0,instock
simple,6009835080885-9835080887,TNT – CREATINE PRIMIN FUEL 460G,1,0,visible,"The most studied natural performance aid with proven muscle performance benefits.

Available at Elvare Group with fast, reliable delivery across South Africa.","CREATINE PRIMING FUEL by TNT is a stimulant-free, high-performance hydration and power matrix formulated to prime your muscles before training. Formulated with clinically efficient doses of creatine, key amino acids, and cellular osmolytes. This advanced blend delivers explosive strength, endurance, and hydration bolster without relying on caffeine or artificial stimulants. Each serving floods ythis muscles with the fuel they need to perform harder, recover faster, and stay hydrated through even the most intense training sessions. Whether ythis goal is to lift heavier, push further, or enhance performance naturally, CREATINE PRIMING FUEL provides the physiological foundation toget it done. Enhances cellular hydration through taurine and betaine synergy / Buffers fatigue and improves endurance with beta-alanine / Supports recovery and natural creatine synthesis with glycine / Stimulant-free formula, stack with ythis favourite pre-workout or enjoy clean performance on its own. TYPICAL NUTRITIONAL INFORMATION

CREATINE PRIMING FUEL

CLINICALLY DOSED CREATINE, OSMOLYTES & BUFFERS FOR PEAK PERFORMANCE

TYPICAL NUTRITIONAL INFORMATION

Servings per container: 25
PER 100 g
PER 18,4 g

SERVING

Energy
≤ 390 kJ
≤ 70 kJ

Protein

   (as amino acid nitrogen equivalents)
22 g
4 g

Total Carbohydrates
0,0 g
0,0 g

  of which Sugars
0,0 g
0,0 g

Total Fats
0,0 g
0,0 g

  of which Saturated
0,0 g
0,0 g

Total Fibre
0,0 g
0,0 g

Total Sodium
0,0 mg
0,0 mg

Clinically Dosed Performance Stack

Creatine Monohydrate

7,500 mg

Taurine

3,000 mg

Beta-Alanine

3,000 mg

Betaine Anhydrous

2,000 mg

Glycine

500 mg

*%Nutrient Reference Values (NRV) for individuals 4 years and older (2010). †Nutrient Reference Value (NRV) not yet established. #Dietary Fibre method of analysis AOAC 991.43. INGREDIENTS:
Micronized Creatine Monohydrate, Taurine, Beta-Alanine, Glycine, Betaine Anhydrous, silica, Stabiliser, Citric Acid, Sodium Bi Carbonate, Silicon Dioxide. ALLERGENS:
This supplement is produced in a facility that may also process ingredients containing Soy, Egg, Wheat (Gluten) & Nuts. This supplement is intended for healthy adults only. Do not exceed the recommended daily dose. Consult ythis healthcare practitioner before use if you have a medical condition, are pregnant, or are taking medication. Beta-alanine may cause a harmless tingling sensation. Keep out of reach of children. DIRECTION FOR USE:
Add one level scoop to any flavoured beverage and drink prior to exercise or sip during training.

Available at Elvare Group with fast, reliable delivery across South Africa.",taxable,1,,0,0,350.00,,"Creatine, TNT Mercury",https://www.psychoskull.co.za/wp-content/uploads/2026/03/TNT-Creatine-Priming-Fuel-460g-1000x1000-1.webp,,0,instock
simple,6009835080885-9835080886,TNT – CREATINE MONO 450g,1,0,visible,"The most studied natural performance aid with proven muscle performance benefits.

Available at Elvare Group with fast, reliable delivery across South Africa.","Creatine is one of the most researched and efficient performance-enhancing supplements in the world. Regular use increases phosphocreatine stores in the muscles, allowing for faster ATP regeneration during short, intense bursts of activity. This leads to greater strength, explosive power, improved endurance, and accelerated recovery between sets. TNT’s ultra-fine Micronized Creatine is designed for maximum solubility, ensuring rapid mixing and absorption without grittiness. It can be easily combined with other supplements or taken on its own as a daily performance foundation. Whether you’re a power athlete, bodybuilder, or focused on lean muscle development, Prime Creatine aids in unlock your peak physical potential and training intensity. TYPICAL NUTRITIONAL INFORMATION

PURE CREATINE MONOHYDRATE 450G

INCREASES STRENGTH AND POWER OUTPUT

TYPICAL NUTRITIONAL INFORMATION

Servings per container: 90

Serving size: 1 heaped scoop (5g)

Per
Per single

100 g
serving

Creatine Monohydrate
100 g
5 g

** Daily value not established

*%Nutrient Reference Values (NRV) for individuals 4 years and older (2010). †Nutrient Reference Value (NRV) not yet established. #Dietary Fibre method of analysis AOAC 991.43. INGREDIENTS:
Creatine Monohydrate

ALLERGENS:
None. This supplement is made in a factory that uses dairy, soy, egg and gluten (wheat, oats and Barley). DIRECTION FOR USE:
Serving size 5g: Approx 1 Heaped scoop. Directions For TNT Mercury Creatine: For the first 3 days (loading phase): Mix 1 scoop with 150ml of water and consume 4 times daily. After day 3 (maintenance phase): Mix 1 scoop with 150ml of water 1 to 2 times daily. Alternate Use: For more impressive results, replace water witha high glycemic carbohydrate beverage or supplement likeCARB FUEL, HBCD & VITARGO by TNT.

Available at Elvare Group with fast, reliable delivery across South Africa.",taxable,1,,0,0,295.00,,"Creatine, TNT Mercury",https://www.psychoskull.co.za/wp-content/uploads/2026/03/TNT-Pure-Creatine-450g-1000x1000-1.webp,,0,instock
simple,,Black Bull – Huge Protein Bar,1,0,visible,"MUSCLE & STRENGTH CREATINE

• Gain muscle fast

• Increase strength gains

• Maximise muscle performance

Available at Elvare Group with fast, reliable delivery across South Africa.","HARDCORE PROTEIN BAR. NO COMPROMISES. ✓ 19 g protein to bolster muscle recovery and growth✓ Full 5 g creatine monohydrate per bar for real strength and size

✓ 32 g carbohydrates to fuel training and support mass gain✓ 316 kcal of dense fuel to support mass and performance✓ Built for lifters who need results, not snacks

ANABOLIC FUEL. The Black Bull Huge Bar is not a convenience snack. It is a purpose-built anabolic bar designed for serious lifters who train hard and eat to grow. Unlike dry, chalky protein bars, the Huge Bar is dense, satisfying, and built to actually go down easy. Rich chocolate, crispy rice, and crunchy peanuts deliver real taste and texture, making it something you look forward to eating, not something you force down. Each bar delivers quality protein combined with a full daily serving of creatine to bolster strength, recovery, and muscle size. High in calories, dense in nutrition, and easy to carry, it works as a potent post-workout hit, between-meal fuel, or a no-nonsense meal replacement when there is no time to slow down. Designed for the South African training lifestyle. Built for grinders. Trusted under the bar.

Available at Elvare Group with fast, reliable delivery across South Africa.",taxable,0,,0,0,35.00,,"Creatine, Black Bull, Protein",https://www.psychoskull.co.za/wp-content/uploads/2026/03/WhatsApp-Image-2026-03-04-at-08.32.35-2.jpeg,,0,outofstock
simple,,Slender You – Craving Buster,1,0,visible,"Craving Buster by Slender You. A premium supplement formulated for optimal results. Available at Elvare Group with fast, reliable delivery across South Africa.","Why You’ll Love It

Control cravings before they control you. Slender You® Craving Buster is ythis natural, stimulant-free solution to help keep hunger in check. Formulated with powerful plant-based ingredients, it aids in you feel satisfied for longer, reduces the urge to snack on empty calories and supports balanced eating habits, making it easier to stick to your weight loss or maintenance goals. Whether you struggle with mid-afternoon snack attacks, late-night cravings, or emotional eating, Craving Buster works with ythis body to promote a calmer, more controlled appetite. It’s excellent for busy lifestyles, portion control and anyone wanting a more mindful relationship with food. Why it works

- Konjac Root (Glucomannan): A natural, zero-calorie fiber that can expand up to 50x its weight in water, creating a feeling of fullness and slowing sugar absorption. This bolsters blood sugar balance and improved metabolic health. - Garcinia Cambogia: A tropical fruit extract that blocks fat production (via HCA) and increases serotonin, which can reduce emotional eating and help regulate appetite.

Available at Elvare Group with fast, reliable delivery across South Africa.",taxable,1,,0,0,190.00,,"Slender You, Health & Recovery, Fat Burners",https://www.psychoskull.co.za/wp-content/uploads/2026/03/WhatsApp-Image-2026-03-04-at-08.32.36-2.jpeg,,0,instock
simple,,Slender You – Vegan Shake,1,0,visible,"Vegan Shake by Slender You. A premium supplement formulated for optimal results. Available at Elvare Group with fast, reliable delivery across South Africa.","Why You’ll Love It

Complete Plant-Based Nutrition, Refined

The new Slender You® Vegan Shake is designed for anyone who wants premium plant-based nutrition without compromise. Each serving fuels ythis body with complete vegan protein, supports smoother digestion and provides balanced energy. Improved Formulation

• Complete vegan protein blend

• MCT oil for long-lasting energy

• Prebiotic fiber for gut health & fullness

• 20+ vitamins and minerals

• Only 123 calories per serving

• New taste experience

Why It Works

• Complete Protein: Pea, soy & rice deliver all essential amino acids for recovery, satiety and daily fuel. • Energy Without Crashes: MCT oil offers a steady energy release instead of sugar spikes. • Gut Bolster & Balance: Inulin & polydextrose feed good bacteria, aid digestion and curb cravings. • Weight & GLP-1 Friendly: No added sugar, maltodextrin, or artificial fillers, excellent for clean weight management. • Nutrient Density: 20+ vitamins and minerals to bolster skin, energy and overall wellness.

Available at Elvare Group with fast, reliable delivery across South Africa.",taxable,1,,0,0,315.00,,"Slender You, Health & Recovery, Protein",https://www.psychoskull.co.za/wp-content/uploads/2026/03/WhatsApp-Image-2026-03-04-at-08.32.36.jpeg,,0,instock
simple,,Vitatech – Sleep Support,1,0,visible,"Sleep Support by Vitatech. A premium supplement formulated for optimal results. Available at Elvare Group with fast, reliable delivery across South Africa.","Vitatech Sleep Bolster Tablets. High absorption all natural sleep aid supplement. Encourages relaxation and a restful nights sleep. Advanced botanical blend. Tablet to be taken daily. All natural advanced sleep aid supplement

Promotes relaxation and a restful nights sleep

Daily wellness supplement to compliment ythis lifestyle. SERVINGS: 30 Coated Tablets

Available at Elvare Group with fast, reliable delivery across South Africa.",taxable,1,,0,0,115.00,,"Health & Recovery, Vitatech",https://www.psychoskull.co.za/wp-content/uploads/2026/03/WhatsApp-Image-2026-03-04-at-08.32.34-1.jpeg,,0,instock
simple,,Vitatech – Test Support,1,0,visible,"Test Support by Vitatech. A premium supplement formulated for optimal results. Available at Elvare Group with fast, reliable delivery across South Africa.","Vitatech Testo Bolster tablets male performance supplement. Efficient and fast acting male vitality supplement all natural ingredients to naturally boost male vitality and performance. Tablet to be taken daily. All natural Testosterone support supplement

Effective and fast acting male vitality supplement all natural ingredients to naturally boost male vitality and performance

Daily wellness supplement to compliment ythis lifestyle.

Available at Elvare Group with fast, reliable delivery across South Africa.",taxable,1,,0,0,95.00,,"Health & Recovery, Vitatech",https://www.psychoskull.co.za/wp-content/uploads/2026/03/WhatsApp-Image-2026-03-04-at-08.32.34.jpeg,,0,instock
simple,,Vitatech – Vitamin C shot Sachet,1,0,visible,"Vitatech Berberine Plus, the latest in weight management harnessing the power of nature. Bolsters blood sugar balance, metabolism, and weight management with highly bioavailable Dihydroberberine for optimal absorption

Available at Elvare Group with fast, reliable delivery across South Africa.","Vitamin C shot Sachet by Vitatech. A premium supplement formulated for optimal results. Available at Elvare Group with fast, reliable delivery across South Africa.",taxable,1,,0,0,25.00,,"Health & Recovery, Vitatech",https://www.psychoskull.co.za/wp-content/uploads/2026/03/WhatsApp-Image-2026-03-04-at-08.32.35.jpeg,,0,instock
simple,,Vitatech – Joint Support,1,0,visible,"Vitatech Berberine Plus, the latest in weight management harnessing the power of nature. Bolsters blood sugar balance, metabolism, and weight management with highly bioavailable Dihydroberberine for optimal absorption

Available at Elvare Group with fast, reliable delivery across South Africa.","Vitatech Joint Bolster tablets with With OptiMSM® and Glucosamine HCL. Efficient and fast acting all natural supplement. Tablet to be taken daily. One a day

For women’s health boosts energy, immunity and bone strength

Daily wellness supplement to compliment ythis lifestyle.

Available at Elvare Group with fast, reliable delivery across South Africa.",taxable,1,,0,0,105.00,,"Health & Recovery, Vitatech",https://www.psychoskull.co.za/wp-content/uploads/2026/03/WhatsApp-Image-2026-03-04-at-08.32.34-2.jpeg,,0,instock
simple,,Evolve – Creatine HCL Caps,1,0,visible,"Creatine HCL Caps by Evolve. A premium supplement formulated for optimal results. Available at Elvare Group with fast, reliable delivery across South Africa.","Evolve Nutrition Basix Creatine HCL is creatine that is bonded to hydrogen chloride. This bond enables the creatine to ‘survive’ going through stomach acid to reach ythis muscle cells at full dose. A benefit of Creatine HCL is that it does not have to be loaded like Creatine Monohydrate. Creatine is one of the most studied sports supplements on the market, shown to increase workout performance and improve recovery.

Available at Elvare Group with fast, reliable delivery across South Africa.",taxable,1,,0,0,210.00,,"Evolve, Creatine, Health & Recovery",https://www.psychoskull.co.za/wp-content/uploads/2026/03/evolve-nutrition-basix-creatine-hcl_1.jpg,,0,instock
simple,,SSA – Hellfire Pump 120g,1,0,visible,"Hellfire Pump 120g by SSA. A premium supplement formulated for optimal results. Available at Elvare Group with fast, reliable delivery across South Africa.","SSA Supplements Hellfire Pump Max is another edition in the Hellfire Pre-Workout Series, that literally gets you PUMPED up each and every workout! What’s inside? This stimulant-free formula, packed with the best vasodilating and nitric oxide boosting ingredients, will leave you with skin-ripping pumps and super-charge ythis workout performance! SSA Hellfire Pump Max features high-dosed Citrulline for maximum blood flow and nutrient delivery, with Arginine AKG, Beta Alanine and Creatine also included to increase strength and muscle endurance, everything you need and more for the ULTIMATE PUMP! Take it anytime of day or stack it with any other Hellfire Pre-Workout to maximise performance. Benefits

- Boosts Nitric Oxide & Pumps

- Stimulant FREE

- Increased nutrient delivery

- Improved Workout Performance

When do I take it? Take 1 serving 15-30 minutes pre-workout. How do I take it? Mix 1 serving into 250ml cold water.

Available at Elvare Group with fast, reliable delivery across South Africa.",taxable,1,,0,0,200.00,,"SSA, Pre Workout",https://www.psychoskull.co.za/wp-content/uploads/2026/03/WhatsApp-Image-2026-02-25-at-17.09.13-2.jpeg,,0,instock
simple,,SSA – Hellfire Black 120g,1,0,visible,"The most extreme pre-workout you will ever experience. The Hellfire series of Pre-Workout supplements have been a favourite amongst athletes and hardcore weightlifters for years, and SSA’s Hellfire Black has exceeded all expectations with its hard-hitting formula! With ADVANCED users in mind, Hellfire Black was formulated to provide even the most seasoned Pre-Workout user with an experience they will never forget. Packed with highly concentrated ingredients, SSA’s Hellfire Black offers a true one serving formula that will provide an immediate surge of energy and focus each and every time.

Available at Elvare Group with fast, reliable delivery across South Africa.","The most extreme pre-workout you will ever experience. The Hellfire series of Pre-Workout supplements have been a favourite amongst athletes and hardcore weightlifters for years, and SSA’s Hellfire Black has exceeded all expectations with its hard-hitting formula! With ADVANCED users in mind, Hellfire Black was formulated to provide even the most seasoned Pre-Workout user with an experience they will never forget. Packed with highly concentrated ingredients, SSA’s Hellfire Black offers a true one serving formula that will provide an immediate surge of energy and focus each and every time. Benefits

- Improved Energy and Focus

- Maximise Workout Performance

When do I take it? Take 1 serving 15-30 minutes pre-workout. How do I take it? Mix 1 serving into 250ml cold water. Do not take more than 1 serving per 24 hthis period.

Available at Elvare Group with fast, reliable delivery across South Africa.",taxable,1,,0,0,200.00,,"SSA, Pre Workout",https://www.psychoskull.co.za/wp-content/uploads/2026/03/WhatsApp-Image-2026-02-25-at-17.09.13-1.jpeg,,0,instock
simple,,Limitless – Methylene Blue,1,0,visible,"Encourages Accelerated Healing

Tissue Regeneration

Improved Gut Health

Available at Elvare Group with fast, reliable delivery across South Africa.","Each bottle features 60 capsules, offering 60 servings with 10 mg of methylene blue per capsule. Methylene blue is a synthetic compound with a long history of use, known for its potential to amplify mitochondrial efficiency and act as an antioxidant. This supplement works to sharpen mental focus and boost overall vitality, making it a unique addition to your wellness regimen. Key Features
Precise Potency: Offers 10 mg of methylene blue per serving, a low dose intended for safe, daily cognitive and cellular support. Daily Convenience: With 60 capsules, take one per day for a 60-day supply, easily integrating into ythis routine. Mitochondrial Boost: Amplifies energy production at the cellular level, potentially improving stamina and mental clarity. Premium-grade Formula: Delivers pharmaceutical-grade methylene blue in a clean, capsule form (specific purity details unavailable). Benefits
Cognitive Enhancement: May improve memory, focus, and mental sharpness by supporting brain energy metabolism. Cellular Energy: Encourages mitochondrial function, helping to combat fatigue and optimize physical performance. Antioxidant Support: Acts as a mild antioxidant, potentially protecting cells from oxidative stress and supporting longevity. How to Use
Take 1 capsule daily with water, preferably in the morning or early afternoon, to align with energy and focus needs. Avoid taking late in the day to prevent potential sleep disruption. Consult ythis healthcare provider before use, especially if you have medical conditions, are pregnant, or are on medications like SSRIs or MAOIs, due to possible interactions. Why Choose Limitless Performance Methylene Blue? This supplement offers a low-dose, accessible way to tap into methylene blue’s emerging benefits for brain health and vitality. Whether you’re a professional seeking a mental edge or someone focused on cellular wellness, Limitless Performance Methylene Blue provides a cutting-edge supplement to elevate ythis potential. Storage
Store in a cool, dry place, away from direct sunlight. Keep out of reach of children. Note: Results may vary. Benefits are based on general methylene blue research; verify specific claims with the manufacturer. Avoid overuse, as high doses may cause side effects like urine discoloration or serotonin-related risks.

Available at Elvare Group with fast, reliable delivery across South Africa.",taxable,1,,0,0,315.00,,"Health & Recovery, Limitless Performance",https://www.psychoskull.co.za/wp-content/uploads/2026/02/LP000007.webp,,0,instock
simple,,SSA – Clear Whey,1,0,visible,"- Elevate ythis hydration and recovery with SSA Clear Whey Isolate – a light, refreshing alternative to traditional milky protein shakes. Available in Lemon Lime and Fruit Punch, this ultra-clean formula delivers premium-grade protein with a crisp, juice-like taste.

Available at Elvare Group with fast, reliable delivery across South Africa.","Benefits:

- 20g Protein per Serving

Bolsters muscle recovery and growth with fast-absorbing whey isolate. - Clear & Light Texture

Mixes into a refreshing drink – no milky residue, excellent for post-workout hydration. - Low Carb & Fat-Free

Just 1g carbs, 0g fat, and 0g sugar per serving – ideal for lean goals. - Packed with EAAs & BCAAs

Incorporates 9g of essential amino acids and 4.3g of BCAAs per serving for optimal recovery. - Electrolyte-Friendly

Features sodium and amino acids to support hydration and performance. How to use
Add 1 scoop (26g) to 300–400ml of cold water, shake for 30 seconds, and enjoy. Why choose SSA Clear Whey? Whether you’re cutting, training hard, or just want a lighter protein option, SSA Clear Whey Isolate delivers clean nutrition without compromise. It’s dairy-based but transparent, and manufactured in South Africa to the highest standards. Ideal for lactose sensitive individuals.

Available at Elvare Group with fast, reliable delivery across South Africa.",taxable,1,,0,0,735.00,,"SSA, Creatine, Protein",https://www.psychoskull.co.za/wp-content/uploads/2026/02/SSA_Clear_Whey_Isolate_Fruit_Punch_6Nov2025.png.webp,,0,instock
simple,,Vitatech – Berberine Plus,1,0,visible,"Vitatech Berberine Plus, the latest in weight management harnessing the power of nature. Bolsters blood sugar balance, metabolism, and weight management with highly bioavailable Dihydroberberine for optimal absorption

Available at Elvare Group with fast, reliable delivery across South Africa.","Vitatech Berberine Plus

- Support Weight Management

- Blood Sugar Balance

- AMPK Activation for cellular energy

- Improved insulin sensitivity

- Cardiovascular Health

Potent Metabolic Activator – Dihydroberberine is a more bioavailable form of Berberine, ensuring better absorption and longer-lasting effects in the body. It plays a key role in activating AMPK (the body’s metabolic “master switch”), helping regulate blood sugar levels, enhance insulin sensitivity, and bolster healthy weight management by optimizing glucose and fat metabolism. Liver Bolster & Detoxification – Milk Thistle is rich in Silymarin, a potent antioxidant that supports liver function, detoxification, and metabolic health. A healthy liver is essential for efficient fat metabolism and blood sugar regulation, making Milk Thistle a valuable addition to this formula for holistic weight and metabolic

Inflammation & Insulin Sensitivity – Turmeric contains 95% Curcuminoids, which have potent anti-inflammatory and antioxidant properties. It plays a critical role in reducing inflammation linked to insulin resistance, supporting better blood sugar control, and enhancing overall metabolic health, which is essential for sustainable weight management. Blood Sugar Regulation & Fat Metabolism – Banaba Leaf is rich in Corosolic Acid, a compound known to bolster glucose uptake into cells, mimicking the effects of insulin. This supports stabilize blood sugar levels, reduce cravings, and support fat metabolism, making it an excellent natural aid for weight loss and healthy energy regulation. Enhanced Absorption & Metabolic Boost – Black Pepper features 95% Piperine, which significantly enhances the bioavailability of other ingredients, particularly Turmeric and Berberine. Additionally, it bolsters digestion, metabolism, and fat breakdown, helping the body utilize nutrients more effectively and amplify the benefits of this formulation.

Available at Elvare Group with fast, reliable delivery across South Africa.",taxable,1,,0,0,200.00,,"Health & Recovery, Vitatech",https://www.psychoskull.co.za/wp-content/uploads/2026/02/Berberine-1.png,,0,instock
simple,,TNT – GDA,1,0,visible,"With GlucoVantage (Dihydroberberine) 

- Optimize Glucose Disposal 

- Maximize Pump & Recovery 

- Enhanced muscle glycogen replenishment 

- Bolster anabolism 

- Improved fat loss

Available at Elvare Group with fast, reliable delivery across South Africa.","GDAs are popular in the fitness industry because athletes are very reliant on efficient insulin timing and glycogen uptake. GDA decreases the amount of insulin secreted by the body when consuming carbohydrate rich meals by acting as insulin and shuttling glucose into muscle cells. The act of shuttling glycogen into muscle cells is desirable, but when Elvare Group solely rely on insulin we run the risk of moving glucose into fat cells. By decreasing the body’s own insulin production, insulin receptors can be optimized and a decrease in fat gains can be realized. Similarly the GDAs, by mimicking insulins anabolic property, can shuttle glucose into the muscle resulting in lean muscle gain. A good quality GDA will allow you to eat more carbs to help encourage lean muscle gain, aid performance and limit the amount of these carbs being eventually stored as body fat. By taking GDA with ythis pre-workout meal, it will enhance the uptake of these carbs into glycogen within the muscle which then can be used as fuel when training. Glycogen full muscles when training will lead to greater muscle connection and longer pumps when training.

Available at Elvare Group with fast, reliable delivery across South Africa.",taxable,1,,0,0,450.00,,"Performance, TNT Mercury",https://www.psychoskull.co.za/wp-content/uploads/2025/11/GDA-980x980-1.webp,,0,instock
simple,,Healthy U – GLP1,1,0,visible,"Introducing the all new GLP1 enhancer

- Amplifies metabolism even with reduced calorie intake. - Stabilizes blood sugar, reducing cravings and hunger. - Bolsters gut health, reducing potential side effects of GLP-1 meds (like slow gastric emptying). - Boosts mental clarity, motivation, and mood during calorie restrictions. - Assists with weight loss

- Improved blood sugar control in type 2 diabetes

- Reductions in cardiovascular and chronic kidney disease risks

Available at Elvare Group with fast, reliable delivery across South Africa.","Introducing the all new GLP1 enhancer

- Amplifies metabolism even with reduced calorie intake. - Stabilizes blood sugar, reducing cravings and hunger. - Bolsters gut health, reducing potential side effects of GLP-1 meds (like slow gastric emptying). - Boosts mental clarity, motivation, and mood during calorie restrictions. - Assists with weight loss

- Improved blood sugar control in type 2 diabetes

- Reductions in cardiovascular and chronic kidney disease risks

Available at Elvare Group with fast, reliable delivery across South Africa.",taxable,1,,0,0,400.00,,"Healthy U Nutrition, Aminos, Health & Recovery, Peptides",https://www.psychoskull.co.za/wp-content/uploads/2025/10/WhatsApp-Image-2025-10-23-at-09.13.40.jpeg,,0,instock
simple,,Healthy U Flask,1,0,visible,"Healthy U Flask. A premium supplement formulated for optimal results. Available at Elvare Group with fast, reliable delivery across South Africa.",Premium-grade with Multiple Lids,taxable,0,,0,0,315.00,,"Healthy U Nutrition, Accessories",https://www.psychoskull.co.za/wp-content/uploads/2025/09/WhatsApp-Image-2025-09-11-at-10.28.33-1.jpeg,,0,outofstock
simple,,Black Bull – 700ml Shaker Bottle,1,0,visible,"MALE PERFORMANCE POWERHOUSE

• Increase muscle mass & strength

• Build stronger & denser bones

• Increase sex drive & function

Available at Elvare Group with fast, reliable delivery across South Africa.","SHAKER BOTTLE FEATURES
✓ Carry loop for easy transport

✓ Rounded base fits in cup holders

✓ Easy to read measurement markings

Available at Elvare Group with fast, reliable delivery across South Africa.",taxable,0,,0,0,65.00,,"Accessories, Black Bull",https://www.psychoskull.co.za/wp-content/uploads/2025/08/WhatsApp-Image-2025-08-09-at-08.58.10.jpeg,,0,outofstock
simple,,Slender You – Shaker,1,0,visible,"Supercharge ythis wellness journey, boost your immunity and fight bloating with 34 superfoods in one powerful green juice.

Available at Elvare Group with fast, reliable delivery across South Africa.","New & improved ULTRA cute Shaker Bottle. Convenient 500ml size to fit in ythis kit bag or carry in your hand bag

Available at Elvare Group with fast, reliable delivery across South Africa.",taxable,0,,0,0,55.00,,"Slender You, Health & Recovery, Accessories",https://www.psychoskull.co.za/wp-content/uploads/2025/08/WhatsApp-Image-2025-08-09-at-08.58.10-1.jpeg,,0,outofstock
simple,,Enhanced Nutrition – GLP – 1 Tablets,1,0,visible,Advanced adrenal & cortisol support,"ENHANCHED GLP-1 works to Enhance your weight loss journey. Oral GLP-1 to bolster weight loss efforts and improve metabolic health. ENHANCHED GLP-1

- Significant weight loss

- Improved blood sugar control

- Reduced appetite

- Enhanced feelings of fullness

30 Capsules in the Bottle

What’s in the box

1 x Bottle

Disclaimer

DISCLAIMER: This supplement may be a complementary medicine and/or not have been evaluated and verified by the South African Health Products Regulatory Authority for its quality, safety or intended use. Use of This supplement is therefore not intended to compensate for diagnosis, treatment, cure, or mitigation of medical conditions and must not substitute the obtaining of medical advice from a registered health professional for any health or health-related conditions.

Available at Elvare Group with fast, reliable delivery across South Africa.",taxable,1,,0,0,735.00,,"Fat Burners, Health & Recovery","https://www.psychoskull.co.za/wp-content/uploads/2025/07/s-zoom.webp, https://www.psychoskull.co.za/wp-content/uploads/2025/07/s-zoom-2.webp",,0,instock
simple,,Evolve – R.E.A.L HYDRATION,1,0,visible,"R.E.A.L HYDRATION by Evolve. A premium supplement formulated for optimal results. Available at Elvare Group with fast, reliable delivery across South Africa.","R.E.A.L HYDRATION by Evolve. A premium supplement formulated for optimal results. Available at Elvare Group with fast, reliable delivery across South Africa.",taxable,1,,0,0,265.00,,"Evolve, Aminos, Pre Workout",https://www.psychoskull.co.za/wp-content/uploads/2025/06/WhatsApp-Image-2025-06-26-at-16.25.35.jpeg,,0,instock
simple,,Nova – Testolone,1,0,visible,"Testolone by Nova. A premium supplement formulated for optimal results. Available at Elvare Group with fast, reliable delivery across South Africa.","Testolone by Nova. A premium supplement formulated for optimal results. Available at Elvare Group with fast, reliable delivery across South Africa.",taxable,1,,0,0,445.00,,"Performance, Health & Recovery, Nova Lab",https://www.psychoskull.co.za/wp-content/uploads/2025/06/tesolone.webp,,0,instock
simple,,Nova – Ostarine,1,0,visible,"Ostarine by Nova. A premium supplement formulated for optimal results. Available at Elvare Group with fast, reliable delivery across South Africa.","Ostarine by Nova. A premium supplement formulated for optimal results. Available at Elvare Group with fast, reliable delivery across South Africa.",taxable,1,,0,0,380.00,,"Performance, Health & Recovery, Nova Lab",https://www.psychoskull.co.za/wp-content/uploads/2025/06/ostarine.webp,,0,instock
simple,,Nova – Nutrobal,1,0,visible,"Nutrobal by Nova. A premium supplement formulated for optimal results. Available at Elvare Group with fast, reliable delivery across South Africa.","Nutrobal by Nova. A premium supplement formulated for optimal results. Available at Elvare Group with fast, reliable delivery across South Africa.",taxable,1,,0,0,455.00,,"Performance, Health & Recovery, Nova Lab",https://www.psychoskull.co.za/wp-content/uploads/2025/06/nutrobal.webp,,0,instock
simple,,Nova – CardiLean,1,0,visible,"CardiLean by Nova. A premium supplement formulated for optimal results. Available at Elvare Group with fast, reliable delivery across South Africa.","CardiLean by Nova. A premium supplement formulated for optimal results. Available at Elvare Group with fast, reliable delivery across South Africa.",taxable,1,,0,0,340.00,,"Health & Recovery, Nova Lab",https://www.psychoskull.co.za/wp-content/uploads/2025/06/cardilean.webp,,0,instock
simple,,Nova – Cardarine,1,0,visible,"Cardarine by Nova. A premium supplement formulated for optimal results. Available at Elvare Group with fast, reliable delivery across South Africa.","Cardarine by Nova. A premium supplement formulated for optimal results. Available at Elvare Group with fast, reliable delivery across South Africa.",taxable,1,,0,0,380.00,,"Performance, Health & Recovery, Nova Lab",https://www.psychoskull.co.za/wp-content/uploads/2025/06/cardarine-gw-501516.webp,,0,instock
simple,,Nova – Anabolicum,1,0,visible,"Anabolicum by Nova. A premium supplement formulated for optimal results. Available at Elvare Group with fast, reliable delivery across South Africa.","Anabolicum by Nova. A premium supplement formulated for optimal results. Available at Elvare Group with fast, reliable delivery across South Africa.",taxable,1,,0,0,445.00,,"Health & Recovery, Nova Lab",https://www.psychoskull.co.za/wp-content/uploads/2025/06/anabolicum.webp,,0,instock
simple,,Evolve – EVOLVE UNDERGROUND PRE,1,0,visible,"EVOLVE UNDERGROUND PRE by Evolve. A premium supplement formulated for optimal results. Available at Elvare Group with fast, reliable delivery across South Africa.","This high-strength pre-workout has developed to ignite focus and energy levels, accelerate muscle fiber activation and prevent fatigue during the most strenuous workouts. Enhance ythis workout potential, enable laser like focus, elevate your strength and power levels and ensure that optimate muscle performance levels occur for the most intense workout you’ll ever have.

Available at Elvare Group with fast, reliable delivery across South Africa.",taxable,1,,0,0,275.00,,"Evolve, Pre Workout",https://www.psychoskull.co.za/wp-content/uploads/2025/06/WhatsApp-Image-2025-06-23-at-15.54.22.jpeg,,0,instock
simple,,TNT – ELECTRO BLAST,1,0,visible,"A groundbreaking electrolyte and lactic acid buffer designed for athletes, combining taurine, creatine, and betaine for optimal performance.

Available at Elvare Group with fast, reliable delivery across South Africa.","ELECTROBLAST is a groundbreaking electrolyte and lactic acid buffer designed for athletes, combining taurine, creatine, and betaine for optimal performance. This potent formula enhances hydration, reduces muscle fatigue, and boosts endurance, helping athletes maintain peak performance during intense training and competition by balancing electrolytes and minimizing lactic acid buildup.

Available at Elvare Group with fast, reliable delivery across South Africa.",taxable,1,,0,0,235.00,,"Aminos, Health & Recovery, TNT Mercury",https://www.psychoskull.co.za/wp-content/uploads/2025/06/Electro-Blast-Tropical-Web-Render.webp,,0,instock
simple,6009708884008-1-1-1-1-1,NPL – HYDRADE RAPID ISOTONIC Sachet,1,0,visible,"Hydrade Rapid Isotonic Energy is a stimulant-free sports drink formulated to help you stay energised and hydrated during endurance activities.

Available at Elvare Group with fast, reliable delivery across South Africa.","Hydrade Rapid Isotonic Energy is a stimulant-free sports drink formulated to help you stay energised and hydrated during endurance activities. With 20 grams of fast-absorbing carbohydrates, it delivers a quick supply of energy to bolster sustained performance for runners, cyclists, triathletes, and/or general fitness enthusiasts. Electrolytes have been added to bolster optimal fluid balance, helping to replace what’s lost in sweat and maintain muscle function. Features and benefits:

- Fast-acting energy source

- Bolsters rapid glycogen replenishment

- Help to prevent dehydration and improve exercise performance

- Stimulant free

Available at Elvare Group with fast, reliable delivery across South Africa.",taxable,1,,0,0,15.00,,"NPL, Aminos, Health & Recovery",https://www.psychoskull.co.za/wp-content/uploads/2025/06/6009708884183_Box_Sachet.png.webp,,0,instock
simple,6009708884008-1-1-1-1,NPL – HYDRADE RAPID ISOTONIC,1,0,visible,"Hydrade Rapid Isotonic Energy is a stimulant-free sports drink formulated to help you stay energised and hydrated during endurance activities.

Available at Elvare Group with fast, reliable delivery across South Africa.","Hydrade Rapid Isotonic Energy is a stimulant-free sports drink formulated to help you stay energised and hydrated during endurance activities. With 20 grams of fast-absorbing carbohydrates, it delivers a quick supply of energy to bolster sustained performance for runners, cyclists, triathletes, and/or general fitness enthusiasts. Electrolytes have been added to bolster optimal fluid balance, helping to replace what’s lost in sweat and maintain muscle function. Features and benefits:

- Fast-acting energy source

- Bolsters rapid glycogen replenishment

- Help to prevent dehydration and improve exercise performance

- Stimulant free

Available at Elvare Group with fast, reliable delivery across South Africa.",taxable,1,,0,0,105.00,,"NPL, Aminos, Health & Recovery",https://www.psychoskull.co.za/wp-content/uploads/2025/06/6009708883957.png.webp,,0,instock
simple,6009708884008-1-1-1,NPL – HYDRADE RACE FUEL,1,0,visible,"Race Fuel is a premium, stimulant-free endurance sports drink formulated to support long-distance runners, cyclists, triathletes, and other endurance athletes.

Available at Elvare Group with fast, reliable delivery across South Africa.","Hydrade Race Fuel is a premium, stimulant-free endurance sports drink formulated to support long-distance runners, cyclists, triathletes, and other endurance athletes. Race Fuel features a multi-stage carbohydrate blend to deliver sustained energy, replenish glycogen stores, and aid performance during endurance events or training sessions. In addition, Race Fuel features ingredients that promote exercise performance, aid recovery, and reduce fatigue, ensuring you achieve peak physical performance in any high-intensity event or endurance challenge. Features and benefits:

- Sustained source of energy

- Bolsters muscle recovery

- Reduces fatigue

- Rapid glycogen replenishment

- Buffers lactic acid

- Stimulant free

Available at Elvare Group with fast, reliable delivery across South Africa.",taxable,1,,0,0,25.00,,"NPL, Aminos, Health & Recovery",https://www.psychoskull.co.za/wp-content/uploads/2025/06/6009708883827_Box_Sachet_1.png.webp,,0,instock
simple,6009708884008-1-1,NPL – Hydrade Hydrolytes,1,0,visible,"NPL Hydrade Hydrolytes is a sugar-free electrolyte drink with essential minerals and coconut water powder to boost hydration, performance, and recovery.

Available at Elvare Group with fast, reliable delivery across South Africa.","NPL Hydrade Hydrolytes is a refreshing, sugar-free hydration formulation that contains efficient dosages of sodium, magnesium, potassium, and phosphorus. Hydrade Hydrolytes also features coconut water powder, providing natural electrolytes to revitalise the body. Hydrade Hydrolytes can be consumed at any time of the day to encourage hydration, energy levels, exercise performance, and recovery. Features and benefits:

- Reduce muscle cramps and spasms

- Electrolyte replenishment

- Bolsters hydration and recovery

Available at Elvare Group with fast, reliable delivery across South Africa.",taxable,1,,0,0,15.00,,"NPL, Aminos, Health & Recovery",https://www.psychoskull.co.za/wp-content/uploads/2025/06/6009708884206_20_s_P1_1.png.webp,,0,instock
simple,,SSA – PE4K HYDRATION STIX,1,0,visible,"PE4K HYDRATION STIX by SSA. A premium supplement formulated for optimal results. Available at Elvare Group with fast, reliable delivery across South Africa.","PE4K HYDRATION STIX by SSA. A premium supplement formulated for optimal results. Available at Elvare Group with fast, reliable delivery across South Africa.",taxable,0,,0,0,15.00,,"SSA, Aminos, Health & Recovery",https://www.psychoskull.co.za/wp-content/uploads/2025/06/Benefits_2db93934-1430-4fbf-8e4f-7f2a86866956.jpg.webp,,0,outofstock
simple,,SSA – Anabolic Muscle Variety Pack,1,0,visible,"- Extreme gains in muscular development and hypertrophy

- Insane boosts in strength and power

- Considerable rises in testosterone and anabolism

- Near instantaneous muscle recovery

Available at Elvare Group with fast, reliable delivery across South Africa.","Anabolic Muscle Variety Pack by SSA. A premium supplement formulated for optimal results. Available at Elvare Group with fast, reliable delivery across South Africa.",taxable,1,,0,0,455.00,,"SSA, Stacks, Protein",https://www.psychoskull.co.za/wp-content/uploads/2025/06/WhatsApp-Image-2025-06-09-at-10.42.17-1.jpeg,,0,instock
simple,,NPL – DESSERT PRO,1,0,visible,"COMPLETE PROTEIN BLEND

- 7 stage protein stack

- Complete protein blend

- No added sugar

- Wheat, soy protein, and gluten free

- Amplify muscle recovery

- Great tasting

Available at Elvare Group with fast, reliable delivery across South Africa.","Dessert Pro is a delicious, low-calorie, high-protein instant dessert formulated to curb cravings and support muscle recovery. Each serving delivers 10 grams of protein, making Dessert Pro an ideal choice for promoting lean muscle maintenance and perfect as a guilt-free, nutritious snack any time of the day. Features and benefits:

- Curb cravings. - Bolsters muscle recovery. - Encourages lean muscle maintenance. - All-day dessert.

Available at Elvare Group with fast, reliable delivery across South Africa.",taxable,0,,0,0,40.00,,"NPL, Protein",https://www.psychoskull.co.za/wp-content/uploads/2025/06/6009708884145_Box_Pack___1.png.webp,,0,outofstock
simple,600097070609151-1-1,Healthy U – EAA – BCAA,1,0,visible,"EAA – BCAA by Healthy U. A premium supplement formulated for optimal results. Available at Elvare Group with fast, reliable delivery across South Africa.","EAA – BCAA (350G)

- Improves Muscle Mass

- Improve Muscle Recover

- Ease muscle soreness

- Boost ythis appetite if you’re malnourished or have cancer

- Enhanced Immune Function

- Berry Flavored

- Reduced Fatigue

- Full Branch Chain amino Acid

- With Added L-Glutamine

DOSAGE: 2 rounded Scoop (Approximately 12g)

preferably before, during, or directly after training.

Available at Elvare Group with fast, reliable delivery across South Africa.",taxable,1,,0,0,315.00,,"Healthy U Nutrition, Aminos, Health & Recovery",https://www.psychoskull.co.za/wp-content/uploads/2025/05/EAA-BCAA-Render-1-Best.png,,0,instock
simple,,UPA Flask,1,0,visible,"UPA Flask. A premium supplement formulated for optimal results. Available at Elvare Group with fast, reliable delivery across South Africa.",Premium-grade with Multiple Lids,taxable,1,,0,0,315.00,,"U.P.A, Accessories",https://www.psychoskull.co.za/wp-content/uploads/2025/05/UPA-Flask.png,,0,instock
simple,,Fat Decay,1,0,visible,"BLOOD STIMULATING

REDUCES APPETITE

BOOST METABOLISM

EXTREME ENERGY

Available at Elvare Group with fast, reliable delivery across South Africa.","Fat Decay. A premium supplement formulated for optimal results. Available at Elvare Group with fast, reliable delivery across South Africa.",taxable,0,,0,0,370.00,,Fat Burners,https://www.psychoskull.co.za/wp-content/uploads/2025/05/Fat-Decay.png,,0,outofstock
simple,600097070609151-1,Healthy U – Creatine Mono,1,0,visible,"Creatine Mono by Healthy U. A premium supplement formulated for optimal results. Available at Elvare Group with fast, reliable delivery across South Africa.","Creatine Monohydrate

- Improves Stamina

- Encourage lean muscle growth

- Increase strength

- Improves muscle recovery

- Buffers lactic acid

- Unflavoured

Mix 1 rounded scoop (approx. 5g) with 150-250ml of cold water or favourite sports drink 1-3 times per day. On training days, consume before and directly after a workout. On non-training days, consume 2 servings 6-12 hours apart.

Available at Elvare Group with fast, reliable delivery across South Africa.",taxable,1,,0,0,210.00,,"Healthy U Nutrition, Creatine, Aminos, Health & Recovery",https://www.psychoskull.co.za/wp-content/uploads/2025/03/Creatine-Mono-Render-1.png,,0,instock
simple,,TNT – NAC,1,0,visible,"PREVENT OXIDATIVE STRESS AND INCREASE NITRIC OXCIDE

Available at Elvare Group with fast, reliable delivery across South Africa.","NAC increases exercise performance and reduces oxidative stress, especially in those low in glutathione. Studies have also indicated that NAC may help reduce the mucus buildup and inflammation of the lungs and bronchial tubes by way of glutathione. In the body, NAC converts to L-cysteine, a nonessential amino acid. The body then uses L-cysteine to make glutathione, which is a tripeptide or chain of amino acid cysteine, glycine, and glutamic acid. Glutathione is an antioxidant with important functions in the body, such as protective effects towards DNA damage & carcinogenesis, supporting the immune system, supporting the function of specific enzymes, helping certain organ functions, and more. Increasing L-cysteine will increase the rate of the supply of glutathione production in the body. NAC is more soluble than L-cysteine itself, which is why NAC is often used in supplements instead of L-cysteine by itself. NAC increases exercise performance and reduces oxidative stress especially in those low in glutathione. Studies have also indicated that NAC may help reduce the mucus build up and inflammation of the lungs and bronchial tubes by way of glutathione.

Available at Elvare Group with fast, reliable delivery across South Africa.",taxable,1,,0,0,225.00,,"Health & Recovery, TNT Mercury",https://www.psychoskull.co.za/wp-content/uploads/2025/03/NAC-980x980-1.webp,,0,instock
simple,6009802902912-1,SSA – Hydration Jug 2.2L Black,1,0,visible,"Hydration Jug 2.2L Black by SSA. A premium supplement formulated for optimal results. Available at Elvare Group with fast, reliable delivery across South Africa.","Stay hydrated with SSA’s Hydration Jug which is an ideal way of meeting ythis daily water intake requirements. Excellent for training, traveling as well as work – you can easily avoid unnecessary trips to the water cooler with this nifty 2.2l  water jug.

Available at Elvare Group with fast, reliable delivery across South Africa.",taxable,1,,0,0,160.00,,"SSA, Aminos, Accessories",https://www.psychoskull.co.za/wp-content/uploads/2025/02/WhatsApp-Image-2025-02-14-at-11.48.45.jpeg,,0,instock
simple,,SSA – Non Return Water bottle 1L,1,0,visible,"Non Return Water bottle 1L by SSA. A premium supplement formulated for optimal results. Available at Elvare Group with fast, reliable delivery across South Africa.","Keep yourself hydrated with the NEW 1L SSA Supplements Bottle.

Available at Elvare Group with fast, reliable delivery across South Africa.",taxable,1,,0,0,85.00,,"SSA, Accessories",https://www.psychoskull.co.za/wp-content/uploads/2025/02/WaterBottle.png.webp,,0,instock
simple,,SSA – Shaker Bottle 600ml,1,0,visible,"Enjoy ythis favorite SSA Supplements products with their 600ml shaker. Drink ythis powdered supplements anytime, anywhere and with their easy to screw on lid you can avoid unwanted leakage.

Available at Elvare Group with fast, reliable delivery across South Africa.","The SSA Supplements Shakers feature handy measurement markings, as well as a convenient mixer so you can mix ythis supplements in style!

Available at Elvare Group with fast, reliable delivery across South Africa.",taxable,1,,0,0,105.00,,"SSA, Accessories",https://www.psychoskull.co.za/wp-content/uploads/2025/02/WhiteShaker.png.webp,,0,instock
simple,,NPL – BCAA 5000,1,0,visible,"Preserves lean muscle tissue

Encourages muscle recovery

Stimulates muscle protein synthesis

BCAAs stimulate protein synthesis and are essential for muscle growth.

Available at Elvare Group with fast, reliable delivery across South Africa.","100% PURE BRANCHED CHAIN AMINO ACIDS

Branched Chain Amino Acids, L-leucine, L-isoleucine, and L-valine have been investigated for their anticatabolic (reducing muscle breakdown) and anabolic (muscle building) effects. BCAAs stimulate protein synthesis and are essential for muscle growth. NPL’s BCAA 5000 may improve nitrogen retention by sparing other amino acids – aiding the growth and repair of muscle tissue. BCAA supplementation may therefore encourage an increase in muscle recovery and reduce fatigue associated with intense exercise. Features and benefits:

- Preserve lean muscle. - Muscle recovery. - Stimulate protein synthesis. - Unflavoured.

Available at Elvare Group with fast, reliable delivery across South Africa.",taxable,1,,0,0,210.00,,"NPL, Aminos",https://www.psychoskull.co.za/wp-content/uploads/2025/02/6009708881670.png.webp,,0,instock
simple,,Evolve – Basix Collagen,1,0,visible,"Basix Collagen by Evolve. A premium supplement formulated for optimal results. Available at Elvare Group with fast, reliable delivery across South Africa.","Meet Basix Collagen – Strengthen Joints, Improve Recovery, and Support Skin Health

Basix Collagen by Evolve Nutrition is a high-quality collagen supplement formulated to enhance joint strength, speed up recovery, and promote healthier skin. As the body’s primary structural protein, collagen bolsters joints, muscles, and skin elasticity. Regular use of Basix Collagen aids in maintain optimal collagen levels, which naturally decline with age, and is ideal for athletes looking to reduce joint pain and recover more effectively.

Available at Elvare Group with fast, reliable delivery across South Africa.",taxable,1,,0,0,370.00,,"Evolve, Health & Recovery",https://www.psychoskull.co.za/wp-content/uploads/2025/02/WhatsApp-Image-2025-02-06-at-09.10.32.jpeg,,0,instock
simple,,Nutritech – Creatine Chews,1,0,visible,"CREATINE NITRO X has been formulated as a concentrated nitric oxide precursor. A single serving of NITRO X delivers 750mg of L-Citruline, 400mg of Beta-Alanine, and 2,500mg of Creatine to amplify muscle pumps, increase strength, enhance workout performance and endurance, buffer lactic acid and support faster recovery from ythis workout.

Available at Elvare Group with fast, reliable delivery across South Africa.","CONVENIENT, DELICIOUS & POWERFUL! NUTRITECH Creatine Chews, ythis on-the-go strength and performance booster. These convenient chews are packed with 5g of pure creatine monohydrate per 5 chews, providing the fuel you need, wherever you are. Just toss them in ythis gym bag, leave them in the car, or stash them in your locker for quick and easy access. Incorporating NUTRITECH Creatine Chews into ythis routine is a clever and tasty way to enhance muscle growth. Each daily serving offers a proven dose of creatine monohydrate, a key ingredient. For example, in a study at a university, participants who received the same daily amount of creatine monohydrate found in Creatine Chews gained over fthis times more muscle than those who were given a placebo (7.12 lbs. 1.30 lbs.) after following a 12-week weight-training program. Additionally, this Creatine Chews feature creatine monohydrate, a thoroughly tested ingredient. Elevate ythis gains while savoring the delightful flavor – a testament to the multifaceted benefits of our superior Creatine Chews.

Available at Elvare Group with fast, reliable delivery across South Africa.",taxable,1,,0,0,315.00,,"Creatine, Nutritech",https://www.psychoskull.co.za/wp-content/uploads/2025/01/Nutritech-creatine-chews-citrus-zest-thumb-min.png,,0,instock
simple,,Slender You – Meal Replacement,1,0,visible,"Meal Replacement by Slender You. A premium supplement formulated for optimal results. Available at Elvare Group with fast, reliable delivery across South Africa.","DELICIOUS MEAL REPLACEMENT SHAKE

This Slender You® Shake is a perfect fix to kick-start your weight loss journey or help stay on track. The biggest challenge with weight loss is often finding the balance of getting the right amount of nutrients, but not too many kilojoules AND feeling full for long enough. Each Slender Shake serving has:

425 kilojoules – less than a single banana

10g vegan protein – the perfect amount to help satiety and improve muscle mass

20 vitamins and minerals – so you are still getting what ythis body needs

Flavoured and sweetened with an amazing taste! HEALTHY WEIGHT CONTROL FUEL

Fuel blend: has specifically been formulated to give you the energy you need to get through the day and feel full and satisfied, and helping you build more muscle using vegan pea protein and stevia as the sweetening agent. Vitamin & Mineral blend: incorporates all the wonderful nutrients you would get from a healthy balanced diet to boost the immune system, support normal growth and development, and help cells and organs do their jobs. Slender Shake is: Gluten Free, Vegan, Soy Free, Dairy Free & has No Added Sugar.

Available at Elvare Group with fast, reliable delivery across South Africa.",taxable,1,,0,0,315.00,,"Slender You, Health & Recovery, Protein",https://www.psychoskull.co.za/wp-content/uploads/2026/03/WhatsApp-Image-2026-03-04-at-08.32.36-1.jpeg,,0,instock
simple,,Slender You – Collagen for her,1,0,visible,"Collagen for her by Slender You. A premium supplement formulated for optimal results. Available at Elvare Group with fast, reliable delivery across South Africa.","NATURAL BEAUTY FROM INSIDE OUT

Collagen peptides are essential proteins that support collagen production, which benefits various aspects of ythis body. As Elvare Group age, natural collagen production slows down, making supplementation an important part of maintaining healthy skin, joints, and hair. Slender You’s use of Peptan®, a high-quality and easily absorbed collagen source, ensures ythis body gets the support it needs. Feel and look your best with our premium collagen powder, formulated to complement a balanced lifestyle. HEALTHIER HAIR, SKIN & NAILS

Collagen is a premium-grade protein that can support a balanced lifestyle by helping you feel fuller for longer. Research suggests that protein-rich diets may help reduce hunger by influencing the hormone that regulates appetite. Additionally, early studies indicate collagen’s potential to support fat metabolism and muscle health, making it a valuable addition to ythis wellness routine. Beyond these benefits, collagen encourages stronger hair and nails, and contributes to healthy, firm, and hydrated skin, while also supporting the structure of muscles and connective tissues.

Available at Elvare Group with fast, reliable delivery across South Africa.",taxable,1,,0,0,210.00,,"Slender You, Health & Recovery","https://www.psychoskull.co.za/wp-content/uploads/2025/01/WhatsApp-Image-2025-12-03-at-15.43.32.jpeg, https://www.psychoskull.co.za/wp-content/uploads/2025/01/3-min-1-1024x1024-1.png",,0,instock
simple,,Slender You – Slimming Tonic,1,0,visible,"Slimming Tonic by Slender You. A premium supplement formulated for optimal results. Available at Elvare Group with fast, reliable delivery across South Africa.","ingredients that works

Green tea is high in antioxidants, aids in weight loss, improves skin health and supports lower blood sugar levels. Guarana increases energy levels, reduces fatigue, boosts ythis metabolism, and even improves heart health. L-Carnitine, burns fatty cells for energy, improves brain function, aids in with muscle recovery and  reduces symptoms of type 2 diabetes. Chromium Picolinate has been known to reduce hunger & sugar cravings, boost mood and even lower cholesterol levels.

Available at Elvare Group with fast, reliable delivery across South Africa.",taxable,1,,0,0,150.00,,"Slender You, Health & Recovery, Fat Burners","https://www.psychoskull.co.za/wp-content/uploads/2025/01/WhatsApp-Image-2025-12-03-at-15.42.27.jpeg, https://www.psychoskull.co.za/wp-content/uploads/2025/01/66-min-1024x1024-1.png",,0,instock
simple,,Slender You – Carb Blocker,1,0,visible,"Supercharge ythis wellness journey, boost your immunity and fight bloating with 34 superfoods in one powerful green juice.

Available at Elvare Group with fast, reliable delivery across South Africa.","BLOCK CARBS, BALANCE GLUCOSE & ELIMINATES FAT

White kidney bean extract acts as a starch blocker preventing ythis body from breaking down carbohydrates and turning them into fat, ensuring they are eliminated instead. Over time it can also have a positive effect on blood sugar levels due to this action. Garcinia cambogia stops the body from making fat as it features a compound called hydroxycitric acid (HCA) an enzyme the body uses to form fats. It is also increases serotonin levels and therefore reduces cravings and stress related eating.

Available at Elvare Group with fast, reliable delivery across South Africa.",taxable,1,,0,0,200.00,,"Slender You, Health & Recovery, Fat Burners","https://www.psychoskull.co.za/wp-content/uploads/2025/01/Slender-You-Thumb-carb-blocker.png, https://www.psychoskull.co.za/wp-content/uploads/2025/01/19-min-1-1024x1024-1.png",,0,instock
simple,,Slender You – Super Greens,1,0,visible,"Supercharge ythis wellness journey, boost your immunity and fight bloating with 34 superfoods in one powerful green juice.

Available at Elvare Group with fast, reliable delivery across South Africa.","PLANT-BASED SUPERFOOD

This super greens formulation is made up of 34 vitality boosting superfoods and satisfying protein to ensure you get all the nutrients you need. Super Greens powder aids in you feel fuller for longer and will assist in building lean muscle and burning fat while replenishing your energy stores. Formulated with anti-inflammatory ingredients to help reduce bloat. Adaptogens and nootropics improve ythis body’s response to stress and improve mental clarity to help you remain focused on your goals. An added benefit is that it is naturally sweetened with stevia. SCIENCE-BACKED INGREDIENTS

Slender You® protein blend (Pea protein, Spirulina powder, Hemp protein powder) is entirely plant based and a formidable combo formulated to help you feel fuller for longer, increase metabolism, reduce appetite, and help control blood sugar levels. Greens powder blend is loaded with antioxidant and anti-inflammatory heroes and packed with beneficial and essential vitamins and minerals to increase energy, and reduce fatigue. It also incorporates various plant based adaptogens and nootropics that are able to in enhance cognitive function and improve stress response.

Available at Elvare Group with fast, reliable delivery across South Africa.",taxable,1,,0,0,210.00,,"Slender You, Health & Recovery",https://www.psychoskull.co.za/wp-content/uploads/2024/11/Slender_You_Thumb_super_greens.png,,0,instock
simple,,Evolve – CREATINE MONO 500G,1,0,visible,"CREATINE MONO 500G by Evolve. A premium supplement formulated for optimal results. Available at Elvare Group with fast, reliable delivery across South Africa.","Creatine monohydrate is the original lean muscle builder, becoming popular during the 90’s and having been well researched ever since. Plays a role in the body’s energy cycle therefore improving endurance during ythis training and increasing strength for greater lifts. Creatine Mono is an addition to more strength during ythis gym sessions you may also feel an improvement in your recovery time while using this product. Creatine is responsible for ythis body’s energy production and ‘recycles’ molecules faster to produce more energy. This means energy is produced quicker keep the rest between training sets short. Adding it to a sweet fruit juice like Grape improves the effectiveness by increasing the uptake of creatine into ythis muscle cells. Directions

Add 1 rounded teaspoon with a glass filled with 200-400 ml of cold water or fruit juice. The mix it up with a spoon. Loading Phase Days (1-5)

Take 1 rounded teaspoon with morning, afternoon and evening meals and 1 additional serving before going to bed for 4-5 days to help saturate ythis muscles with Creatine. Maintenance Phase Days (after loading)

Take 1 rounded teaspoon with a meal or immediately after training with ythis post workout protein shake. Drink at least eight glasses of water daily when supplementing with Creatine.

Available at Elvare Group with fast, reliable delivery across South Africa.",taxable,1,,0,0,390.00,,"Evolve, Creatine, Health & Recovery",https://www.psychoskull.co.za/wp-content/uploads/2024/11/evolve_creatine500.webp,,0,instock
simple,,iPharma – Sleep Aid +,1,0,visible,Advanced adrenal & cortisol support,"If you are feeling restless every night and struggle to get a good night’s sleep in, then iPharma’s Sleep Aid + has everything you need to remedy that. With the infusion of GABA and Valerian Root Extract, you will get benefits from agents that not only relax restlessness, but also encourages peaceful, undisturbed sleep. However, what makes Sleep Aid+ formulation so efficient is the iPharma Delivery System containing Astragalus Root Extract and Panax Ginseng Extract. These key ingredients work as transportation agents which optimally deliver absorption of the active ingredients (GABA and Valerian root) to help give you the best night’s sleep. Directions:

Take 2 capsules in the evening 45 minutes before bed. Do not exceed the recommended daily dosage. Disclaimer

DISCLAIMER: This supplement may be a complementary medicine and/or not have been evaluated and verified by the South African Health Products Regulatory Authority for its quality, safety or intended use. Use of This supplement is therefore not intended to compensate for diagnosis, treatment, cure, or mitigation of medical conditions and must not substitute the obtaining of medical advice from a registered health professional for any health or health-related conditions.

Available at Elvare Group with fast, reliable delivery across South Africa.",taxable,0,,0,0,265.00,,"Health & Recovery, Ipharma",https://www.psychoskull.co.za/wp-content/uploads/2024/11/Ipharma-Sleep-Aid.jpg,,0,outofstock
simple,,Evolve – SD,1,0,visible,"SD by Evolve. A premium supplement formulated for optimal results. Available at Elvare Group with fast, reliable delivery across South Africa.","Superdrol is probably the most efficient and widely used oral anabolic of the last decade. Superdrol offers very dry and hard gains that are really noticeable after about the second week of using the product. Gains of as much as 15lbs to 30lbs of muscle mass in a short 4 week cycle were very commonly reported by users. Gains in strength are also very noticeable, with most users reporting a 15% to 25% increase in their maximum lifts after using this drug for only a couple of short weeks. The recommended use for This supplement is about 20mg to 40mg per day, depending on goals. With the cycle not being any longer than 6 weeks. Superdrol has been widely reported as being abused, with guys staying on cycle as long as 12 weeks, with devastating results on their liver functions. As with most oral steroids, the half-life of superdrol ranges between 8 to 9 hours, with users taking the product as many of 4 times per day to preserve a steady blood level.

Available at Elvare Group with fast, reliable delivery across South Africa.",taxable,0,,0,0,370.00,,Evolve,https://www.psychoskull.co.za/wp-content/uploads/2024/09/evolve-SD.png,,0,outofstock
simple,,Nutritech – Burn Night,1,0,visible,"Thermotech® BURN NIGHT is a caffeine/stimulant free fat burner formulated to regulate metabolic rate and suppress appetite to aid weight loss. It features a combination of natural ingredients, including GABA, Glycine, Ashwagandha and L-Theanine to promote fat-burning while you sleep.

Available at Elvare Group with fast, reliable delivery across South Africa.","ThermoTech® Burn Night works to help you lose weight while you sleep! Caffeine and stimulant free weight loss supplement to assist you while you sleep or if you just don’t want the jitters or rush often associated with stimulant based fat burners. GABA

GABA, or gamma-aminobutyric acid, is an amino acid that acts as a potent neurotransmitter in the brain, influencing mood, sleep, and appetite. Scientific studies have shown that GABA supplementation can encourage weight loss by reducing cravings, enhancing feelings of fullness, and regulating emotional eating. By supporting a healthy balance of neurotransmitters, GABA can help curb overeating and encourage a more regulated metabolism. Glycine

Scientific research has shown that Glycine plays a vital role in regulating metabolism, promoting fat loss, and supporting lean muscle mass. By optimizing blood sugar levels, Glycine aids in prevent spikes and crashes in energy, resulting in reduced cravings and improved appetite control. Additionally, Glycine supports better sleep quality, aiding in hormonal balance and promoting overall well-being during ythis weight loss journey. Ashwagandha Root Extract

This remarkable natural ingredient has been scientifically proven to bolster weight loss in multiple ways. Ashwagandha Root Extract aids in regulate cortisol levels, reducing stress and preventing emotional eating, which can hinder weight loss progress. Additionally, this potent herb amplifies thyroid function, optimizing metabolism and promoting fat burning. By improving energy levels and reducing fatigue, Ashwagandha Root Extract also bolsters exercise performance, aiding in calorie expenditure. L-Theanine

This scientifically-backed compound, derived from tea leaves, offers a range of advantages for weight management. L-Theanine encourages relaxation and reduces stress, helping to curb emotional eating and prevent weight gain caused by heightened cortisol levels. Moreover, its ability to amplify focus and mental clarity makes it an excellent complement to a well-rounded fitness routine. By calming the mind and improving overall well-being, L-Theanine sets the stage for successful weight loss.

Available at Elvare Group with fast, reliable delivery across South Africa.",taxable,1,,0,0,210.00,,"Fat Burners, Nutritech",https://www.psychoskull.co.za/wp-content/uploads/2024/08/Psycho-Skull-Nutritech-Burn-Night.png,,0,instock
simple,,Nutritech – Tongkat Ali,1,0,visible,"Tongkat Ali is a traditional herbal medicine that has been shown to have numerous benefits for physical and sexual health, including improved testosterone levels, muscle mass and strength, and athletic performance.

Available at Elvare Group with fast, reliable delivery across South Africa.","Nutritech Tongkat Ali is a traditional herbal medicine that has been shown to have numerous benefits for physical and sexual health, including improved testosterone levels, muscle mass and strength, and athletic performance. WEIGHT LOSS

A study published in the Journal of Ethnopharmacology found that a high-fat diet supplemented with Tongkat Ali showed a significant reduction in body weight compared to a high-fat diet without Tongkat Ali. These results suggest that Tongkat Ali may be a valuable supplement for individuals looking to lose weight. INCREASE TESTOSTERONE

Tongkat Ali has been shown to increase testosterone levels, which can lead to improved muscle mass, strength, and athletic performance. These results suggest that Tongkat Ali may be an efficient option for individuals looking to boost their testosterone levels and improve their overall health. STRENGTH & MUSCLE GROWTH

In a pilot study published in Andrologia, physically active senior individuals who supplemented with Tongkat Ali showed significant improvements in muscle mass, grip strength, and overall physical performance compared to a placebo group. These results indicate that Tongkat Ali may be a valuable supplement for individuals looking to improve their muscle mass and strength, regardless of age. ATHLETIC PERFORMANCE

A study published in the Journal of the International Society of Sports Nutrition found that athletes who supplemented with Tongkat Ali extract experienced significant improvements in their physical performance during high-intensity cycling. These results suggest that Tongkat Ali may be a useful supplement for individuals looking to amplify their athletic performance, whether for recreational or competitive purposes. LIBIDO & SEXUAL FUNCTION

In a study published in Evidence-Based Complementary and Alternative Medicine, men with idiopathic male infertility who supplemented with Tongkat Ali showed significant improvements in sexual function and fertility compared to a placebo group. These results suggest that Tongkat Ali may be a valuable supplement for individuals looking to improve their sexual health and function. SUGGESTED USE:

Take 1 tablet per day with a glass of water and with a meal

DISCLAIMER:

Seek advice from a health care professional before use if you have any pre-existing medical condition. Do not use if you are pregnant or nursing, or if you are being treated for heart disease or high blood pressure. Should not be used in conjunction with any prescription medication. Discontinue use and consult ythis doctor if any adverse reactions occur. KEEP OUT OF REACH OF CHILDREN. NOT INTENDED FOR USE BY PERSONS UNDER THE AGE OF 18.

Available at Elvare Group with fast, reliable delivery across South Africa.",taxable,1,,0,0,315.00,,"Nutritech, Health & Recovery",https://www.psychoskull.co.za/wp-content/uploads/2024/08/Psycho-Skull-Nutritech-Tongkat-Ali-Super-New-copy.png,,0,instock
simple,,SSA – Ultra Creatine Transport 600g New,1,0,visible,"- Increases muscle size & strength. - Increases muscle recovery. - Amplifies Cell-Volumisation.

Available at Elvare Group with fast, reliable delivery across South Africa.","SSA Ultra Creatine Transport

Creatine is the most studied sports supplement in the world and improves physical performance in high-intensity exercise at a daily dose of 3g. Ultra Creatine Transport combines 5g of pure Creatine with a Nitric Oxide Delivery System to amplify the uptake of creatine into the muscle cells for optimum results. With its 3-forms of Creatine (Creatine Monohydrate, Tri-Creatine Malate and Creatine Hydrochloride) along with other essential nutrients, Ultra Creatine Transport encourages better ATP (energy) production to help increase power and strength. Supplementing daily with Ultra Creatine Transport results in faster recovery between sets, stronger muscular contractions, and a fuller more pumped physique! BENEFITS

Increases muscle size & strength. Increases muscle recovery. Amplifies Cell-Volumisation. When do I take it? Take 1x serving before workouts or as an intra-workout drink. On non-training days drink 1 serving first thing in the morning. Use for 8 week cycles followed by a 2 week break. How do I take it? Mix ±2 level scoops (30 g) in 250 ml – 300 ml of cold water and sip before and during exercise.

Available at Elvare Group with fast, reliable delivery across South Africa.",taxable,1,,0,0,230.00,,"SSA, Creatine","https://www.psychoskull.co.za/wp-content/uploads/2024/08/Psycho-Skull-SSA-Ultra-Creatine-Transport-Tub.png, https://www.psychoskull.co.za/wp-content/uploads/2020/02/Creatine_Transport_600g_nutrifacts.png",,0,instock
simple,,SSA – Amino X9 240g New,1,0,visible,"- Protects against muscle breakdown caused by intense exercise and low calorie diets. - Improves workout recovery

- Increases endurance while training

Available at Elvare Group with fast, reliable delivery across South Africa.","SSA Amino X9

DESCRIPTION

Amino acids play a vital function throughout ythis body, including protein synthesis, muscle repair and recovery. Essential amino acids are not produced by the body so it is important to get them through ythis diet or supplementation. SSA Supplements Amino x9 features all 9 essential amino acids (EAA’s) at the precise dosages required for athletic performance which can be used PRE, INTRA or POST workout. Amino x9 uses a 3:1:1 ratio of Leucine, Isoleucine and Valine – 3 of the most important 9 EAA’s to prevent muscle breakdown during intense training and to encourage recovery. Glutamine, Taurine and Glycine have also been added for their benefits toward muscle recovery and repair. BENEFITS

Protects against muscle breakdown caused by intense exercise and low calorie diets. Improves workout recovery

Increases endurance while training

WHEN DO I TAKE IT? PRE-WORKOUT: Having readily available amino acids in the blood before training, primes the body for exercise and offers an indirect source of energy. This can have a positive effect on muscular endurance and reducing fatigue. INTRA-WORKOUT: Besides being great tasting and refreshing while training, Amino-X supports offset fatigue and prevent muscle breakdown during resistance training, which is especially useful when dieting and trying to preserve muscle mass. POST-WORKOUT: Taking Amino-X post-workout kick starts the body’s recovery process. Formulated high in Leucine, this initiates protein synthesis helping the body to build and repair muscle. HOW DO I TAKE IT? Mix 1 serving into 250ml cold water.

Available at Elvare Group with fast, reliable delivery across South Africa.",taxable,1,,0,0,275.00,,"SSA, Aminos","https://www.psychoskull.co.za/wp-content/uploads/2024/08/Psycho-Skull-SSA-Amino-X9.png, https://www.psychoskull.co.za/wp-content/uploads/2019/11/SSA_Recovery_Amino_X2_210g_Nutrifacts.png",,0,instock
simple,,iPharma – Adrenal Cleanse,1,0,visible,Advanced adrenal & cortisol support,"Adrenal Cleanse: Unleash the power of ythis adrenal glands@ Experience a revolutionary blend that not inly supports your adrenal health but also balances cortisol levels. Get ready to rejuvenate and restore ythis body’s natural energy, while significantly lowering your tolerance to stimulants. It’s time to feel revitalized and invigorated like never before. Directions:

Take 1 capsule in the mornings and 1 capsule in the afternoon with meals. Do not exceed the recommended daily dose.

Available at Elvare Group with fast, reliable delivery across South Africa.",taxable,1,,0,0,285.00,,"Health & Recovery, Ipharma",https://www.psychoskull.co.za/wp-content/uploads/2024/06/Psycho-Skull-iPharma-Adrenal-Cleanse.png,,0,instock
simple,,HD Labs – Creatine Ultra,1,0,visible,"Premium creatine blend designed for enhanced muscle building and strength gains. Formulated with a potent muscle-building complex to support peak athletic performance and lean mass development.

Available at Elvare Group with fast, reliable delivery across South Africa.","Creatine improves physical performance in successive sets of short, high-intensity exercises. The beneficial effect occurs with a daily intake of 3g of Creatine.

Available at Elvare Group with fast, reliable delivery across South Africa.",taxable,0,,0,0,325.00,,"Creatine, Health & Recovery, HD Labs",https://www.psychoskull.co.za/wp-content/uploads/2024/06/Psycho-Skull-HD-Labs-Creatine-Ultra-Icy-Blue-Lemonade.png,,0,outofstock
simple,,Nova – Cuts Fat burner,1,0,visible,"Suppressed Appetite

Increased Energy

X-Treme Fat Burning

Boost Metabolism

Available at Elvare Group with fast, reliable delivery across South Africa.","Nova Labs Nova Cuts capsules is a dietary supplement formulated to support weight management and energy levels. The formulation incorporates several key ingredients known for their potential effects on metabolism and energy expenditure. Dosage is 1 capsule before a meal, don’t take more than 2 capsules.

Available at Elvare Group with fast, reliable delivery across South Africa.",taxable,0,,0,0,315.00,,"Fat Burners, Health & Recovery, Nova Lab",https://www.psychoskull.co.za/wp-content/uploads/2024/04/Psycho-Skull-Nova-Cuts-New.png,,0,outofstock
simple,,TNT – T-Bomb,1,0,visible,"T-Bomb is made with tribulus terrestris a plant from Ayurveda where the root and fruits are used for male virility and general vitality, respectively.

Available at Elvare Group with fast, reliable delivery across South Africa.","Testosterone is the single biggest factor in men wanting to gain muscle mass, strength and endurance as well as sexual function. It is the very hormone responsible for the physical characteristics associated with being a man, in particular a strength or bodybuilding athlete. Among men with a zinc deficiency or low testosterone, ZMA may increase testosterone due to its zinc content. Aside from testosterone, ZMA may amplify sleep quality and aid immunity. These qualities can benefit many individuals, including athletes, bodybuilders, and fitness enthusiasts. Tribulus terrestris is a plant from Ayurveda where the root and fruits are used for male virility and general vitality, respectively. Ashwagandha is an excellent natural supplement for bodybuilding. It works by boosting muscle strength and improving recovery time. The plant-based extract also has other benefits, such as balancing the immune system, regulating blood sugar levels, reducing anxiety, and more.

Available at Elvare Group with fast, reliable delivery across South Africa.",taxable,1,,0,0,150.00,,TNT Mercury,https://www.psychoskull.co.za/wp-content/uploads/2024/03/TNT-T-Bomb-980x980-1.webp,,0,instock
simple,,TNT – Crea-Combat Xfroce,1,0,visible,"Crea-Combats is the perfect all-in-one creatine plus transport system. The carbohydrate blend featured in Crea-Combat works to rapidly pass into the muscle cell bringing water and creatine along with it. The muscle cell is unlocked, and the glycogen is restored.

Available at Elvare Group with fast, reliable delivery across South Africa.","Crea-Combats is the perfect all-in-one creatine plus transport system. The carbohydrate blend featured in Crea-Combat works to rapidly pass into the muscle cell bringing water and creatine along with it. The muscle cell is unlocked, and the glycogen is restored. Along with the Glycogen, fluid carries other vital nutrients along with the creatine directly into the muscle cell. This is particularly beneficial to athletes who perform explosive hypertrophic training. This is typically in the 8-15 repetition range. Creatine is particularly beneficial to athletes as it drastically improves muscle output and recovery. Not only will the working muscle perform better but it also contracts and looks significantly better. Crea-Combat is perfect as an in intra or post workout supplement. During resistance training type B muscle fibers are predominantly activated which prioritize muscle glycogen. The anabolic recovery process can only begin once this glycogen has been restored. Using Crea-Combat translates to better gains, faster recovery and better workouts with faster strength and muscle gains.

Available at Elvare Group with fast, reliable delivery across South Africa.",taxable,0,,0,0,245.00,,"Creatine, TNT Mercury",https://www.psychoskull.co.za/wp-content/uploads/2024/03/TNT-Crea-Combat-980x980-1.webp,,0,outofstock
simple,,TNT – Hydroblast Legacy,1,0,visible,"CLINICALLY DOSED FOR MAX MUSCLE PUMP BROAD RECEPTOR COGNITIVE STIM BLEND Increased recovery.

Available at Elvare Group with fast, reliable delivery across South Africa.","One of the best benefits of Citrulline Malate is enhanced ATP production. This is needed by every living cell in the body and equates to higher energy levels. This is even more important for muscles which are engaged in heavy training or otherwise working. Increased ATP production also leads to the ability to train harder and recover faster. Citrulline Malate has also been clinically shown to help bolster lean muscle mass gains. Specific amino acids in the correct dosages, as featured in HYDRO BLAST LEGACY, are directly associated with increased blood flow, muscle pump and recovery as well as improved muscle output. The relaxation of blood vessels increases cell volumization and fuller looking muscles with better pumps and greater ability to obtain muscle building nutrients. Beta-alanine has been shown to amplify muscular endurance. Many people report being able to perform one or two additional reps in the gym when training in sets of 8–15 repetitions. Beta-alanine supplementation can also improve moderate to high intensity cardiovascular exercise performance, like rowing or sprinting. Large doses of Beta-alanine may cause a tingling feeling called paresthesia. It is a harmless side effect. It’s well established that branched-chain amino acids (particularly leucine) stimulate protein synthesis and might do so to a greater extent than a normal protein on its own. BCAAs also increase synthesis of the cellular machinery responsible for carrying out the process of protein synthesis. The amino acid profile in HYDRO BLAST LEGACY is a complimentary blend of performance and stimulant aids, that are formulated to make you train harder and heavier for longer.

Available at Elvare Group with fast, reliable delivery across South Africa.",taxable,1,,0,0,505.00,,"Pre Workout, TNT Mercury",https://www.psychoskull.co.za/wp-content/uploads/2024/03/Psycho-Skull-TNT-Hydro-Blast-Legacy-New.png,,0,instock
simple,,iPharma – Tudca Pro +,1,0,visible,"Tudca Pro + by iPharma. A premium supplement formulated for optimal results. Available at Elvare Group with fast, reliable delivery across South Africa.","Ipharma’s answer to on cycle liver protection during any cycle of an anabolic compound is TUDCA. As a standalone ingredient, TUDCA is an incredibly well researched ingredient for improving liver health, this all round liver protection is of the highest effectiveness and quality.. Tudca (tauroursodeoxycholic acid) is a natural compound derived from bile salts which has been scientifically proven to reduce liver enzymes, something that is commonly elevated after a cycle of anabolic compounds that can cause health issues. The problem faced with many prohormones users is the liver damage and strain from the methylated products, which can be easily defended against with the inclusion of TUDCA. TUDCA works either by its interactions with other bile salts or by preventing cells from apoptosis.

Available at Elvare Group with fast, reliable delivery across South Africa.",taxable,1,,0,0,305.00,,"Health & Recovery, Ipharma",https://www.psychoskull.co.za/wp-content/uploads/2024/03/Psycho-Skull-iPharma-Tudca-Pro-Plus.png,,0,instock
simple,,Nutritech – Gym Juice 630ml Blueberry Lemonade,1,0,visible,"Gym Juice is an electrolyte drink formulated to be your performance partner in the gym. Loaded with potassium, calcium, magnesium & sodium it provides an amazing mixing platform for ythis favourite supplements. Ideal for fasted training and Keto, Gym Juice aids in replenish your body while you train.

Available at Elvare Group with fast, reliable delivery across South Africa.","REPLACE LOST ELECTROLYTES

GYM JUICE electrolyte drink is an easy mixing base for other NUTRITECH products loaded with electrolytes to fuel ythis workout. Electrolytes are are electronically charged particles that are lost through sweat: Sodium, Potassium, Calcium, Magnesium and Phosphorus. Sodium

Preserves fluids balance

Potassium

Prevents muscle cramps

Magnesium

Relaxes muscles

Calcium

Required for muscle function

Phosphorus

Assists oxygen delivery to muscles

Available at Elvare Group with fast, reliable delivery across South Africa.",taxable,1,,0,0,25.00,,"Pre Workout, Nutritech","https://www.psychoskull.co.za/wp-content/uploads/2024/03/Psycho-Skull-Nutritech-Gym-Juice.png, https://www.psychoskull.co.za/wp-content/uploads/2019/04/Endurade-Sport-NI-Panel.jpg",,0,instock
simple,600097070609151,Healthy U – BPC 157,1,0,visible,"– LIVER REPAIR & PROTECT  

– KIDNEY REPAIR & PROTECT 

– INCREASED INSULIN SENSITIVITY

Available at Elvare Group with fast, reliable delivery across South Africa.","Regenerate

New Cell Growth

Anti Inflammatory

Gut Health

BPC-157 actively works on the brain-gut axis. BPC-157 accelerates wound healing. It is also used to treat injured muscle, tendons, ligaments and bones. What’s in the box

1 x 60 Capsules

Disclaimer

DISCLAIMER: This supplement may be a complementary medicine and/or not have been evaluated and verified by the South African Health Products Regulatory Authority for its quality, safety or intended use. Use of This supplement is therefore not intended to compensate for diagnosis, treatment, cure, or mitigation of medical conditions and must not substitute the obtaining of medical advice from a registered health professional for any health or health-related condition

Available at Elvare Group with fast, reliable delivery across South Africa.",taxable,1,,0,0,420.00,,"Healthy U Nutrition, Aminos, Health & Recovery, Peptides",https://www.psychoskull.co.za/wp-content/uploads/2024/03/HealthyU-BPC125.jpg,,0,instock
simple,,iPharma – Melatonin 5,1,0,visible,"Melatonin 5 by iPharma. A premium supplement formulated for optimal results. Available at Elvare Group with fast, reliable delivery across South Africa.","Melatonin 5 by iPharma. A premium supplement formulated for optimal results. Available at Elvare Group with fast, reliable delivery across South Africa.",taxable,1,,0,0,275.00,,"Health & Recovery, Ipharma",https://www.psychoskull.co.za/wp-content/uploads/2024/02/Psycho-Skull-iPharma-Melatonin.png,,0,instock
simple,,Evolve – Loaded Pre,1,0,visible,High Dosed Pre Performance Enhancer,"Loaded Pre by Evolve. A premium supplement formulated for optimal results. Available at Elvare Group with fast, reliable delivery across South Africa.",taxable,1,,0,0,475.00,,"Evolve, Pre Workout",https://www.psychoskull.co.za/wp-content/uploads/2024/02/Psycho-Skull-Evolve-Loaded-Pre-Black-Rainbow-Strips.png,,0,instock
simple,,HN – Ultimate Hyper Test,1,0,visible,"Increases Muscle

Reduces Fatigue

Encourage Healthy Sleep

Positively Affects Sex Drive

Available at Elvare Group with fast, reliable delivery across South Africa.","Ultimate Hyper Test is especially beneficial for those who have testosterone levels that are lower than the amount needed for optimal performance. As a result Human Nutrition may assist many athletes and sports enthusiasts to incorporate Ultimate Hyper Test as part of their supplement stack. Ultimate Hyper Test provide users with several health benefits that range from gaining muscle mass to increasing sexual drive and helping erectile dysfunction. It’s also known to improve athletic performance, stamina, and endurance. Even non-athletes have experienced a boost in confidence and energy by increasing their natural testosterone levels.

Available at Elvare Group with fast, reliable delivery across South Africa.",taxable,1,,0,0,160.00,,"Human Nutrition, Performance",https://www.psychoskull.co.za/wp-content/uploads/2024/01/Psycho-Skull-Human-Nutrition-Ultimate-Hyper-Test.png,,0,instock
simple,,HN – Shaker,1,0,visible,"Shaker by HN. A premium supplement formulated for optimal results. Available at Elvare Group with fast, reliable delivery across South Africa.","Shaker by HN. A premium supplement formulated for optimal results. Available at Elvare Group with fast, reliable delivery across South Africa.",taxable,0,,0,0,120.00,,"Human Nutrition, Accessories","https://www.psychoskull.co.za/wp-content/uploads/2024/01/Psycho-Skull-Human-Nutrition-Shaker-Black-1.png, https://www.psychoskull.co.za/wp-content/uploads/2024/01/Psycho-Skull-Human-Nutrition-Shaker-Black-2.png",,0,outofstock
simple,,iPharma – Stark Pre-Workout 320g,1,0,visible,"ipharma’s stimulant based pre-workout, very strong potent and deadly when you take it before gym.

Available at Elvare Group with fast, reliable delivery across South Africa.","Stark Pre-Workout 320g by iPharma. A premium supplement formulated for optimal results. Available at Elvare Group with fast, reliable delivery across South Africa.",taxable,1,,0,0,370.00,295.00,"Pre Workout, Ipharma",https://www.psychoskull.co.za/wp-content/uploads/2023/12/Psycho-Skull-iPharma-Stark-PreWorkout-1.png,,0,instock
simple,,Healthy U – Testo Boost,1,0,visible,"Increased Testosterone

Increased Blood Flow

Enhanced Stamina

Muscle Gain

Available at Elvare Group with fast, reliable delivery across South Africa.","Testo Boost Encourages improved libido, increased sexual capacity, and maximize testosterone levels. Formulated to encourage male sexual health and hormonal balance.

Available at Elvare Group with fast, reliable delivery across South Africa.",taxable,1,,0,0,385.00,,"Healthy U Nutrition, Performance, Health & Recovery","https://www.psychoskull.co.za/wp-content/uploads/2023/12/Testo-Boost-Front.png, https://www.psychoskull.co.za/wp-content/uploads/2023/12/Testo-Boost-Left.png, https://www.psychoskull.co.za/wp-content/uploads/2023/12/Testo-Boost-Right.png",,0,instock
simple,,Healthy U – Collagen 10 000,1,0,visible,"Anti-Aging

Improve Skin Health

Relieve Joint Pain

Encourages Heart Health

Boost Muscle Mass

Available at Elvare Group with fast, reliable delivery across South Africa.","Collagen is a dietary supplement in capsules containing the highest quality hydrolyzed collagen. It is an appropriate product for people practicing sports, after sports injuries or intense physical

exercise, during convalescence after fractures and to regenerate damaged joints. Collagen 10 000 is an anti aging aid that aids in your body rejuvenate youthful skin, promote

healthy hair and stronger nails.

Available at Elvare Group with fast, reliable delivery across South Africa.",taxable,1,,0,0,490.00,,"Healthy U Nutrition, Health & Recovery","https://www.psychoskull.co.za/wp-content/uploads/2022/09/Collagen-1000-Front.png, https://www.psychoskull.co.za/wp-content/uploads/2023/12/Collagen-1000-Left.png, https://www.psychoskull.co.za/wp-content/uploads/2023/12/Collagen-1000-Right.png",,0,instock
simple,,Limitless – BPC 157 Tabs,1,0,visible,"Encourages Accelerated Healing

Tissue Regeneration

Improved Gut Health

Available at Elvare Group with fast, reliable delivery across South Africa.","Limitless Performance BPC 157 Capsules: contain the synthetic peptide BPC-157 as the active ingredient. BPC-157 is believed to encourage healing and repair in various tissues, including muscles, tendons, ligaments, and the gastrointestinal tract. It may have anti-inflammatory properties and could bolster the body’s natural healing processes. Dosage is 1 capsule in the morning and 1 at night. Limitless Performance BPC 157 Capsules: contain the synthetic peptide BPC-157 as the active ingredient. BPC-157 is believed to encourage healing and repair in various tissues, including muscles, tendons, ligaments, and the gastrointestinal tract. It may have anti-inflammatory properties and could bolster the body’s natural healing processes. Please note that the specific formulation, dosage, and other ingredients in Limitless Performance BPC 157 capsules is of the highest quality, and it’s crucial to follow the recommended dosage instructions provided by the manufacturer. As with any supplement or peptide, it’s advisable to consult with a healthcare professional before use, especially if you have pre-existing health conditions or are taking other medications. Dosage is 1 capsule in the morning and 1 at night.

Available at Elvare Group with fast, reliable delivery across South Africa.",taxable,1,,0,0,370.00,,"Health & Recovery, Peptides, Limitless Performance",https://www.psychoskull.co.za/wp-content/uploads/2023/12/Psycho-Skull-Limitless-BPC-157-New.png,,0,instock
simple,,Evolve – CHEMICAL X FRENZY,1,0,visible,"CHEMICAL X FRENZY by Evolve. A premium supplement formulated for optimal results. Available at Elvare Group with fast, reliable delivery across South Africa.","CHEMICAL-X is a long standing EVOLVE NUTRITION pre-workout supplement, developed for the most hardcore trainer. This high-strength pre-workout has developed to ignite focus and energy levels, accelerate muscle fiber activation and prevent fatigue during the most strenuous workouts. Enhance ythis workout potential, enable laser like focus, elevate your strength and power levels and ensure that optimate muscle performance levels occur for the most intense workout you’ll ever have.

Available at Elvare Group with fast, reliable delivery across South Africa.",taxable,0,,0,0,245.00,,"Evolve, Pre Workout",https://www.psychoskull.co.za/wp-content/uploads/2023/11/Psycho-Skull-Evolve-Chemical-X-Frenzy-1.png,,0,outofstock
simple,,NPL – Daily Greens,1,0,visible,"NPL’s Daily Greens features antioxidant rich ingredients, each providing unique health attributes that may strengthen and assist the immune system.

Available at Elvare Group with fast, reliable delivery across South Africa.","ALL-IN-ONE DAILY GREEN SUPPLEMENT

NPL’s daily greens features a blend of ingredients from real food sources including wheat grass, celery, spinach, barley, kale, and baobab. NPL’s Daily Greens features antioxidant rich ingredients, each providing unique health attributes that may strengthen and assist the immune system. Features and benefits:

Natural source of antioxidants

Amplify gut health

Suitable for vegans and vegetarians

Immune support

Available at Elvare Group with fast, reliable delivery across South Africa.",taxable,1,,0,0,315.00,,"NPL, Health & Recovery",https://www.psychoskull.co.za/wp-content/uploads/2023/11/Psycho-Skull-NPL-Daily-Greens.png,,0,instock
simple,,Evolve – CREATINE MONO 300G,1,0,visible,"CREATINE MONO 300G by Evolve. A premium supplement formulated for optimal results. Available at Elvare Group with fast, reliable delivery across South Africa.","Creatine monohydrate is the original lean muscle builder, becoming popular during the 90’s and having been well researched ever since. Plays a role in the body’s energy cycle therefore improving endurance during ythis training and increasing strength for greater lifts. Creatine Mono is an addition to more strength during ythis gym sessions you may also feel an improvement in your recovery time while using this product. Creatine is responsible for ythis body’s energy production and ‘recycles’ molecules faster to produce more energy. This means energy is produced quicker keep the rest between training sets short. Adding it to a sweet fruit juice like Grape improves the effectiveness by increasing the uptake of creatine into ythis muscle cells. Directions

Add 1 rounded teaspoon with a glass filled with 200-400 ml of cold water or fruit juice. The mix it up with a spoon. Loading Phase Days (1-5)

Take 1 rounded teaspoon with morning, afternoon and evening meals and 1 additional serving before going to bed for 4-5 days to help saturate ythis muscles with Creatine. Maintenance Phase Days (after loading)

Take 1 rounded teaspoon with a meal or immediately after training with ythis post workout protein shake. Drink at least eight glasses of water daily when supplementing with Creatine.

Available at Elvare Group with fast, reliable delivery across South Africa.",taxable,0,,0,0,210.00,,"Evolve, Creatine, Health & Recovery",https://www.psychoskull.co.za/wp-content/uploads/2023/11/Psycho-Skull-Evolve-Creatine-Mono-300g.png,,0,outofstock
simple,,Fat Burning Gel (Sculpt) 120g,1,0,visible,"Ultimate Fat Burn

Reduces Site Fat

Thermogenic","Sculpt is a topical fat burning gel that specifically targets stubborn fatty deposits. It has a potent synergistic combination of the following compounds making it one of the most effective products available today! Dosage: 4-8 squirts rubbed onto problem area 2 x daily

Chemical Name: Yohimbine hcl, Octopamine hcl, N- Acetyl- L- Carnitine hcl, Caffeine hcl

Quantity: 1 x 120g ( 30 applications)

Available at Elvare Group with fast, reliable delivery across South Africa.",taxable,0,,0,0,445.00,,Fat Burners,https://www.psychoskull.co.za/wp-content/uploads/2023/10/WhatsApp-Image-2023-09-04-at-12.32.54_clipdrop-background-removal.png,,0,outofstock
simple,,Micro Mind – PSI Micro-dosing,1,0,visible,MICRODOSING FOR HIGH PERFORMERS,"Fungi Blend
Supports & Improves:

Daily focus

General mood

Controlled energy

Creativity

Social interaction

Aids in Reduce:

Anxiety

Stress

Depression

Recommended Dose:

Take 1 capsule with water once a day for 3 days on and then 2 days off over a 6 week period. Storing Conditions:

KEEP IN A COOL DRY PLACE.

Available at Elvare Group with fast, reliable delivery across South Africa.",taxable,0,,0,0,350.00,,Health & Recovery,https://www.psychoskull.co.za/wp-content/uploads/2023/10/Psycho-Skull-Micro-Mind-600x600-1.png,,0,outofstock
simple,,SSA – Sleep & Recover 60 caps,1,0,visible,"Improves Sleep

Therefore, improving recovery

Overall well-being

Available at Elvare Group with fast, reliable delivery across South Africa.","SSA Supplements Sleep & Recover contains a combination of ingredients that work together to support a restful night’s sleep and help the body recover from daily stress and fatigue.Gamma Amino Butyric Acid (GABA) is a neurotransmitter that aids in regulate brain activity and promote relaxation. It can help calm the mind and reduce anxiety, making it easier to fall asleep and stay asleep throughout the night. Valerian Root (Valeriana officinalis) is a herb that has been used for centuries as a natural sleep aid. It has sedative properties and can help improve sleep quality by reducing the time it takes to fall asleep and increasing overall sleep duration. L-Tryptophan is an essential amino acid that is converted into serotonin and melatonin in the body. Serotonin is a neurotransmitter that aids in regulate mood and melatonin is a hormone that controls the sleep-wake cycle. By increasing the levels of these neurotransmitters and hormones, L-Tryptophan can help encourage relaxation and improve sleep quality. Magnesium Glycinate is a form of magnesium that is highly bioavailable and easily absorbed by the body. Magnesium is an essential mineral that plays a key role in regulating sleep and relaxation. It can help calm the nervous system, relax muscles, and encourage a sense of calmness, making it easier to fall asleep and stay asleep. Overall, Sleep & Recover is a comprehensive sleep support formula that combines these key ingredients to encourage better sleep, aid in recovery, and support overall well-being.

Available at Elvare Group with fast, reliable delivery across South Africa.",taxable,1,,0,0,265.00,,"SSA, Health & Recovery",https://www.psychoskull.co.za/wp-content/uploads/2023/09/Psycho-Skull-SSA-Sleep-Recover.png,,0,instock
simple,6009679915220-1-1,SSA – Crea Size +,1,0,visible,"Increases muscle size & strength. Increases muscle recovery. Replenishes glycogen & electrolytes after exercise.

Available at Elvare Group with fast, reliable delivery across South Africa.","DESCRIPTION:

SSA Supplements has developed the ultimate creatine performance-enhancing supplement, packed with ingredients formulated to enhance the effects of creatine and help you break through your physical plateaus. Creatine is the most studied sports supplement in the world and improves physical performance in high-intensity exercises. SSA’s Crea Size + offers you with a true 5g Creatine in each dose from two of the most researched forms – creatine monohydrate and creatine hydrochloride. Included in this stack is 4g D-Ribose and like Creatine, it has a positive effect on ATP (energy) production. Combining both Creatine and D-Ribose, ensures ATP stores are always primed, resulting in faster recovery between sets and stronger muscular contractions! It doesn’t end there, SSA’s Crea Size + also provides 1g Betaine Anhydrous and 1g Taurine per serving, as well as hydrating electrolytes and 40g of glycogen replenishing carbohydrates – all formulated to give you the edge on size and strength. WHEN DO I TAKE IT? Take 1x serving after workouts or as an intra-workout drink. On non-training days drink 1 serving first thing in the morning. Use for 8-week cycles followed by a 2-week break. HOW DO I TAKE IT? Mix ±2 level scoops (55 g) in 300 ml of cold water and consume after

workouts or as an intra-workout drink. On non-training days drink 1 serving first thing in the morning.

Available at Elvare Group with fast, reliable delivery across South Africa.",taxable,1,,0,0,210.00,,"SSA, Creatine","https://www.psychoskull.co.za/wp-content/uploads/2023/09/Psycho-Skull-SSA-Crea-Size.png, https://www.psychoskull.co.za/wp-content/uploads/2020/02/Creatine_Transport_600g_nutrifacts.png",,0,instock
simple,,Vitatech – Omega 3,1,0,visible,"Daily wellness supplement to compliment ythis lifestyle.

Available at Elvare Group with fast, reliable delivery across South Africa.","Can fight depression and anxiety, improve eye health, encourage brain health during pregnancy and early life, improve risk factors for heart disease, reduce symptoms of metabolic syndrome, fight inflammation, fight autoimmune diseases, improve mental disorders, reduce asthma in children, reduce fat in the liver, alleviate menstrual pain. May improve bone, joint health and improve sleep.

Available at Elvare Group with fast, reliable delivery across South Africa.",taxable,1,,0,0,55.00,,"Health & Recovery, Vitatech",https://www.psychoskull.co.za/wp-content/uploads/2023/09/Psycho-Skull-Nutritech-Vitatech-New-Omega-3.png,,0,instock
simple,,NPL – Diet Pro Bars,1,0,visible,"NPL’s Diet Pro Bars fit seamlessly into ythis lifestyle as a guilt-free treat or snack on the go, with only 163 calories per bar!

Available at Elvare Group with fast, reliable delivery across South Africa.","LOW CALORIE PROTEIN SNACK

NPL’s Diet Pro Bars fit seamlessly into ythis lifestyle as a guilt-free treat or snack on the go. It is packed with protein and fibre to keep you full for longer with only 163 calories per bar, keeping you on track with ythis health and fitness goals. Features and benefits:

• 16.5g protein per serving

• High protein, gluten free

• Added collagen

• Prebiotic fibre for gut health

Available at Elvare Group with fast, reliable delivery across South Africa.",taxable,1,,0,0,35.00,,"NPL, Protein",https://www.psychoskull.co.za/wp-content/uploads/2023/09/NPL-Diet-Pro-Bar.png,,0,instock
simple,,NPL – #21 PROTEIN BARS,1,0,visible,"NPL’s #21 Protein Bars are the perfect on-the-go, high protein, nutritional snack containing 21 grams of quality protein covered with a milk chocolate coating

Available at Elvare Group with fast, reliable delivery across South Africa.","HEALTHY ON-THE-GO SNACK

NPL’s #21 Protein Bars are the perfect on-the-go, high protein, nutritional snack containing 21 grams of quality protein covered with a milk chocolate coating. Whether you’re a seasoned gym-goer, cyclist, long-distance runner or anyone in between, reward yourself with a tasty treat that also supports ythis health and fitness goals. Features and benefits:

• 21g protein per bar

• Promotes growth and maintenance of lean muscle

• Incorporates prebiotic fibre

• Healthy ‘On-The-Go’ Protein Snack

Available at Elvare Group with fast, reliable delivery across South Africa.",taxable,1,,0,0,40.00,,"NPL, Protein",https://www.psychoskull.co.za/wp-content/uploads/2023/09/21-NPL-Protein-Bar.png,,0,instock
simple,,NPL – Thermo Cuts Advanced,1,0,visible,"NPL Thermo Cuts is an advanced thermogenic fat burner, formulated with several key ingredients that work to boost energy levels, encourage metabolism, and ultimately accelerate fat loss.

Available at Elvare Group with fast, reliable delivery across South Africa.","MOOD ENHANCING WEIGHT MANAGEMENT SYSTEM

NPL Thermo Cuts is an advanced thermogenic fat burner, formulated with several key ingredients that work synergistically to boost energy levels, encourage metabolism, and ultimately accelerate fat loss. In addition, Thermo Cuts may help regulate blood sugar levels, reduce appetite, and prevent cravings. For best results, combine Thermo Cuts with a calorie-controlled diet. Features and benefits:

Sinetrol® XPUR: which may enhance the breakdown of fat stores

Suppress Appetite with added Caralluma fimbriata

Bolsters stable blood sugar to reduce cravings. Thermogenic and lipotropic fat metabolising effect. Natural diuretic.

Available at Elvare Group with fast, reliable delivery across South Africa.",taxable,1,,0,0,400.00,,"Fat Burners, NPL",https://www.psychoskull.co.za/wp-content/uploads/2023/08/Psycho-Skull-NPL-Thermo-Cuts-Advanced.png,,0,instock
simple,,Burn Xtreme Gel – 120g,1,0,visible,"Ultimate Fat Burn

Reduces Site Fat

Thermogenic","120g by Burn Xtreme Gel. A premium supplement formulated for optimal results. Available at Elvare Group with fast, reliable delivery across South Africa.",taxable,0,,0,0,410.00,,Fat Burners,https://www.psychoskull.co.za/wp-content/uploads/2023/08/Psycho-Skull-Burn-Xtreme-Gel.png,,0,outofstock
simple,,NPL – BCAA EAA 12:1:1 600g,1,0,visible,"NPL’s BCAA EAA 12:1:1 gives you more amino acids then

any other product on the market, promoting recovery

after strenuous exercise

Available at Elvare Group with fast, reliable delivery across South Africa.","PERFECT RATIO OF BCAA’s AND EAA’s

Amino Acids are the building blocks of protein and are important for muscle recovery and growth, particularly during and after strenuous exercise. Essential amino acids cannot be produced in the body and may need to be consumed through diet or supplementation. The branched-chain amino acids, leucine, isoleucine, and valine may support muscle growth by stimulating muscle protein synthesis – and this may be more efficient in the presence of the other essential amino acids. Ultimately, NPL’s BCAA & EAA 12:1:1 may aid physical performance, encourage recovery, and reduce muscle breakdown. Feature and benefits:

Perfect ratio of EAAs. Improve muscle recovery and bolster protein synthesis. Bolsters energy metabolism – supports endurance. Reduce muscle fatigue. Zero carbs. Stimulant free.

Available at Elvare Group with fast, reliable delivery across South Africa.",taxable,1,,0,0,525.00,,"NPL, Aminos",https://www.psychoskull.co.za/wp-content/uploads/2023/07/NPL-BCAA-EAA-600g-Psycho-Skull.png,,0,instock
simple,6009708883452,NPL – Zero Bloat – 60 Caps,1,0,visible,"NPL Zero Bloat is an all-in-one formulation of digestive

enzymes and herbal extracts to provide rapid relief from

bloating, digestive issues and cramps.

Available at Elvare Group with fast, reliable delivery across South Africa.","NPL Zero Bloat is an all-in-one formulation of digestive enzymes and herbal extracts to provide rapid relief from bloating, digestive issues and cramps. Digestive enzymes have been included to assist with the breakdown of carbohydrates, fats, protein, and fibre and amplify nutrient absorption. Zinc-L-Carnosine has been found to assist with restoring the gut lining and reducing the symptoms of IBS. Zero Bloat features Peppermint, Ginger and Liquorice, to assist with symptoms of gastric discomfort and reflux. Zero Bloat has been developed to provide relief and reduce belly bloating from foods that might regularly cause discomfort. Features and benefits:

Rapid relief from bloating / symptoms of IBS. Aid digestion and absorption of nutrients.

Available at Elvare Group with fast, reliable delivery across South Africa.",taxable,1,,0,0,295.00,,"NPL, Health & Recovery",https://www.psychoskull.co.za/wp-content/uploads/2023/07/NPL-Zero-Bloat-Psycho-Skull.png,,0,instock
simple,,PNS – Pre-Dator Hybrid Pre Workout,1,0,visible,"Thermal Nitro-Anabolic

& Neural Activator","PNS Pre-Dator Hybrid Pre-Workout has been scientifically formulated to give you the user a product light years ahead of its time, it delivers key ingredient compounds in there most effective forms and mg doses so you can literally ‘eat the competetion’ and ‘kill’ ythis workout. Not only will predator deliver insane strength, vascularity, skin spilitting pumps, energy and focus but will simultaneously in true hybrid fashion sculpt ythis physique into a lean mean fat burning machine and all this from one true single scoop!

Available at Elvare Group with fast, reliable delivery across South Africa.",taxable,0,,0,0,605.00,565.00,"Pre Workout, PNS",https://www.psychoskull.co.za/wp-content/uploads/2023/07/Psycho-Skull-PNS-Pre-Dator-Hybrid.png,,0,outofstock
simple,,Evolve – AAKG 200g,1,0,visible,"AAKG 200g by Evolve. A premium supplement formulated for optimal results. Available at Elvare Group with fast, reliable delivery across South Africa.","EVOLVE BASIX AAKG is a premium Arginine Alpha-Ketogluterate, a modified version of the amino acid Arginine where the salt of Arginine and Alpha-Ketogluterate are bonded together. This behaves as an intermediate compound in the series of reactions that produces energy for the human body, with rudimentary research on the possible effects of enhancing nitric oxide production. As the preliminary benefit of being a nitric oxide amplifier is noted, the addition of AAKG can enhance longer lasting muscle pumps and increase the workload and fatigue resistance in ythis pre-workout formulation.

Available at Elvare Group with fast, reliable delivery across South Africa.",taxable,1,,0,0,210.00,,"Evolve, Aminos, Health & Recovery",https://www.psychoskull.co.za/wp-content/uploads/2023/06/Psycho-Skull-Evolve-AAKG-200g.png,,0,instock
simple,,Evolve – Prolong BCAA 336g,1,0,visible,"BUILD BACK BETTER

• Increase muscle recovery

• Decrease muscle soreness

• Increase fat-burning efforts

Available at Elvare Group with fast, reliable delivery across South Africa.","EVOLVE PROLONG BCAA is a category leading intra-workout performance supplement, formulated to enhance recovery, and improve performance levels. Although amino acids are the building blocks of protein, the absolute importance of Branched Chain Amino Acids (BCAAs) cannot be ignored. Leucine, Isoleucine and Valine are the primary amino acids that have been shown to elevate the rate of muscle recovery and growth. Elvare Group have included the research approved 2:1:1 dosage of BCAAs, providing 5g, along with muscle-pump enhancing Citrulline Malate and L-Glutamine. Enhance ythis recovery from even the toughest training sessions, prolong the duration of your workouts and support the muscle-full effect for even greater gains. Available in Fusion, Summer-Pine, Mediterranean Fruit, Red Energy, Green Apple, Wild Grape, Strawberry-Pine and Blue Raspberry.

Available at Elvare Group with fast, reliable delivery across South Africa.",taxable,1,,0,0,315.00,,"Evolve, Aminos, Health & Recovery",https://www.psychoskull.co.za/wp-content/uploads/2023/06/Psycho-Skull-Evolve-Prolong.png,,0,instock
simple,,Evolve – Tri Whey 909g,1,0,visible,"Whey Protein Concentrate, Hydrolysate & Isolate Blend

Available at Elvare Group with fast, reliable delivery across South Africa.","EVOLVE TRI-WHEY represents this premium, multi-source whey protein supplement, ideal for a broad range of consumers who are looking for a best in class, fast digesting protein source as an addition to their daily nutritional requirements. Developed using the industries leading whey protein suppliers from the USA, along with this rigorous in-house and third-party/consumer flavor analysis to ensure that we achieve the market leading mouthfeel and taste, along with maximum digestion, absorption and zero digestive distress. Each serving provides 23g of this meticulously developed whey protein concentrate, hydrolysate and isolate ratio blend, developed to maximise protein levels, along with a reduced carbohydrate and fat content. This precise formulation ensures an optimal muscle development, lean mass support and recovery, to get ythis post-workout recovery on track, to fuel your lean mass retention at breakfast or snack times and to act as the ultimate low calorie, muscle protective snack. Available in a full range of exciting flavors developed with leading global flavor houses.

Available at Elvare Group with fast, reliable delivery across South Africa.",taxable,0,,0,0,580.00,,"Evolve, Protein",https://www.psychoskull.co.za/wp-content/uploads/2025/01/WhatsApp-Image-2025-12-03-at-15.39.27.jpeg,,0,outofstock
simple,,PNS – L-Glutamine 200g,1,0,visible,"L-Glutamine 200g by PNS. A premium supplement formulated for optimal results. Available at Elvare Group with fast, reliable delivery across South Africa.","L-Glutamine 200g by PNS. A premium supplement formulated for optimal results. Available at Elvare Group with fast, reliable delivery across South Africa.",taxable,0,,0,0,210.00,,"Aminos, Health & Recovery, PNS",https://www.psychoskull.co.za/wp-content/uploads/2023/06/Psycho-Skull-PNS-Glutamine.png,,0,outofstock
simple,,PNS – Pre-Dator Xtreme,1,0,visible,"Super Concentrated

Highest Potency

Thermo-Nitric","PNS PRE-DATOR XTREME follows on from the highly successful and legendary Big Daddy PRE-DATOR HYBRID which was formulated and created in 2013. PRE-DATOR XTREME truly defines what it is a Hardcore Super Concentrate Pre-Workout Should Be. Not only will predator deliver insane strength, vascularity, skin spilitting pumps, energy and focus but will simultaneously in true hybrid fashion sculpt ythis physique into a lean mean fat burning machine and all this from one true single scoop!

Available at Elvare Group with fast, reliable delivery across South Africa.",taxable,0,,0,0,420.00,,"Pre Workout, PNS",https://www.psychoskull.co.za/wp-content/uploads/2023/06/Psycho-Skull-PNS-Pre-Dator-Extreme.png,,0,outofstock
simple,,TNT – Black Mass 2.4kg,1,0,visible,"High grade Protein Blend (Whey, Micellar Casein and Beef Protein). High and medium G.I. carbohydrate blend. Soy Free, Macro Specific ratio.

Available at Elvare Group with fast, reliable delivery across South Africa.","Black Mass satisfies every competitive strength and physique athlete’s reliance on a muscle-building, anabolic diet regimen. The steady supply of carbohydrates and muscle-building proteins creates a physiological environment conducive to muscle growth and output. Professional athletes are required to consistently replenish lost reserves every 3-4 hours with solid food, this isn’t always attainable. Black Mass has a premium blend of Whey Protein, Micellar Casein, and Beef Proteins. These proteins feed the muscle with crucial amino acid building blocks, ensuring an anabolic environment is maintained throughout the day. Along with these precious proteins Black Mass has a blend of fast, medium, and slow-release carbohydrates, formulated to effectively restore depleting muscle glycogen reserves and sustain steady blood sugar levels without an excessive surge of sugars which would result in a sugar spike. Along with these crucial macro nutrients Black Mass is also fortified with a specific blend of amino acids and creatines to further complement muscle recovery and strength. This amino matrix assists in boosting muscle output and recovery. This stack will aid in amplifying strength and repetition range for strength and physique athletes who pursue gains in lean muscle mass and poundage lifted. Black Mass serves as a complete meal replacement solution for individuals seeking to assist their lean muscle gain objectives. It can be used as a tasty milkshake treat fortified with extra vitamins and minerals along with the perfect macro nutrient blend. This assists individuals gain lean muscle mass and offer an easily digestible treat to break a Spartan-like dietary regimen, but with no guilt normally associated with dessert flavoured shakes. Black Mass is the perfect solution to lean muscle gain for serious athletes. The Macro nutrient blend of sustained release carbohydrates, premium proteins, added muscle-building amino acids and creatines ensures competitive athletes get the perfect premium blend of meal replacement nutrients. TYPICAL NUTRITIONAL INFORMATION

BLACK MASS

MUSCLE UP PERFORMANCE STACK  ADDED HYDROLYZED BEEF PROTEIN. SUSTAINED RELEASE CARB MIX

TYPICAL NUTRITIONAL INFORMATION

Servings Per Container: 33-66
Per Serving

Per 100g
120g
% NRV*

Energy
1526 kJ
1832 kJ

Protein
33.6 g
40.3 g
72%

Total Carbohydrates
56.3 g
67.6 g

Of Which Sugars
14.1 g
17.0 g

Total Fats
1.5 g
1.9 g

Of Which Saturated
1.0 g
1.2 g

Total Fibre
1.2 g
1.4 g

Sodium
244 mg
292 mg

Potassium
300 mg
361 mg

Calcium
208 mg
249 mg
19%

Magnesium
31 mg
38 mg
9%

Phosphorous
157 mg
188 mg
15%

Vitamin C
25 mg
30.0 mg
30%

Nicotinic Acid/-amide/niacin
4 mg
4.8 mg
30%

Vitamin E
3.8 mg TE
4.5 mg TE
30%

Pantothenic Acid
4.5 mg
1.5 mg
30%

Vitamin B6 (Pyridoxine)
0.4 mg
0.5 mg
30%

Vitamin B2 (Riboflavin)
0.3 mg
0.4 mg
30%

Vitamin B1 (Thiamine)
0.3 mg
0.4 mg
30%

Vitamin A
225 mcg
270 mcg
30%

Folic Acid
100 mcg
120 mcg
30%

Biotin
9 mcg
9.0 mcg
30%

Vitamin D
3.8 mcg
4.5 mcg
30%

Vitamin B12
0.6 mcg
0.7 mcg
30%

Muscle Up Performance Stack

17150 mg

L-Glutamine, Taurine , L- Glycine, L-Lysine, Added BCAA 2:1:1, Tribulus Terrestris,MA (Zinc Monothionine Aspartate, Magnesium Aspartate and Vitamin B6),

HMB ( beta-Hydroxy beta-methylbutyric acid) . Creatine Matrix
5060 mg

Creatine Monohydrate; Creatine HCL; Creatine Gluconate; Creatine EthylEster. Protein Matrix
Microfiltered Whey Protein, Micellar Casein,

Hydrolyzed Beef Protein

Sustained Release Carb Blend
High and medium G.I Maltodextrin

Polysaccharides , Palatinose,

Waxy Maize (highly branched dextrin)

*Nutrient Reference Values (NRVs) for individuals 4 years and older. Na – No set NRV. Information as per Supplier/Manufacturer Ingredient Information Files. INGREDIENTS:
Skim Milk Powder; Cocoa Powder (Only In Chocolate Flavoured Variants); Flavouring; Stabilizers; Salt; Soy Lecithin; Sucralose Acesulphame K-Blend; Vitamin Premix; Tolerase. DIRECTION FOR USE:
(Meal replacement): Mix 2 heaped scoops into 300-400ml water. First blend vigorously and then shake. Mix with milk for added calories. ALTERNATE USE:
(Between meals): Mix 1 heaped scoop (half serving) into 150-200ml water. Mix with milk for added calories.

Available at Elvare Group with fast, reliable delivery across South Africa.",taxable,1,,0,0,650.00,,"TNT Mercury, Protein",https://www.psychoskull.co.za/wp-content/uploads/2018/03/Psycho-Skull-TNT-Black-Mass-4kgChocolate-Caramel.png,,0,instock
simple,,NPL – Pro Mass 2kg,1,0,visible,"High carbohydrate mass gainer. Ideal for hard gainers. Rapid strength and size. Multi-Stage release real-food carbohydrate sources – sustained energy delivery. Digestive Enzymes for enhanced digestion and nutrient absorption.

Available at Elvare Group with fast, reliable delivery across South Africa.","Pro Mass is an all-in-one mass-gainer developed for the hard gainer and features five real-food carbohydrate sources to maximise glycogen replenishment and mass gain. The carbohydrate sources in Pro Mass have been strategically selected to provide mixed-stage carbohydrate absorption for both fast and slower acting energy. Each serving offers over 1 300 heavy-duty calories to overcome catabolism and increase mass gain as well as 40 g of protein per serving for enhanced muscle repair and growth. Pro Mass features DigeZyme®, a blend of digestive enzymes to enhance protein absorption and prevent digestive issues.

Available at Elvare Group with fast, reliable delivery across South Africa.",taxable,1,,0,0,315.00,,"NPL, Protein",https://www.psychoskull.co.za/wp-content/uploads/2023/05/Psycho-Skull-NPL-Pro-Mass-2kg-Candy-Dream.png,,0,instock
simple,,Black Bull – BIG TEST,1,0,visible,"MALE PERFORMANCE POWERHOUSE

• Increase muscle mass & strength

• Build stronger & denser bones

• Increase sex drive & function

Available at Elvare Group with fast, reliable delivery across South Africa.","BIG TEST is high in powerful testosterone-increasing ingredients, a test booster formula with fthis goals, to increase testosterone output and absorption, increase muscle mass and strength, build stronger and denser bones, and increase sex drive and sexual function. No holds barred, take ythis game to the next level.

Available at Elvare Group with fast, reliable delivery across South Africa.",taxable,1,,0,0,160.00,,"Performance, Black Bull",https://www.psychoskull.co.za/wp-content/uploads/2023/04/Psycho-Skull-Black-Bull-Big-Test.png,,0,instock
simple,,Black Bull – CREA EXTREME,1,0,visible,"MUSCLE & STRENGTH CREATINE

• Gain muscle fast

• Increase strength gains

• Maximise muscle performance

Available at Elvare Group with fast, reliable delivery across South Africa.","CREA EXTREME is high in creatine and carbohydrates, a creatine transport formula with three goals, to gain muscle fast, increase strength gains and maximise muscle performance. The hardest worker in the gym, prepare to break all personal records in the gym, day after day, rep after rep. HARDCORE CREATINE FORMULA | NO LIGHTWEIGHTS
INSTRUCTIONS

Mix 1 scoop of CREA EXTREME with 500ml of water or ythis favourite beverage, using a Black Bull Shaker and enjoy. Drink during gym or before gym. For best results, use 1 serving per day.

Available at Elvare Group with fast, reliable delivery across South Africa.",taxable,1,,0,0,180.00,,"Creatine, Black Bull",https://www.psychoskull.co.za/wp-content/uploads/2023/04/Psycho-Skull-Black-Bull-Crea-Extreme.png,,0,instock
simple,,Black Bull – RED RAGE,1,0,visible,"INSANE PRE-WORKOUT

• Insane energy and focus

• Roadmap vascularity & pump

• Creatine for muscle size & strength

Available at Elvare Group with fast, reliable delivery across South Africa.","RED RAGE is a highly powerful energy and pump-promoting pre-workout formula with fthis goals, to supercharge energy levels, maximise muscle pump, sharpen mental concentration and increase blood flow. You’re motivated, every workout, every rep, but looking for some extra fire, light up with red and rage on the weights.

Available at Elvare Group with fast, reliable delivery across South Africa.",taxable,1,,0,0,210.00,,"Pre Workout, Black Bull",https://www.psychoskull.co.za/wp-content/uploads/2023/04/Psycho-Skull-Black-Bull-Red-Rage.png,,0,instock
simple,,Black Bull – CUTS BURNER,1,0,visible,"HARDCORE WEIGHT LOSS

• Burn fat fast

• Absorb less fat

• Suppress hunger & cravings

Available at Elvare Group with fast, reliable delivery across South Africa.","CUTS BURNER is high in powerful thermogenic weight-loss ingredients, a fat-burning formula with fthis goals, to cut fat fast, increase metabolism, reduce the amount of fat you absorb and suppress hunger and cravings. Let’s get shredded, all the muscle in the world means little if it is covered by layers of body fat. EXTREME FAT LOSS FORMULA | GYM JUNKIE CERTIFIED
INSTRUCTIONS

Take 2 capsules of CUTS BURNER with 250ml of water or ythis favourite beverage, using a Black Bull Shaker. Drink before breakfast and before lunch, and make sure you drink lots of water throughout the day. For best results, use 2 servings per day.

Available at Elvare Group with fast, reliable delivery across South Africa.",taxable,1,,0,0,160.00,,"Fat Burners, Black Bull",https://www.psychoskull.co.za/wp-content/uploads/2023/04/Psycho-Skull-Black-Bull-Cuts-Fatburner.png,,0,instock
simple,,Black Bull – BCAA AMINOS,1,0,visible,"BUILD BACK BETTER

• Increase muscle recovery

• Decrease muscle soreness

• Increase fat-burning efforts

Available at Elvare Group with fast, reliable delivery across South Africa.","BCAA is high in branched-chain amino acids, a muscle recovery formula with three goals, to increase muscle growth, reduce muscle soreness after training and work alongside HUGE or WHEY to get you the physique you are after! If the gym is ythis club, BCAA is your cocktail.

Available at Elvare Group with fast, reliable delivery across South Africa.",taxable,0,,0,0,180.00,,"Aminos, Health & Recovery, Black Bull",https://www.psychoskull.co.za/wp-content/uploads/2023/04/Psycho-Skull-Black-Bull-BCAA-Aminos.png,,0,outofstock
simple,,SSA – Whey Extreme 908g – Bag,1,0,visible,"- Superior muscular development and hypertrophy

- Enhanced and rapid muscle recovery

- Increased energy and stamina in the gym

- Strength increases by the week

- An extreme boost in protein synthesis

Available at Elvare Group with fast, reliable delivery across South Africa.","Whey Extreme is an extremely potent blend of whey protein infused with creatine to give you that extra boost in muscle growth and strength development. As a combined product, its benefits include:

- Superior muscular development and hypertrophy

- Enhanced and rapid muscle recovery

- Increased energy and stamina in the gym

- Strength increases by the week

- An extreme boost in protein synthesis

This supplement is best taken after training when the benefits of creatine uptake are most pronounced. In addition, there is no need to take in extra carbohydrates. DIRECTIONS

- Take 2 Rounded scoops (32g)

- Consume with 200ml water or milk 1-3 times daily

Disclaimer
Seek advice from a health care professional before use if you have any pre-existing medical condition. Do not use if you are pregnant or nursing, or if you are being treated for heart disease or high blood pressure. Should not be used in conjunction with any prescription medication, including MAO inhibitors, stimulants or anti-depressants. Discontinue use and consult ythis doctor if any adverse reactions occur. KEEP OUT OF REACH OF CHILDREN.

Available at Elvare Group with fast, reliable delivery across South Africa.",taxable,1,,0,0,350.00,,"SSA, Accessories, Protein","https://www.psychoskull.co.za/wp-content/uploads/2023/04/Psycho-Skull-SSA-Whey-Extreme-908g-Bag.png, https://www.psychoskull.co.za/wp-content/uploads/2019/11/SSA_Whey_Extreme_905g_Nutrifacts.png",,0,instock
simple,,TNT – B-909 – Omega3,1,0,visible,"Features anti-inflammatory properties. Improves cell integrity. Improves post exercise recovery/reduces soreness. Assists in joint function and health. Improves oxygen delivery to the Heart.

Available at Elvare Group with fast, reliable delivery across South Africa.","B-909 – Omega3 by TNT. A premium supplement formulated for optimal results. Available at Elvare Group with fast, reliable delivery across South Africa.",taxable,1,,0,0,165.00,,"Health & Recovery, TNT Mercury",https://www.psychoskull.co.za/wp-content/uploads/2023/03/Psycho-Skull-TNT-B-909-Omega-3.png,,0,instock
simple,,Nutritech – Marine Collagen,1,0,visible,"Bolsters skin, hair, nails, joints & bones

400 mg Fish hydrolyzed collagen peptides

Available at Elvare Group with fast, reliable delivery across South Africa.","Fish Collagen Peptides

1. BUILDS BONE STRENGTH

2. MAY HELP SLOW AGEING

3. HIGH LEVELS OF GLYCINE WHICH Aids in SUPPORT BLOOD SUGAR LEVELS

4. MAY HELP LOWER CHOLESTEROL LEVELS

5. MAY HELP IMPROVE WOUND HEALING & REDUCES SCARS

6. MAY REDUCE INFLAMMATION

7. ANTIBACTERIAL EFFECTS

Available at Elvare Group with fast, reliable delivery across South Africa.",taxable,1,,0,0,125.00,,"Health & Recovery, Vitatech",https://www.psychoskull.co.za/wp-content/uploads/2023/02/Psycho-Skull-Vitatech-New-Marine-Collagen.png,,0,instock
simple,,Healthy U – Ultra Man 20mg,1,0,visible,"Fast Acting

Longer Lasting

Increase Libido

Always Ready

Treat Erectile Dysfunction

Available at Elvare Group with fast, reliable delivery across South Africa.","Ultra Man 20mg by Healthy U. A premium supplement formulated for optimal results. Available at Elvare Group with fast, reliable delivery across South Africa.",taxable,1,,0,0,390.00,,"Healthy U Nutrition, Performance, Health & Recovery",https://www.psychoskull.co.za/wp-content/uploads/2023/01/Psycho-Skull-Healthy-U-Ultra-Man.png,,0,instock
simple,,Healthy U – Daily Man 5mg,1,0,visible,"– Increased Muscle Pumps

– Lasting Sensitivity","DAILY MAN is formulated specifically to be taken once every 24 hours. To Establish a routine so you are ALWAYS READY, it should be taken at the same time every day.

Available at Elvare Group with fast, reliable delivery across South Africa.",taxable,1,,0,0,285.00,,"Healthy U Nutrition, Health & Recovery",https://www.psychoskull.co.za/wp-content/uploads/2023/01/Psycho-Skull-Healthy-U-Daily-Man.png,,0,instock
simple,,NPL – Hydrade Energy Drink 500ml,1,0,visible,"Hydrade is the next generation isotonic sports drink, designed for the weekend warrior, professional athlete, and everyone in between!

Available at Elvare Group with fast, reliable delivery across South Africa.","HYDRATING SPORTS DRINK

Hydrade is the next generation isotonic sports drink, designed for the weekend warrior, professional athlete, and everyone in between! Hydrade has been formulated with B-vitamins, coconut water, and electrolytes to give you natural energy, leaving you feeling hydrated and refreshed. Now available in 5 delicious flavours, Hydrade is suitable for sports and endurance events, or as an every day refreshment. Ythis potential is now! Features and benefits:

Source of vitamins to boost overall health and energy. Source of minerals to bolster optimal hydration. 9 grams of fast acting carbohydrates for rapid glycogen replenishment. 14 added vitamins and minerals.

Available at Elvare Group with fast, reliable delivery across South Africa.",taxable,1,,0,0,20.00,,"NPL, Aminos",https://www.psychoskull.co.za/wp-content/uploads/2022/10/Psycho-Skull-NPL-Hustle-Hydrade-Single-Satsuma-Naartjie.png,,0,instock
simple,,Nutritech – Endurade Energy+,1,0,visible,"POWDERED ENERGY DRINK

SUGAR-FREE

NOOTROPIC FORMULA

WITH VITAMIN FORMULA

50MG CAFFEINE

Available at Elvare Group with fast, reliable delivery across South Africa.","Endurade Energy+ by Nutritech. A premium supplement formulated for optimal results. Available at Elvare Group with fast, reliable delivery across South Africa.",taxable,1,,0,0,95.00,,"Nutritech, Health & Recovery",https://www.psychoskull.co.za/wp-content/uploads/2022/09/Psycho-Skull-Nutritech-ENDURADE-ENERGY-.png,,0,instock
simple,,Healthy U – SD Size,1,0,visible,"RAPID SIZE INCREASE

MASSIVE PUMPS

MONSTER STRENGTH

LEAN MUSCLE GAINS

Available at Elvare Group with fast, reliable delivery across South Africa.","Superdrol Size is a prohormone supplement that works to help athletes reduce excess bodyfat while helping build lean muscle mass. This performance enhancing product is extremely potent and is legendary among the bodybuilding community. It has a high oral bioavailability and in no time, you will see its effects on the body.

Available at Elvare Group with fast, reliable delivery across South Africa.",taxable,0,,0,0,285.00,,"Healthy U Nutrition, Performance, Health & Recovery",https://www.psychoskull.co.za/wp-content/uploads/2022/09/Psycho-Skull-Healthy-U-Superdrol.png,,0,outofstock
simple,,Healthy U – Keto DHEA,1,0,visible,"Supports Healthy DHEA Levels

Promotes Optimal Hormone Levels

Aids in Boost Stamina

Available at Elvare Group with fast, reliable delivery across South Africa.","Keto DHEA 7-keto-DHEA is formed from dehydroepiandrosterone (DHEA) in the body. DHEA is a “parent hormone” produced by glands near the kidneys. But unlike DHEA, 7-keto-DHEA is not converted to steroid hormones such as androgen and estrogen. Taking 7-keto-DHEA by mouth or applying it to the skin does not increase the level of steroid hormones in the blood.

Available at Elvare Group with fast, reliable delivery across South Africa.",taxable,1,,0,0,580.00,,"Healthy U Nutrition, Health & Recovery",https://www.psychoskull.co.za/wp-content/uploads/2022/09/Psycho-Skull-Healthy-U-Keto-DHEA.png,,0,instock
simple,,Healthy U – Water Less,1,0,visible,"Rapid Water Loss

Reduces Bloating

Bolsters Weight Loss

Define Muscle

Reduce Blood Pressure

Available at Elvare Group with fast, reliable delivery across South Africa.","Water Less works to increase the amount of water and salt expelled from the body as urine.

Available at Elvare Group with fast, reliable delivery across South Africa.",taxable,1,,0,0,350.00,,"Healthy U Nutrition, Health & Recovery, Fat Burners",https://www.psychoskull.co.za/wp-content/uploads/2022/09/Psycho-Skull-Healthy-U-Water-Less.png,,0,instock
simple,,TNT – B-167 – Creatine HCL – 120 Tabs,1,0,visible,"• Increae ATP Muscle Resynthesis

• Increase Phosphocreatine Levels

• Cellular Solubility & Absorption

Available at Elvare Group with fast, reliable delivery across South Africa.","Creatine HCL is a nitrogenous organic acid that aids the supply of energy to cells throughout the body, particularly muscle cells. Creatine is formed from three amino acids: L-Arginine, Glycine and L-Methionine. The body’s creatine store is converted for use every day by the liver, kidneys and pancreas. Creatine HCL is created by attaching hydrochloride to the creatine molecule. The benefits of Creatine are well documented and this performance aid supplement boasts a high number of clinical trials to validate its claims. Of the various forms of creatine, monohydrate is the most common. Creatine HCL however enjoys a substantial following by coaches and athletes alike. The preference stems from several noticeable differences. The bonding of creatine with hydrochloric acid improves water solubility and hence absorption into the muscle cell. This means a lower dose will give a better muscle cell creatine concentration. Since it is easily dissolved it will also reduce the propensity to retain water.

Available at Elvare Group with fast, reliable delivery across South Africa.",taxable,1,,0,0,295.00,,"Creatine, Health & Recovery, TNT Mercury",https://www.psychoskull.co.za/wp-content/uploads/2022/08/Psycho-Skull-TNT-Creatine-HCL-B-167.png,,0,instock
simple,,TNT – Prototest Lockdown – 120 caps,1,0,visible,"PROTOTEST LOCKDOWN features the internationally highly publicized Turkesterone. PROTOTEST LOCKDOWN Turkesterone is a concentrated type of ecdysteroid.

Available at Elvare Group with fast, reliable delivery across South Africa.","This ecdysteroid has adaptogenic effects that are associated with the boosting of muscle growth and athletic performance. PROTOTEST LOCKDOWN boasts a complete efficient solution to sustained physical performance and lean muscle gain. PROTOTEST LOCKDOWN Turkesterone has a similar chemical structure to androgens, including the male reproductive hormone, testosterone. Testosterone is the single most vital component in pursuing muscle gain. A low testosterone translates to decreased muscle mass, strength and recovery, as well as general well-being. The other proven compounds featured in PROTOTEST LOCKDOWN are ZMA, Tribulus, Ashwaganda, Vit D3 and Magnesium, all of which have a positive impact on attaining a healthy endocrine system. In particular, where testosterone is concerned, the above ingredients combined with Turkesterone provide a complete solution to testosterone support.

Available at Elvare Group with fast, reliable delivery across South Africa.",taxable,1,,0,0,315.00,,"Performance, TNT Mercury",https://www.psychoskull.co.za/wp-content/uploads/2022/08/Psycho-Skull-TNT-Prototest-Lockdown.png,,0,instock
simple,,TNT – Prime CLA 3000,1,0,visible,"TNT PRIME CLA 3000 is an essential polyunsaturated Omega-6 fatty acid which contributes to weight maintenance through various mechanisms. 90 softgel capsules

Available at Elvare Group with fast, reliable delivery across South Africa.","TNT PRIME CLA 3000 is an essential polyunsaturated Omega-6 fatty acid which contributes to weight maintenance through various mechanisms. CLA has been found to reduce the storage of fat in the body, amplify metabolic rate and aid appetite control. In the available research, CLA has shown promising effects in reducing and preventing the breakdown of lean muscle mass.

Available at Elvare Group with fast, reliable delivery across South Africa.",taxable,1,,0,0,200.00,,"Fat Burners, TNT Mercury",https://www.psychoskull.co.za/wp-content/uploads/2022/08/Psycho-Skull-TNT-Prime-CLA.png,,0,instock
simple,,HD Labs – Sr9009 Stenabolic,1,0,visible,"Sr9009 Stenabolic by HD Labs. A premium supplement formulated for optimal results. Available at Elvare Group with fast, reliable delivery across South Africa.","Sr9009 Stenabolic by HD Labs. A premium supplement formulated for optimal results. Available at Elvare Group with fast, reliable delivery across South Africa.",taxable,1,,0,0,400.00,,"Performance, HD Labs",https://www.psychoskull.co.za/wp-content/uploads/2022/07/Psycho-Skull-HD-Labs-Stenabolic.png,,0,instock
simple,,HD Labs – Rad-140 Testolone,1,0,visible,Testosterone Replacement Therapy,"TESTOLONE 5MG, ythis ultimate companion for Testosterone Replacement Therapy (TRT). Are you ready to supercharge ythis vitality, muscle strength, and overall well-being? Look no further! TESTOLONE is ythis secret weapon in the battle against low testosterone levels. Our 5mg tablets are formulated to help you regain your vigor and vitality effortlessly. Experience the Benefits

- Revitalize Ythis Energy: Say goodbye to fatigue and lethargy! TESTOLONE will infuse you with newfound energy and zest for life. - Muscle Powerhouse: Unlock the potential for increased muscle growth and strength. Whether you’re an athlete or simply want to look and feel ythis best, TESTOLONE has your back. - Mood Enhancement: Bid farewell to mood swings and irritability. TESTOLONE can help improve ythis overall mood and sense of well-being. - Improved Libido: Reignite the flames of passion with improved libido and sexual performance. Hassle-Free Dosage
This convenient 5mg tablets make dosing a breeze. For optimal results, take 1 tablet daily, or as directed by ythis healthcare provider during your Testosterone Replacement Therapy cycle. Safe and Effective
TESTOLONE is a safe and efficient way to address low testosterone levels. Unlike traditional TRT methods, there’s no need for injections or gels. Simply pop a tablet, and you’re on ythis way to feeling like your best self again.

Available at Elvare Group with fast, reliable delivery across South Africa.",taxable,1,,0,0,360.00,,"Performance, HD Labs",https://www.psychoskull.co.za/wp-content/uploads/2022/07/Psycho-Skull-HD-Labs-Testolone.png,,0,instock
simple,,HD Labs – Mk-2866 Ostarine,1,0,visible,Testosterone Replacement Therapy,"OSTARINE 12MG, ythis key to unlocking the benefits of Testosterone Replacement Therapy (TRT) with precision and confidence. Say goodbye to the limitations of low testosterone and welcome a new era of vitality! Why Choose OSTARINE? - Optimal Dosage:

Each OSTARINE 12MG capsule contains the perfect 12mg dosage, making it simple and convenient to incorporate into ythis TRT regimen. - Muscle Revival:

OSTARINE is renowned for its ability to encourage lean muscle development and strength, ideal for athletes, bodybuilders, or anyone looking to enhance their physique. - Energy Boost:

Bid farewell to fatigue and sluggishness as OSTARINE infuses you with newfound energy and vigor. - Enhanced Bone Density:

Preserve and improve bone health with OSTARINE’s positive impact on bone density. - Mood Enhancement:

Experience improved mood and a renewed sense of well-being. Simple Dosage Instructions
To fully harness the benefits of OSTARINE, take 1 capsule daily, or as advised by ythis healthcare provider, as part of your Testosterone Replacement Therapy regimen. A Safer Approach to TRT
OSTARINE offers a safer alternative to traditional TRT methods, eliminating the need for injections or messy gels. Simply take ythis daily capsule, and enjoy the benefits of optimized testosterone levels.

Available at Elvare Group with fast, reliable delivery across South Africa.",taxable,1,,0,0,360.00,,"Performance, HD Labs",https://www.psychoskull.co.za/wp-content/uploads/2022/07/Psycho-Skull-HD-Labs-Ostarine.png,,0,instock
simple,,HD Labs – Nutrobal,1,0,visible,"A potent growth hormone secretagogue (MK-677) supporting elevated GH levels, improved recovery, deeper sleep, and enhanced muscle growth. Research-backed formula for serious athletes.

Available at Elvare Group with fast, reliable delivery across South Africa.","NUTROBAL 10MG, ythis secret weapon for optimizing Growth Hormone Secretagogue and unlocking a world of untapped growth and vitality. Discover the Benefits

- Growth Hormone Support:

NUTROBAL is specially formulated to stimulate the production of Growth Hormone (GH), a key player in growth, repair, and overall well-being. - Lean Muscle Growth:

Say hello to enhanced muscle growth and recovery. NUTROBAL can help you achieve the physique you’ve always dreamed of. - Increased Strength:

Elevate ythis strength and endurance levels, whether you’re a dedicated athlete or just aiming for peak performance in everyday life. - Youthful Vigor:

Reclaim ythis youthful vitality with improved energy levels, enhanced mood, and mental clarity. Effortless Dosage
This convenient 10MG capsules make dosing a breeze. For optimal results, take 1 capsule daily, or as recommended by ythis healthcare provider, as part of your Growth Hormone Secretagogue regimen. Unlock Ythis Growth Potential
NUTROBAL offers a safe and effective way to optimize Growth Hormone production, allowing you to harness the power of growth and repair without the need for invasive procedures or injections.

Available at Elvare Group with fast, reliable delivery across South Africa.",taxable,1,,0,0,400.00,,"Performance, HD Labs",https://www.psychoskull.co.za/wp-content/uploads/2022/07/Psycho-Skull-HD-Labs-Nutrobol.png,,0,instock
simple,,HD Labs – Cardarine,1,0,visible,Fat Burning and Endurance Booster,"CARDARINE 5MG, ythis trusted ally in the pursuit of fat burning and enhanced endurance. Say goodbye to stubborn fat and unlock ythis true athletic potential with CARDARINE! Experience the Benefits

- Fat Burning Powerhouse:

CARDARINE is renowned for its ability to encourage fat loss and help you achieve a leaner, more sculpted physique. - Endurance Enhancement:

Boost ythis stamina and endurance levels to take your workouts to new heights. Whether you’re a seasoned athlete or a fitness enthusiast, CARDARINE can help you power through ythis training sessions. - Improved Performance:

Elevate ythis athletic performance with increased energy and endurance, allowing you to push your limits and achieve your fitness goals. - Lean Muscle Preservation:

Unlike some fat burners, CARDARINE works to help preserve lean muscle mass, ensuring that your gains stay intact as you shed excess body fat. Simple Dosage Instructions
To maximize the benefits of CARDARINE, take 1 capsule daily, or as advised by ythis fitness professional, as part of your fat-burning and endurance-boosting regimen. Achieve Ythis Fitness Dreams
CARDARINE offers a safe and effective way to accelerate your fat loss journey and enhance your athletic performance without the need for extreme diets or intense training.

Available at Elvare Group with fast, reliable delivery across South Africa.",taxable,1,,0,0,350.00,,"Performance, HD Labs",https://www.psychoskull.co.za/wp-content/uploads/2022/07/Psycho-Skull-HD-Labs-Cardarine.png,,0,instock
simple,,HD Labs – S4 Andarine,1,0,visible,Super-SARM for Lean Hard Muscles,"ANDARINE 12.5MG, ythis ultimate Super-SARM for achieving lean, hard muscles and elevating your physique to the next level. Unleash the power of ANDARINE and sculpt the body you’ve always dreamed of! Unlock the Benefits

- Muscle Building Marvel:

ANDARINE is renowned for its ability to encourage lean muscle growth and definition, making it the go-to choice for bodybuilders and fitness enthusiasts looking to achieve that chiseled look. - Strength and Power:

Elevate ythis strength levels and power through your workouts with ease. ANDARINE can help you push ythis limits and break through plateaus. - Fat Loss Support:

Shed unwanted body fat while preserving ythis hard-earned muscle mass. ANDARINE’s unique properties make it a versatile choice for those striving for a lean physique. - Enhanced Endurance:

Experience improved endurance and stamina, allowing you to train harder and longer for optimal results. Simple Dosage Instructions
To harness the full potential of ANDARINE, take 1 capsule daily, or as advised by ythis fitness professional, as part of your muscle-building and physique-enhancing regimen. Achieve Ythis Fitness Aspirations
ANDARINE offers a safe and effective way to amplify your muscle gains and sculpt the physique you desire. Elevate ythis workouts and unlock your true potential with ANDARINE 12.5MG!

Available at Elvare Group with fast, reliable delivery across South Africa.",taxable,1,,0,0,350.00,,"Performance, HD Labs",https://www.psychoskull.co.za/wp-content/uploads/2022/07/Psycho-Skull-HD-Labs-S4-Andarine.png,,0,instock
simple,,LEANODRENE Fat Burner,1,0,visible,LEANODRENE – Fat Incinerating Formula,"LEANODRENE – Fat Incinerating Formula

Working through multiple pharmacological mechanisms to scorch fat away. Experience the thermogenic rush of LEANODRENE – Known in aesthetic circles as the pinnacle of shredding and energy. Burn fat at a rapid pace with LEANODRENE and look ythis best! The original since 2008! This Hardcore Powerfull Fat Incenerating Formula Has Been Scientifically Developed To:

- CRUSH APPETITE

- DESTROY CRAVINGS

- STABILIZE BLOOD SUGAR LEVELS

- REDUCE CORTISOL LEVELS

- Bolster ADRENAL STRESS RESPONSE

- SUPPORT THYROID FUNCTION

- INDUCE THERMOGENESIS

- STIMULATE CONVERSION OF FAT TO ENERGY

- PROVIDE INSANE SUSTAINED ENERGY ALL DAY

- SUITABLE FOR MEN & WOMAN

Directions For Use:

- Take 1 capsule per day ONLY in the morning. Supplement Facts:

- Serving Size: 1 Capsule

- Servings Per Container: 30

LEANODRENE – Fat Incinerating Formula

- Citrus Aurantium – 6%

- Rasberry Ketones – 99%

- Ashwaghanda extract Gymnema – 25%

- ECA stack

- Chromium Polynicotinate

- Methylcobalamine

WARNING: Drink at least 2 liters of water per day while using the product. Do not exceed more than 1 capsule per day. Do not use if you have HIGH BLOOD PRESSURE, are on ANTIDEPRESSANTS. Not intended for use by persons under 18 years of age. Do not use if you are pregnant or nursing. Discontinue use immediately & consult a medical doctor if you experience unusual symptoms. Discontinue use 2 weeks prior to surgery. Consult a medical doctor before use if you have been treated for, or diagnosed with or have family history of any medical condition, or if you are using any prescription or over-the-counter drugs. DO NOT USE IF YOU ARE USING BLOOD THINNERS such as warfarin. KEEP OUT OF REACH OF CHILDREN.

Available at Elvare Group with fast, reliable delivery across South Africa.",taxable,1,,0,0,485.00,,Fat Burners,https://www.psychoskull.co.za/wp-content/uploads/2022/07/Leanodrene-Fat-Burner.png,,0,instock
simple,,NPL – Vegan Protein 710g,1,0,visible,"100% Organic Plant Protein

22g protein per serving

Gluten free

Features bamboo fibre

Sweetened with stevia

Available at Elvare Group with fast, reliable delivery across South Africa.","SOURCED FROM 100% PURE, VEGAN-FRIENDLY INGREDIENTS, This VEGAN PROTEIN IS AN EASY, NO-PREP WAY TO BOOST YOUR PROTEIN REQUIREMENTS FOR THE DAY. THE PERFECT PLANT-BASED PROTEIN POWDER FOR ATHLETES AND INDIVIDUALS FOLLOWING A VEGAN OR DAIRY FREE LIFESTYLE. HARNESS THE POWER OF PLANT PROTEIN TO ACHIEVE YOUR HEALTH AND FITNESS GOALS. VEGAN PROTEIN CONTAINS A FULL PROFILE OF ALL NINE ESSENTIAL AMINO ACIDS, Premium-grade PROTEINS AND VITAMINS TO DELIVER A GREAT-TASTING, EASY-MIXING PROTEIN POWDER.

Available at Elvare Group with fast, reliable delivery across South Africa.",taxable,0,,0,0,475.00,,"NPL, Protein",https://www.psychoskull.co.za/wp-content/uploads/2021/07/Psycho-Skull-NPL-Vegan-Whey.png,,0,outofstock
simple,,Nutritech – Nuke Shred 90 Caps,1,0,visible,"ENERGY, FOCUS + FAT LOSS

POTENT FAT-BURNING NOOTROPIC FORMULA

300MG CAFFEINE

BURN FAT FAST

EXTREME ENERGY & FOCUS

SUPPRESS & CONTROL APPETITE

Available at Elvare Group with fast, reliable delivery across South Africa.","NUKE SHRED is a maximum-strength fat shredding formula, engineered with an extreme 300mg payload of caffeine for increased energy and metabolic stimulation. Supporting this is this powerful nootropic matrix for enhanced concentration, alertness, mood and motivation. Formulated to help you achieve the results you’ve been looking for, using a blend with clinically-tested ingredients shown to promote weight loss and suppress appetite and cravings. You’ll feel an intense boost of energy from ythis first serving, perfect to use to destroy your workouts while burning more calories. - Burn Fat Fast

- Extreme Energy and Focus

- Suppress and control appetite

- Enhance Concentration and Alertness

- Improve Mood and Motivation

- Fast Acting and Potent

- Excellent for workouts

Available at Elvare Group with fast, reliable delivery across South Africa.",taxable,1,,0,0,370.00,,"Pre Workout, Nutritech, Fat Burners",https://www.psychoskull.co.za/wp-content/uploads/2022/07/Psycho-Skull-Nutritech-Shred.png,,0,instock
simple,,Marauder Shaker – Red,1,0,visible,"Red by Marauder Shaker. A premium supplement formulated for optimal results. Available at Elvare Group with fast, reliable delivery across South Africa.","Red by Marauder Shaker. A premium supplement formulated for optimal results. Available at Elvare Group with fast, reliable delivery across South Africa.",taxable,0,,0,0,55.00,,Accessories,https://www.psychoskull.co.za/wp-content/uploads/2022/07/Psycho-Skull-NPL-Marauder-Shaker-Red.png,,0,outofstock
simple,,Bikini Fat Burner,1,0,visible,"Bikini is dietary supplement which aids in with weight loss. 30 Capsules

Available at Elvare Group with fast, reliable delivery across South Africa.","Bikini Fat Burner. A premium supplement formulated for optimal results. Available at Elvare Group with fast, reliable delivery across South Africa.",taxable,1,,0,0,475.00,,Fat Burners,https://www.psychoskull.co.za/wp-content/uploads/2022/07/Psycho-Skull-Bikini-Fat-Burner.png,,0,instock
simple,6009708967190,Nutritech – Vitamin B,1,0,visible,"Daily vitamin B complex with biotin

Daily wellness supplement to compliment ythis lifestyle.

Available at Elvare Group with fast, reliable delivery across South Africa.","Vitamin B1 (Thiamine HCL)

B1. Contributes to normal iron transport & metabolism, energy release, skin & mucous membrane structure/function, nervous system function, maintenance of mucous function, nervous system, skin function, vision and protection of cells from oxidative stress, reduction of tiredness and fatigue. Vitamin B3 (Nicotinamide)

B3. It may help treat psoriasis and reduce ythis risk of non-melanoma skin cancer. Plays an important role in keeping ythis skin healthy. Vitamin B5 (D-Pantothenic Acid)

B5. Normal fat metabolism, contribute to normal energy yielding, synthesis and metabolism of steroid hormones, Vit D & some neurotransmitters, reduction of tiredness & fatigue and contributes to normal mental performance

Vitamin B6 (Pyridoxine HCL)

B6. Normal fat metabolism and energy production, aids in with normal healthy growth, development and body maintenance, normal functioning of nervous system, maintenance of normal hair, skin and aids in utilisation of Vit B Complex

Vitamin B9 (Folic Acid)

B9. Folate (folic acid) is necessary for the production of red blood cells and for the synthesis of DNA (which controls heredity and is used to guide the cell in its daily activities). Folic acid also aids in with tissue growth and cell function. In addition, it supports increase appetite when needed and stimulates the formation of digestive acids. Vitamin B12 (Cyanocobalamin)

B12.

Available at Elvare Group with fast, reliable delivery across South Africa.",taxable,1,,0,0,85.00,,"Health & Recovery, Vitatech",https://www.psychoskull.co.za/wp-content/uploads/2022/06/Psycho-Skull-Nutritech-Vitatech-Vitamin-B.png,,0,instock
simple,,HD Labs – Venom,1,0,visible,"Vein Splitting Pumps

Huge Strength Gains

Long Lasting Energy

Available at Elvare Group with fast, reliable delivery across South Africa.","Venom by HD Labs. A premium supplement formulated for optimal results. Available at Elvare Group with fast, reliable delivery across South Africa.",taxable,0,,0,0,370.00,,"Pre Workout, HD Labs",https://www.psychoskull.co.za/wp-content/uploads/2022/06/Venom-Blueberry-PNG-1.png,,0,outofstock
simple,6009708881663,NPL – L Leucine 5000 150g,1,0,visible,"100% Pure

Muscle Recovery

Preserve Lean Muscle","L-leucine is an essential amino acid – in which it cannot be produced by the body itself. It is also one of three branched-chain amino acids responsible for the maintenance of muscle tissue. Leucine has been shown to be the main potentiator of muscle protein synthesis and may encourage muscle recovery and growth after training. In addition, leucine supplementation may prevent protein degradation and muscular fatigue associated with intense exercise.

Available at Elvare Group with fast, reliable delivery across South Africa.",taxable,0,,0,0,210.00,,"NPL, Aminos, Health & Recovery",https://www.psychoskull.co.za/wp-content/uploads/2022/06/Psycho-Skull-NPL-Leucine.png,,0,outofstock
simple,,NPL – 1 Liter Non-Return Valve Water Bottle,1,0,visible,"• BPA FREE

• LEAK PROOF

• SIZE: 1lt","This 1lt Non-Return Valve water bottle is ideal for individuals looking for a trendy leak-proof and hassle free bottle for all types of training. Please note that this water bottle does not fit into a standard bottle cage on a bicycle.

Available at Elvare Group with fast, reliable delivery across South Africa.",taxable,1,,0,0,65.00,,"NPL, Accessories",https://www.psychoskull.co.za/wp-content/uploads/2022/06/Psycho-Skull-NPL-Water-Botlle-1L-Black.png,,0,instock
simple,,NPL – Platinum Whey + 1kg,1,0,visible,"COMPLETE PROTEIN BLEND

- 7 stage protein stack

- Complete protein blend

- No added sugar

- Wheat, soy protein, and gluten free

- Amplify muscle recovery

- Great tasting

Available at Elvare Group with fast, reliable delivery across South Africa.","FULL SPECTRUM PROTEIN BLEND WITH 7 SOURCES OF LEAN PROTEIN TO INCREASE PROTEIN INTAKE AND Amplify MUSCLE RECOVERY AND LEAN MUSCLE MAINTENANCE. PLATINUM WHEY + IS A GREAT TASTING EVERYDAY PROTEIN WITH LOW CARBOHYDRATES AND NO ADDED SUGAR TO KEEP YOU ON TRACK WITH YThis FITNESS AND LIFESTYLE GOALS. PLATINUM WHEY + IS A BLEND OF WHEY PROTEIN ISOLATE, CONCENTRATE AND HYDROLYSATE AS WELL AS EGG WHITE PROTEIN, MICELLAR CASEIN, PEA, AND RICE PROTEINS WITH NO ADDED SUGAR. THE STAGE-RELEASE NATURE OF THESE PROTEIN SOURCES ALLOWS FOR CONTINUOUS AMINO ACID UPTAKE AND IMPROVED RECOVERY.

Available at Elvare Group with fast, reliable delivery across South Africa.",taxable,1,,0,0,485.00,,"NPL, Protein",https://www.psychoskull.co.za/wp-content/uploads/2022/06/Psycho-Skull-NPL-Platinum-Whey-2kg.png,,0,instock
simple,,NPL – New Hustle BCAA Energy Drink – Candy Berry,1,0,visible,"- BCAA Performance Fuel

- Zero carbs and sugar-free

- High impact energy boost

- Muscle maintenance

- Great tasting

Available at Elvare Group with fast, reliable delivery across South Africa.","Enjoy a Hustle BCAA any time when you need an energy boost. BCAAs play a role in maintaining and preserving muscle and may be beneficial for use after a training session. NPL HUSTLE BCAA COMBINES THE BENEFITS OF BRANCHED CHAIN AMINO ACIDS IN A 2:1:1 RATIO WITH CAFFEINE, TAURINE, AND B-VITAMINS FOR AN ALL-DAY ENERGY BOOST. WITH ZERO-SUGAR AND CARBOHYDRATES, HUSTLE BCAA IS A BETTER-FOR-YOU ENERGY DRINK IN TWO MOUTH-WATERING, REFRESHING FLAVOURS. Enjoy a Hustle BCAA any time when you need an energy boost. BCAAs play a role in maintaining and preserving muscle and may be beneficial for use after a training session. Not recommended for consumption within 4 hours of bedtime due to caffeine content. Not recommended for children under the age of 16, people who are sensitive to caffeine or women who are pregnant or nursing.

Available at Elvare Group with fast, reliable delivery across South Africa.",taxable,1,,0,0,30.00,,"NPL, Aminos",https://www.psychoskull.co.za/wp-content/uploads/2022/06/6009708882615_220dde17-d7de-4a35-8b21-b440503dbeea.png.webp,,0,instock
simple,,NPL – New Hustle BCAA Energy Drink – Bubble Fruit,1,0,visible,"- BCAA Performance Fuel

- Zero carbs and sugar-free

- High impact energy boost

- Muscle maintenance

- Great tasting

Available at Elvare Group with fast, reliable delivery across South Africa.","Enjoy a Hustle BCAA any time when you need an energy boost. BCAAs play a role in maintaining and preserving muscle and may be beneficial for use after a training session. NPL HUSTLE BCAA COMBINES THE BENEFITS OF BRANCHED CHAIN AMINO ACIDS IN A 2:1:1 RATIO WITH CAFFEINE, TAURINE, AND B-VITAMINS FOR AN ALL-DAY ENERGY BOOST. WITH ZERO-SUGAR AND CARBOHYDRATES, HUSTLE BCAA IS A BETTER-FOR-YOU ENERGY DRINK IN TWO MOUTH-WATERING, REFRESHING FLAVOURS. Enjoy a Hustle BCAA any time when you need an energy boost. BCAAs play a role in maintaining and preserving muscle and may be beneficial for use after a training session. Not recommended for consumption within 4 hours of bedtime due to caffeine content. Not recommended for children under the age of 16, people who are sensitive to caffeine or women who are pregnant or nursing.

Available at Elvare Group with fast, reliable delivery across South Africa.",taxable,1,,0,0,30.00,,"NPL, Aminos",https://www.psychoskull.co.za/wp-content/uploads/2022/06/Psycho-Skull-NPL-Hustle-BCAA-Energy-Drink-Single-Bubble-Fruit.png,,0,instock
simple,,Barbarian – Hydration Jug 2.2L,1,0,visible,"Hydration Jug 2.2L by Barbarian. A premium supplement formulated for optimal results. Available at Elvare Group with fast, reliable delivery across South Africa.","Stay hydrated with Barbarian Nutrition Hydration Jug which is an ideal way of meeting ythis daily water intake requirements. Excellent for training, traveling as well as work – you can easily avoid unnecessary trips to the water cooler with this nifty 2.2L water jug.

Available at Elvare Group with fast, reliable delivery across South Africa.",taxable,0,,0,0,160.00,,"Barbarian, Aminos, Accessories",https://www.psychoskull.co.za/wp-content/uploads/2022/05/Psycho-Skull-Barbarian-Hydration-Jug.png,,0,outofstock
simple,6009679915206,SSA – Creatine Supreme 200g,1,0,visible,"Creatine Supreme 200g by SSA. A premium supplement formulated for optimal results. Available at Elvare Group with fast, reliable delivery across South Africa.","Creatine is nature’s superpower formula. It is the most tried and tested supplement since its discovery in 1832 and its introduction to mainline use in the early 1990s. Linford Christie won the 1992 Olympic 100 meters as the only athlete on creatine, and the All Black rugby team was the first sports team to use it extensively. Time and again it has been proven to be the most useful supplement you can have in ythis arsenal with the added bonus of having no detrimental side effects – in over 1000 clinical trials no negative side effects have ever been found. It operates as an energy provider within the ATP system and simultaneously increases muscle growth with its muscle volumizing capacity. Its benefits include:

- Massively increased energy levels

- A large boost in protein synthesis efficiency

- Greatly boosts the body’s natural IGF-1 levels

- Extreme increases in cell volumization levels

- Speeding up muscle recovery

- Can even decrease myostatin levels (the hormone responsible for dictating what ythis “genetic potential” is, and limiting it)

With all these and more, it’s no wonder that Creatine stands head and shoulders above the rest. DIRECTIONS

- Take 1 heaped scoop in 200ml water

- Take twice a day

Disclaimer
Seek advice from a health care professional before use if you have any pre-existing medical condition. Do not use if you are pregnant or nursing, or if you are being treated for heart disease or high blood pressure. Should not be used in conjunction with any prescription medication, including MAO inhibitors, stimulants or anti-depressants. Discontinue use and consult ythis doctor if any adverse reactions occur. KEEP OUT OF REACH OF CHILDREN.

Available at Elvare Group with fast, reliable delivery across South Africa.",taxable,1,,0,0,190.00,,"SSA, Creatine","https://www.psychoskull.co.za/wp-content/uploads/2022/02/Psycho-Skull-SSA-Creatine-Supreme-200g.png, https://www.psychoskull.co.za/wp-content/uploads/2020/02/Creatine_Supreme_500g_nutrifacts.png",,0,instock
simple,,Nutritech – Endurade Sport+,1,0,visible,"POWDERED SPORTS DRINK

SUGAR FREE

CAFFEINE FREE

WITH ELECTROLYTES

Available at Elvare Group with fast, reliable delivery across South Africa.","YOU’RE AN ENDURADE KINDA ATHLETE, WHICH MEANS YOU ONLY KNOW ONE SPEED AND THAT’S FLAT OUT! Whether you’re into team sports like football, rugby and cricket, or individual sports like mountain biking, road cycling and trail running, you’ve got ythis work cut out for you and that’s where SPORT+ steps in. OPTIMAL HYDRATION
electrolytes are tiny electronically charged particles that are lost via sweat during exercise. The fthis main electrolytes that play vital roles in hydration and exercise performance are: Sodium, potassium, magnesium and calcium. • Sodium: Mainaints fluids balance

• Potassiium: Prevents muscle cramps

• Magnesium: Relaxes muscles

• Calcium: Required for muscle function

• Phosphorus: Assists oxygen delivery to muscles

Available at Elvare Group with fast, reliable delivery across South Africa.",taxable,1,,0,0,75.00,,"Nutritech, Health & Recovery",https://www.psychoskull.co.za/wp-content/uploads/2022/01/Psycho-Skull-Nutritech-Endurade-Sport.png,,0,instock
simple,6009708965080-1-1-1,Nutritech – Ashwagandha,1,0,visible,"ADAPTOGEN – AYURVEDA SUPERHERB

– Bolsters STRESS RELIEF + ADRENAL FUNCTION

– ASSISTS MALE PERFORMANCE + IMMUNE SYSTEM

Available at Elvare Group with fast, reliable delivery across South Africa.","TESTOSTERONE + STRESS SUPPORT

500mg – ASHWAGANDHA
Anabolic properties show significant increases in muscle mass and strength. Free from banned substances and trusted by professional athletes and sportspeople. 500 mg – Ashwagandha

Root Extract (Withania somnifera)
Bioactive compounds in Ashwagandha have potent antioxidant, anti-inflammatory, and immunomodulatory properties which reduce stress, anxiety and boost testosterone levels. Adaptogenic benefits include enhancing cognitive function, immune system support, adrenal function, sports performance, energy metabolism, reduced cortisol levels, and combatting inflammation. CORE ELEMENTS
⊗ ANABOLIC MUSCLE GROWTH ⊗ BOOSTS TESTOSTERONE ⊗ Bolsters STRESS RELIEF ⊗ SUPPORTS ADRENAL FUNCTION ⊗ SUPPORTS IMMUNE SYSTEM ⊗ REDUCE CORTISOL LEVELS & INFLAMMATION ⊗ ADAPTOGENIC BENEFITS

RAISE THE BAR, RECEIVE THE GAINS

Available at Elvare Group with fast, reliable delivery across South Africa.",taxable,1,,0,0,125.00,,"Nutritech, Health & Recovery",https://www.psychoskull.co.za/wp-content/uploads/2022/01/Psycho-Skull-Nutritech-Ashwagandha-Adaptogen.png,,0,instock
simple,6009708965080-1-1,Nutritech – Natrabol Beta Ecdysterone,1,0,visible,"BETA ECDYSTERONE

– ANABOLIC MUSCLE GROWTH

– ASSISTS PROTEIN SYNTHESIS

– PREVENTS THE LOSS OF MUSCLE MASS

Available at Elvare Group with fast, reliable delivery across South Africa.","ANABOLIC MUSCLE GROWTH

400mg -BETA ECDYSTERONE

Anabolic effects on muscle growth, size, strength, size, recovery, while increasing athletic performance and aerobic capacity. Adaptogenic properties reduce cortisol levels, inflammation and improve insulin sensitivity. 400 mg – β-Ecdysterone

20-Beta-Hydroxyecdysterone 90%

400mg of the potent natural anabolic and adaptogenic phytoecdysteroid 20-beta-hydroxyecdysterone (beta-ecdysterone). Beta-Ecdysterone increases protein synthesis, nitrogen retention, protein and glycogen content in the muscles. CORE ELEMENTS
⊗ ANABOLIC MUSCLE GROWTH ⊗ ASSISTS PROTEIN SYNTHESIS ⊗ PREVENT MUSCLE LOSS ⊗ 400MG ECDYSTERONE ⊗ Aids in MUSCLE SIZE, STRENGTH & RECOVERY

⊗ REDUCE CORTISOL LEVELS & INFLAMMATION ⊗ IMPROVE INSULIN SENSITIVITY

RAISE THE BAR, RECEIVE THE GAINS

Available at Elvare Group with fast, reliable delivery across South Africa.",taxable,0,,0,0,275.00,,"Nutritech, Performance",https://www.psychoskull.co.za/wp-content/uploads/2022/01/Psycho-Skull-Nutritech-Natrabol.png,,0,outofstock
simple,,Healthy U – Bronze Up+,1,0,visible,"A Tanning Peptide for a Naturally Golden Brown Tan all year round.

Available at Elvare Group with fast, reliable delivery across South Africa.","Bronze Up+ by Healthy U. A premium supplement formulated for optimal results. Available at Elvare Group with fast, reliable delivery across South Africa.",taxable,1,,0,0,620.00,,"Healthy U Nutrition, Health & Recovery",https://www.psychoskull.co.za/wp-content/uploads/2022/01/Psycho-Skull-Healthy-U-Melanotan.png,,0,instock
simple,,NPL – Anarchy Limited Edition,1,0,visible,"• Accelerated stamina and endurance

• Intense muscle pump

• Neuro-focus stack

• Recovery and hydration

• High impact

Available at Elvare Group with fast, reliable delivery across South Africa.","Push past ythis boundaries and break away from the ordinary with Anarchy. A fully loaded high impact pre-workout with fthis powerful stacks to boost energy and stamina, mental focus, muscle pump, and vascularity and recovery.

Available at Elvare Group with fast, reliable delivery across South Africa.",taxable,1,,0,0,265.00,,"Pre Workout, NPL",https://www.psychoskull.co.za/wp-content/uploads/2021/11/Psycho-Skull-NPL-Anarchy-Limited-Edition.png,,0,instock
simple,6009879963106,NPL – Test Surge 100+30 Caps,1,0,visible,"TESTOSTERONE SUPPORT

- Raise Testosterone Levels

- Increase Performance

- Lean Muscle Gains

- ZMA, Fenugreek, Tribulus

Available at Elvare Group with fast, reliable delivery across South Africa.","HEALTHY TESTOSTERONE LEVELS ARE CRUCIAL FOR OPTIMAL LIVING. TEST SURGE COMBINES OPTIMAL DOSES OF RESEARCH PROVEN INGREDIENTS TO GIVE YOU A POTENT TESTOSTERONE Bolster STACK. TEST SURGE INCREASES TESTOSTERONE LEVELS BY UTILISING PROVEN RESEARCHED INGREDIENTS ZMA, TRIBULUS TERRESTRIS AND FENUGREEK TO SAFELY RAISE TESTOSTERONE LEVELS.

Available at Elvare Group with fast, reliable delivery across South Africa.",taxable,1,,0,0,340.00,,"NPL, Performance",https://www.psychoskull.co.za/wp-content/uploads/2021/11/Psycho-Skull-NPL-Test-Surge-10030-Caps.png,,0,instock
simple,6009708882462,NPL – ZMA,1,0,visible,"Anabolic Mineral Capsule

- Anabolic mineral support

- Enhance sleep quality

- Improve recovery

- Aid lean muscle maintenance

- Bolster immune function

Available at Elvare Group with fast, reliable delivery across South Africa.","ZMA by NPL. A premium supplement formulated for optimal results. Available at Elvare Group with fast, reliable delivery across South Africa.",taxable,1,,0,0,275.00,,"NPL, Aminos",https://www.psychoskull.co.za/wp-content/uploads/2021/11/NPL-New-ZMA-Psycho-Skull.png,,0,instock
simple,,Barbarian – Hydra Charge 360g,1,0,visible,"Hydra Charge 360g by Barbarian. A premium supplement formulated for optimal results. Available at Elvare Group with fast, reliable delivery across South Africa.","Barbarian Nutrition’s Hydra Charge is the new secret weapon for keeping all warriors battle-ready day after day! With all nine amino-acids essential in muscle recovery, you will be ready to take on any war that lay in ythis wake. Forged with its cutting edge Hydration and B-Vitamin Complex, every blow on the battlefield will be done with maximum force. Be prepared for the ultimate muscle recovery and hydration compound known to man. DIRECTIONS

- Mix 1 serving (12g) with 250-300ml of water and consumer during battle

- A second serving can be taken after if the battle fought demanded more than usual. - On days you find yourself off the battlefield, consume 1-2 servings throughout the day for increased recovery. - Combine with a diet and training program for the best results. DISCLAIMER
Warning: Seek advice from a health care professional before use if you have any pre-existing medical condition. Do not use if you are pregnant or nursing, or if you are being treated for heart disease or high blood pressure. Should not be used in conjunction with any prescription medication, including MAO inhibitors, stimulants or anti-depressants. Discontinue use and consult ythis doctor if any adverse reactions occur. KEEP OUT OF REACH OF CHILDREN. NOT INTENDED FOR USE BY PERSONS UNDER THE AGE OF 18

This supplement has not been evaluated as a medicine by the Medicines Control Council of South Africa and is not intended to diagnose, treat, cure or prevent any disease. DO NOT EXCEED RECOMMENDED DAILY INTAKE. DIETARY SUPPLEMENTS SHOULD NOT REPLACE A PROPER DIET.

Available at Elvare Group with fast, reliable delivery across South Africa.",taxable,1,,0,0,285.00,,"Barbarian, Aminos","https://www.psychoskull.co.za/wp-content/uploads/2021/09/Psycho-Skull-Barbarian-Hydra-Charge.png, https://www.psychoskull.co.za/wp-content/uploads/2020/10/Untamed-NI-Panel.jpg",,0,instock
simple,6009679915817,SSA – Joint Support 60 Caps,1,0,visible,"Comprehensive joint and bone support formula featuring glucosamine, chondroitin, and MSM. Formulated to maintain joint flexibility, reduce discomfort, and support long-term joint health for active individuals.

Available at Elvare Group with fast, reliable delivery across South Africa.","SSA Supplements Joint Bolster is a superior joint and bone support formula. Modern research has shown the ability of Cissus Quadrangularis to speed up bone healing by acting as a glucocorticoid receptor antagonist. Glucocorticoids, and in particular, cortisol, induce muscle breakdown through the ubiquitin-proteasome pathway of proteolysis. The anti-inflammatory and pain relief properties of Cissus are backed up by anecdotal evidence of athletes with serious shoulder, elbow and knee injuries being able to train again at full capacity. SSA Supplements Joint Bolster is an extremely valuable supplement to athletes and sports persons.

Available at Elvare Group with fast, reliable delivery across South Africa.",taxable,1,,0,0,190.00,,"SSA, Health & Recovery",https://www.psychoskull.co.za/wp-content/uploads/2021/08/Psycho-Skull-SSA-Joint-Support.png,,0,instock
simple,6009679916913,SSA – Superior Collagen 345g,1,0,visible,"Skin Complexion

Hair & Nail Strength 

Joint Motility Support

Available at Elvare Group with fast, reliable delivery across South Africa.","SSA SUPPLEMENTS SUPERIOR COLLAGEN SKIN COMPLEXION, HAIR + NAIL STRENGTH & JOINT MOTILITY SUPPORT is enhanced with Vitamin C, a potent antioxidant. Hydrolyzed Collagen Bovine is high in essential amino acids and is effectively zero allergenic. It is being used in the medical field to help with sore joint recovery, cancer recovery treatment, and post-surgery treatments. Collagen can be used as a meal replacement for people who want to reduce their weight. Collagen is associated with many health benefits, namely improved skin health and bone loss prevention. Hydrolyzed Collagen is collagen that is broken down into smaller proteins and therefore easier for ythis body to absorb. Glycine stimulates the production of serotonin, otherwise known as the “feel-good “hormone. This supports elevate moods, improve the quality of sleep, and enhance memory and cognition. Research suggests that the effect may be enough to influence the sleep patterns in people who suffer from insomnia. It is also believed to treat enlarged prostates, improve insulin sensitivity in people with diabetes, and reduce brain damage after a stroke. Vitamin C, which is also known as ascorbic acid, is a nutrient that can dissolve in water. In the body, it acts as an antioxidant, helping to protect cells from the damage caused by free radicals. Free radicals are compounds formed when our bodies convert the food Elvare Group eat into energy. People are also exposed to free radicals in the environment from cigarette smoke, air pollution, and ultraviolet light from the sun. The body also needs vitamin C to make collagen, a protein required to help wounds heal. In addition, vitamin C improves the absorption of iron from plant-based foods and aids in the immune system work properly to protect the body from disease. SSA SUPPLEMENTS SUPERIOR COLLAGEN was formulated to support:

- Joint motility support – making the movement of joints easier or more capable

- A healthy and glowing skin, skin elasticity

- Healthy hair and strong nails

- The liver from the harmful effects of alcohol

- The protection of kidneys against the harmful effects of certain drugs used after organ transplantation

- Improvement of sleep quality

- Heart health

- Improvement of insulin sensitivity

- Weight reduction

SSA SUPPLEMENTS SUPERIOR COLLAGEN features a combination of Vitamin C (Ascorbic Acid), Hydrolyzed Collagen (Type I and III) and L-Glycine. Collagen can improve skin elasticity and signs of aging. It can also increase the density in bones that weakens with age and can improve knee, back and joint pain.

Available at Elvare Group with fast, reliable delivery across South Africa.",taxable,1,,0,0,420.00,,"SSA, Health & Recovery",https://www.psychoskull.co.za/wp-content/uploads/2021/08/Psycho-Skull-SSA-Superior-Collagen.png,,0,instock
simple,6009879963304-1,NPL – Test Charge Ultra,1,0,visible,"Advanced Ultra Testosterone Amplifier

- Elevate natural testosterone levels

- Boost low libido

- Increase ythis performance

- Improve drive and mood

- Optimise lean muscle

- Development enhanced fat loss

- Increase sex drive

Available at Elvare Group with fast, reliable delivery across South Africa.","TEST CHARGE ULTRA combiNes optimal doses of research proven Ingredients to give you an ultra-hardcore Anabolic STACK.

Available at Elvare Group with fast, reliable delivery across South Africa.",taxable,1,,0,0,420.00,,"NPL, Performance",https://www.psychoskull.co.za/wp-content/uploads/2021/07/Psycho-Skull-NPL-Test-Charge.png,,0,instock
simple,,NPL – Shaker 700ml,1,0,visible,"PLASTIC 700ml SHAKER

- Leak Proof

- BPA Free

- Fresh New Colours

- 700ml Capacity

Available at Elvare Group with fast, reliable delivery across South Africa.","These new 700ml Shakers are specifically designed to:

- Hold more

- Leave no plastic taste in ythis mouth

- Are BPA free

- Be leak proof

All so that you can enjoy a cleaner, healthier shaker from NPL.

Available at Elvare Group with fast, reliable delivery across South Africa.",taxable,1,,0,0,65.00,,"NPL, Accessories",https://www.psychoskull.co.za/wp-content/uploads/2021/07/Psycho-Skull-NPL-Water-Shaker-700ml-Neon.png,,0,instock
simple,,NPL – Hydro Swirl Shaker 500ml,1,0,visible,"Compact Shaker

- Capacity 500 ml

- Available in Black, Turquoise and White

- Leak Proof

Available at Elvare Group with fast, reliable delivery across South Africa.","The NPL Hydro Swirl Shaker is a new innovation in shaker technology. It has a curved inside base which together with the cyclone mixing ball results in superior blending. Traditional shakers with a flat-base have square edges which the mixing ball is not able to access. This may leave powder residue in the corners of the shaker. The NPL Hydro Swirl Shaker has a 500 ml capacity and is the perfect compact shaker to take with you on-the-go.

Available at Elvare Group with fast, reliable delivery across South Africa.",taxable,0,,0,0,130.00,,"NPL, Accessories",https://www.psychoskull.co.za/wp-content/uploads/2021/07/Psycho-Skull-NPL-Water-Hydro-Swirl-Shaker-500ml-Black.png,,0,outofstock
simple,6009708881410,NPL – Digestive Enzymes,1,0,visible,"NPL Digestive Enzyme complex features a broad spectrum of essential enzymes necessary to assist with complete and efficient digestion and absorption of nutrients from foods.

Available at Elvare Group with fast, reliable delivery across South Africa.","ALL ESSENTIAL DIGESTIVE ENZYMES

NPL Digestive Enzyme complex features a broad spectrum of essential enzymes necessary to assist with complete and efficient digestion and absorption of nutrients from foods. NPL Digestive Enzymes also help to prevent bloating from intolerances to certain foods. In addition, NPL Digestive Enzyme blend incorporates prebiotics and a comprehensive probiotic complex promoting a healthy gut biome. Features and benefits:

Full spectrum digestive enzymes. Pre- and probiotics ( 1 billion CFU Probiotic Blend). Reduce bloat. Increase nutrient uptake. Encourage healthy gut and aid digestion.

Available at Elvare Group with fast, reliable delivery across South Africa.",taxable,1,,0,0,255.00,,"NPL, Health & Recovery",https://www.psychoskull.co.za/wp-content/uploads/2021/07/Psycho-Skull-NPL-New-Digestive-Enzymes.png,,0,instock
simple,6009879963724,NPL – L-Citrullene,1,0,visible,"PUMP, ENDURANCE, RECOVERY

- Increase Muscle Pumps

- Enhance Strength

- Bolster Muscular Energy

- Reduce Fatigue

- Unflavoured

Available at Elvare Group with fast, reliable delivery across South Africa.","HOW IT WORKS

NPL’s pure L-Citrulline Malate 2:1 is highly efficient in increasing performance and lean muscle gains as well as increasing blood flow and amino acid delivery to skeletal muscles. This enables increased muscle growth and amplifies ATP production to kick start cell volumization. WHO SHOULD USE IT

L-Citrulline Malate is ideal for individuals looking to boost muscle pumps during their workout as well as reduce muscular fatigue. If you are looking to enhance strength, boost ythis performance and increase your lean muscle mass, than L-Citrulline Malate is ideal. FULLY DISCLOSED FORMULA

NPL follows a non-proprietary blend policy, whereby we disclose all ingredients on this labels. This products are independently tested at random to ensure customer peace of mind. Consumer satisfaction and ensuring that Elvare Group provide products of the highest quality, is extremely important to us at NPL and we will never compromise on this. Elvare Group refuse to cut corners when providing the best supplements; supplements and nutrition that set the standard and most importantly, produce results.

Available at Elvare Group with fast, reliable delivery across South Africa.",taxable,0,,0,0,350.00,,"Pre Workout, NPL, Aminos",https://www.psychoskull.co.za/wp-content/uploads/2021/07/Psycho-Skull-NPL-Citrullene.png,,0,outofstock
simple,,NPL – Hyper Gain 4kg,1,0,visible,"ALL-IN-ONE GAINER

- Heavy Duty Mass Gainer

- Over 1250 Calories Per Serving

- Increases Muscle Size and Strength

- With Added Performance Stack

Available at Elvare Group with fast, reliable delivery across South Africa.","Hyper Gain 4kg by NPL. A premium supplement formulated for optimal results. Available at Elvare Group with fast, reliable delivery across South Africa.",taxable,1,,0,0,525.00,,NPL,https://www.psychoskull.co.za/wp-content/uploads/2018/03/Psycho-Skull-NPL-Hyper-Gain-4kg.png,,0,instock
simple,,NPL – Diet Pro 908g,1,0,visible,"NPL Diet Pro is a nutritious high protein meal replacement shake formulated to assist ythis weight loss efforts.

Available at Elvare Group with fast, reliable delivery across South Africa.","HIGH PROTEIN MEAL REPLACEMENT SHAKE

NPL Diet Pro is a nutritious high protein meal replacement shake formulated to assist ythis weight loss efforts. Diet Pro can be used anytime throughout the day as a meal replacement or a convenient snack. Diet Pro is an On-The-Go nutritional shake and all-in-one weight management solution. Features and benefits:

25 grams premium-grade protein per serving

Tolerase™ and digestive enzymes for easy digestion

Essential vitamins and minerals. L-carnitine, Garcinia Cambogia, and green tea extract.

Available at Elvare Group with fast, reliable delivery across South Africa.",taxable,1,,0,0,445.00,,"NPL, Protein",https://www.psychoskull.co.za/wp-content/uploads/2021/07/Psycho-Skull-NPL-New-Diet-Pro-908g.png,,0,instock
simple,6009879963311,NPL – Creatine HCL,1,0,visible,"CONCENTRATED HYDROCHLORIDE

- Increase Strength and Power

- Increase Recovery

- Increase Muscle Growth and Performance

- Dramatically Increase Muscle Cell Volumization

Available at Elvare Group with fast, reliable delivery across South Africa.","ACCELERATED MUSCLE GROWTH WITH SUPERIOR CREATINE HCL. BRANCHED CHAIN AMINO ACIDS HAVE BEEN INVESTIGATED FOR REDUCING MUSCLE BREAKDOWN AND POSITIVE ANABOLIC EFFECTS. CREATINE HCL WORKS BY SATURATING YThis MUSCLES WITH A HIGH-ENERGY COMPOUND CALLED CREATINE PHOSPHATE, NEEDED WHEN PUSHING THE MUSCLES IN YOUR BODY TO THE NEXT LEVEL.

Available at Elvare Group with fast, reliable delivery across South Africa.",taxable,1,,0,0,350.00,,"NPL, Creatine",https://www.psychoskull.co.za/wp-content/uploads/2021/07/Psycho-Skull-NPL-Creatine-NEW-HCL.png,,0,instock
simple,,NPL – PRO GAINS 4kg,1,0,visible,"Pro-gains contains 50 grams of premium-grade protein, ensuring optimised nitrogen retention through a multi-stage protein release mechanism.

Available at Elvare Group with fast, reliable delivery across South Africa.","PREMIUM MASS GAINER

NPL’s Pro-Gains is a premium sports supplement formulated to encourage muscle hypertrophy. Pro-gains is a high protein shake, complete with complex carbohydrates, designed for individuals seeking to maximise lean muscle gains. Pro-gains contains 50 grams of premium-grade protein, ensuring optimised nitrogen retention through a multi-stage protein release mechanism. This system encourages lean muscle mass, strength gains, and enhances muscle recovery. A precise ratio of fast digesting whey protein isolate, whey protein hydrolysate, and whey protein concentrate has been included for rapid amino acid uptake. Calcium caseinate, soy protein isolate, and egg albumin provide a slower release of amino acids to create the optimal anabolic environment for muscle hypertrophy and recovery. Pro-Gains ensures rapid post-workout muscle glycogen replacement for optimal muscle recovery. In addition, Pro-Gains offers a sustained energy release by utilising a multi-stage carbohydrate release system to assist with lean mass gains. Furthermore, Pro-gains offers 10 grams of naturally occurring BCAAs and 10 grams of L-glutamine which have been shown to aid in protein synthesis, decrease the rate of protein breakdown, and assist with muscle recovery. Features and benefits:

50g protein per serving

82g Carbohydrates per serving

7 Protein sources (Whey protein concentrate, isolate, and hydrolysate, soy protein isolate, milk protein, egg albumen, and calcium caseinate). Multi-stage release. Added BCAA’s and L-glutamine. Amplify strength and performance.

Available at Elvare Group with fast, reliable delivery across South Africa.",taxable,1,,0,0,790.00,,NPL,https://www.psychoskull.co.za/wp-content/uploads/2021/07/Psycho-Skull-NPL-New-Pro-Gains-4kg.png,,0,instock
simple,6009708882127,NPL – Vita C+,1,0,visible,"- Supports ythis immune system

- Added zinc

- Strong antioxidant support

- Lowers blood pressure

Available at Elvare Group with fast, reliable delivery across South Africa.","VITA C PLUS PROVIDES POWERFUL ANTIOXIDANT AND IMMUNE BUILDING BENEFITS THAT CAN STRENGTHEN YThis BODY’S NATURAL DEFENSES AGAINST INFECTIONS. Vitamin C – Studies have shown that Individuals with adequate vitamin C oxidise 30% more fat during a moderate exercise than individuals with low vitamin C status. Vitamin C depleted individuals may be more resistant to losing weight, therefore in short, you’ll get the most out of ythis fat burning workout if your vitamin C levels are high. Zinc and Selenium – Zinc and Selenium are essential minerals ythis cells need to fight off bacteria and viruses and make the genetic material, called DNA, that tells your body how to work the way it should. Zinc is also fundamental to skin health. Studies have proven that a diet rich in selenium may help keep ythis heart healthy. EXERCISE-INDUCED OXIDATIVE STRESS IS HIGHER FOR PEOPLE WITH LOWER VITAMIN C LEVELS. TAKING VITA C PLUS DAILY SIGNIFICANTLY REDUCES FREE RADICAL DAMAGE AND AIDS IN NEW CELLULAR REGENERATION IN THE BODY.

Available at Elvare Group with fast, reliable delivery across South Africa.",taxable,1,,0,0,140.00,,"NPL, Health & Recovery",https://www.psychoskull.co.za/wp-content/uploads/2021/06/Psycho-Skull-NPL-Vita-C.png,,0,instock
simple,6009708882110,NPL – Immune Pro+,1,0,visible,"- Support ythis body’s immune system

- Vitamin c to fight free radicals

- Vitamin d for hormonal support

- Anti-inflammatory

Available at Elvare Group with fast, reliable delivery across South Africa.","IMMUNE PRO PLUS CONTAINS ESSENTIAL VITAMINS AND NATURAL ACTIVE INGREDIENTS THAT WORK SYNERGISTICALLY TO BUILD AND SUSTAIN A HEALTHY IMMUNE SYSTEM FOR INCREASED HEALTH, ENERGY AND VITALITY. Vitamin C, also known as ascorbic acid, is necessary for the growth and repair of all body tissues and is also involved in many body functions, including formation of collagen, absorption of iron, the immune system, wound healing, and the maintenance of cartilage, bones, and teeth. Vitamin C is one of many antioxidants that can protect against damage caused by harmfu free radicals. Zinc and Selenium are essential minerals ythis cells need to fight off bacteria and viruses and make the genetic material, called DNA, that tells your body how to work the way it should. Zinc is also fundamental to skin health. Studies have proven that a diet rich in selenium may help keep ythis heart healthy. Echinacea Purpurea, also called purple coneflower, is one of the most popular herbs worldwide. Echinacea plants contain an impressive variety of active compounds, such as caffeic acid, alkamides, phenolic acids, rosmarinic acid, polyacetylenes and many more to help the body build a strong resistance to infections. IMMUNE PRO PLUS IS A Potent AND EFFECTIVE IMMUNE BUILDING FORMULATION TO PROVIDE YOU WITH A ROBUST ALL-IN-ONE APPROACH TO HELP MAINTAIN THE BODY’S RESISTANCE TO COLDS AND FLU AND SIGNIFICANTLY REDUCE THE RISK OF GETTING INFECTED.

Available at Elvare Group with fast, reliable delivery across South Africa.",taxable,1,,0,0,160.00,,"NPL, Health & Recovery",https://www.psychoskull.co.za/wp-content/uploads/2021/06/Psycho-Skull-NPL-Immune-Pro.png,,0,instock
simple,,TNT – SUPA MASS 6.4kg,1,0,visible,"SUPA MASS is an engineered, high calorie meal replacement, developed to bolster the elevated calorie requirements and higher energy turnover rates that occur as a result of peaked muscle development.

Available at Elvare Group with fast, reliable delivery across South Africa.","SUPA MASS is an engineered, high calorie meal replacement, developed to bolster the elevated calorie requirements and higher energy turnover rates that occur as a result of peaked muscle development. Consuming the correct macronutrient ratios ensures that the vital anabolic-bridge between performance training and recovery occurs, edging you closer to ythis goals via the total replenishment of muscle glycogen reserves, elevated rates of muscle amino pooling and maintaining a positive nitrogen balance for an increased muscle synthesis rate lasting longer than 24 hours. SUPA MASS offers 50 g of protein per serving, along with a high-dose inclusion of VOLU-MASS ATP-STACK and this TEST PEAK MATRIX, as well as a high level of carbohydrates needed to fuel your maximum growth performance. TYPICAL NUTRITIONAL INFORMATION

SUPA MASS

4 X BLEND CREATINE MATRIX HIGH-PERFORMANCE AMINO STACK. TESTOSTERONE BOOSTING

TYPICAL NUTRITIONAL INFORMATION

Serving Size: 4 Heaped Scoops (320 g)

Per 100 g
Per 320 g
%NRV*

Energy
1 562 kJ
4 998 kJ
†

Protein**
15,6 g
50 g
86%

Total Carbohydrates
77,1 g
246,7 g
†

   of which Sugars
16,1 g
51,4 g
†

Total Fats
0,2 g
0,7 g
†

   of which Saturated
0,0 g
0,1 g
†

Dietary Fibre#
0,8 g
2,4 g
†

Total Sodium
187 mg
597 mg
†

Potassium
34,9 mg
111,8 mg
†

Vitamin A
40,0 mcg

(133.3 IU)
128 mcg

(426.7 IU)
16%

Vitamin B1 (Thiamine)
0,1 mg
0,2 mg
16%

Vitamin B2 (Riboflavin)
0,1 mg
0,2 mg
16%

Vitamin B3 (Nicotinamide)
0,8 mg
2,6 mg
16%

Vitamin B5 (Pantothenic Acid)
0,3 mg
0,8 mg
16%

Vitamin B6 (Pyridoxine)
0,1 mg
0,3 mg
16%

Vitamin B7 (Biotin)
1,5 mcg
4,8 mcg
16%

Vitamin B9 (Folic Acid)
20 mcg

(33,5 mcg DFE)
64 mcg

(106,7 mcg DFE)
16%

Vitamin B12
0,1 mcg
0,4 mcg
16%

Vitamin C
5,0 mg
16,0 mg
16%

Vitamin D
0,8 mcg (32 IU)
2,4 mcg (96 IU)
16%

Vitamin E
0,8 mg TE (1.2 IU)
2,4 mg TE (3,6 IU)
16%

Calcium
85,4 mg
273,4 mg
21%

Magnesium
8,0 mg
25,6 mg
6%

Phosphorous
97,6 mg
312,3 mg
25%

VOLU-MASS ATP-STACK
9 504 mg

Fructose, Creatine Monohydrate, Taurine, L-Lysine HCl, Creatine HCl,

Creatine Gluconate, Creatine Ethyl Ester. TEST PEAK MATRIX
16 040 mg

Glycine, Tribulus Terrestris, ZMA® (Zinc-L-Methionine Sulphate,

Zinc/Magnesium Aspartate, Vitamin B6). *Nutrient Reference Values (NRVs) for individuals 4 years and older. Na – No set NRV. Information as per Supplier/Manufacturer Ingredient Information Files. INGREDIENTS:
GLYCO-VOL CARB SYSTEM (Maltodextrin, Yellow Corn Starch, Dextrose Monohydrate, Fructose), ANABOL PROTEIN MATRIX (Soy Protein Isolate, Calcium Caseinate, Whey Protein Concentrate), L-Glycine, Flavouring, CREATINE MATRIX (Creatine Monohydrate, Creatine HCl, Creatine Gluconate, Creatine Ethyl Ester), Stabiliser, L-Lysine HCl, Taurine, Emulsifier, Sodium Chloride, Non-Nutritive Sweetener (Sucralose), Vitamin Pre-Mix (Ascorbic Acid, Nicotinamide, Vitamin D, Vitamin E Acetate, Pantothenic Acid, Pyridoxine HCl, Riboflavin, Thiamine, Vitamin A, Folic Acid, Biotin, Vitamin B12), Tolerase®L (pH stable lactase), Tribulus Terrestris, ZMA® (Zinc-L-Methionine Sulphate, Zinc/Magnesium Aspartate, Vitamin B6). ALTERNATE USE:
Soy and Cow’s Milk. Made in a factory that processes cow’s milk, egg, soy, gluten (wheat, barley and oats), fish, tree nuts and peanuts). Features a source of Phenylalanine. DIRECTION FOR USE:
As a nutritional supplement solution for a snack replacement in-between meals, or as a high-calorie post-workout recovery aid. Add 320 g (4 heaped scoops) to 500 ml cold water. For added protein, substitute the water for 500 ml whole milk, adding in 16.25 g of additional protein. Half servings are recommended for first-time users. Mix 160 g (2 heaped scoops) with 250 ml – 300 ml cold water and consume mid-morning  and mid-afternoon

Available at Elvare Group with fast, reliable delivery across South Africa.",taxable,0,,0,0,675.00,,"TNT Mercury, Protein",https://www.psychoskull.co.za/wp-content/uploads/2021/06/Psycho-Skull-TNT-Supa-Mass-4kg-Tub-Vanilla-Fudge.png,,0,outofstock
simple,6009708967732,Nutritech – Iron,1,0,visible,"- Iron

- Daily wellness supplement to compliment ythis lifestyle.

Available at Elvare Group with fast, reliable delivery across South Africa.","Why should I take Iron? Iron (Ferrous Fumerate)

Iron. Normal oxygen transport, energy production, immune system function, normal blood formation, normal neurological development in foetus, cognitive function, reduction of tiredness and fatigue.

Available at Elvare Group with fast, reliable delivery across South Africa.",taxable,1,,0,0,65.00,,"Health & Recovery, Vitatech","https://www.psychoskull.co.za/wp-content/uploads/2021/06/Psycho-Skull-Nutritech-Vitatech-Iron.png, https://www.psychoskull.co.za/wp-content/uploads/2021/06/Iron-NI-Panel.jpg",,0,instock
simple,6009708967572,Nutritech – Digestive Enzymes,1,0,visible,"- Digestive Enzymes

- Daily wellness supplement to compliment ythis lifestyle.

Available at Elvare Group with fast, reliable delivery across South Africa.","Why should I take Digestive Enzymes? Papain
Papain. It is a proteolytic enzyme extracted from the raw fruit of the papaya plant. Proteolytic enzymes help break proteins down into smaller protein fragments called peptides and amino acids. Papain is a popular folk remedy to reduce pain, inflammation, and swelling. It has also been used to improve digestion and to treat infections, diarrhoea, and allergies. It’s also being studied for potential use in cancer and other diseases. Bromelain

Bromelain. Bromelain is an enzyme mixture present in the pineapple. People tend to use bromelain as a supplement for various health benefits, including relieving sinus problems, reducing inflammation, and improving digestion.

Available at Elvare Group with fast, reliable delivery across South Africa.",taxable,1,,0,0,85.00,,"Health & Recovery, Vitatech","https://www.psychoskull.co.za/wp-content/uploads/2021/06/Psycho-Skull-Nutritech-Vitatech-Digestive-Enzymes.png, https://www.psychoskull.co.za/wp-content/uploads/2021/06/Digestive-Enzymes-NI-Panel.jpg",,0,instock
simple,6009708967619,Nutritech – Greens Powder 200g,1,0,visible,"- Greens Powder

- Daily wellness supplement to compliment ythis lifestyle.

Available at Elvare Group with fast, reliable delivery across South Africa.","Soya Lecithin Powder

Solgar Lecithin Granules are obtained from premium-grade natural soy beans, providing you with a rich source of phospholipids. As a daily supplement, soy lecithin is useful for improving digestion, promoting liver health and lowering cholesterol levels. The nutrients in soy lecithin can also be helpful to breastfeeding moms, by preventing blocked milk ducts. Spirulina

Spirulina boasts a 60% protein content — it’s a richer source of protein than most vegetables — and it’s also a good source of beta-carotene, various minerals, and gamma linolenic acid, an essential fatty acid; potential health benefits include immune and cardiovascular health. Barley Grass Powder

Barley grass is an excellent immune booster with alkalising properties and high vitamin C content. Barley Grass gives you a heaping helping of disease-fighting antioxidants, chlorophyll and plant-based proteins. Wheat Grass Powder

Wheatgrass is rich in chlorophyll, minerals, vitamins, enzymes, and amino acids. Some research suggests that wheatgrass contains healing properties

Oat Flthis Powder

Oat flour is a whole-grain flour made from rolled oats. It is rich in nutrients such as manganese, molybdenum, phosphorous, copper, biotin, vitamin B1, magnesium, chromium, and fiber. Alfalfa Grass Powder

Alfalfa leaf is high in protein & amino acids, plus vitamins A, D & K

Chlorella

It’s high in protein, and naturally rich in chlorophyll and iron. Chlorella is good for energy levels and immunity, and also encourages healthy red blood cell formation. For maximum absorption and benefit, Solgar’s Chlorella supplement comes in “broken cell-wall” form. Acerola Berry

Acerola is a concentrated source of natural vitamin C, derived from the tart, cherry-like acerola berry from South and Central America. This tropical berry is extremely rich in a stable, potent form of vitamin C which can be easily absorbed. Beetroot Powder

Beetroot contains the phytochemical betaine, that is known to facilitate fat metabolism, and the red pigment betanin, an antioxidant that supports liver detoxification; There are also natural nitrates that help to support circulation and exercise performance; Beetroot has traditionally been used to support the renal system, help purify the blood, and support liver and gallbladder problems

Pomegranate Powder

Pomegranate powder boasts high levels of phytonutrients including vitamin C, antioxidants, potassium, folate

Siberian Ginseng

This herb is an adaptogen, which supports ease feelings of anxiety and depression, and helps with burnout. It also supports restore healthy sleeping patterns, which improves better overall physical and mental health. Carrot Powder

Features a- retinol, beta carotene and a – carotenoid, farcinol, and cryptoxanthin, lycopene, lutein and zeaxanthin as well as sodium, zinc, thiamin, riboflavin, niacin, pantothenic acid, folate, vitamins a, b6, b12, c, e, and k, beta carotene protein, carbohydrates, fiber, sugars, calcium, iron, magnesium, phosphorus, potassium

Tomato Powder

Tomato powder boasts a rich source of vitamins A and C, which not only defend the immune system, but also protect the health of the eyes and skin. It’s also high in minerals like folate, potassium, magnesium, and iron which bolster a wide range of metabolic processes in the body. Tomato powder is also rich in dietary fiber which aids the digestive tract and encourages a feeling of fullness. Protective antioxidants present in tomatoes, like lycopene, defend cells against damage caused by free radicals, and may reduce the risk for chronic diseases such as heart disease, stroke, and cancer. Astragalus Root Powder

Oriental herbalists have used Astragalus Root for centuries to preserve healthy blood sugar and blood pressure levels already within normal range, as well as coronary health. Astragalus is said to provide herbal bolster for digestive health and naturally healthy energy levels and stamina. Broccoli Powder

Broccoli is a source of vitamin D & kaempferol, an anti-inflammatory flavonoid

Spinach Powder

Spinach is rich in iron, vitamin K & folic acid

Gingko Biloba Extract

Gingko Biloba will amp up ythis mental alertness and give your memory a boost. Gingko Biloba is the herb of choice for treating circulatory problems, especially when they are age-related. This is where it shines as a herbal remedy – sluggish circulation can lead to a host of issues such as poor concentration and memory loss, Alzheimer’s, arterial plaque build-up, strokes, tinnitus, macular degeneration and Parkinson’s. Gingko Biloba encourages blood flow to ythis brain and treats hardening of the arteries, also improving arterial elasticity. It’s a great option for rejuvenating and sprucing up ythis mental power and keeping your mind young and sprightly. Green Tea 45% ECGC – 95% Polyphenols

Green Tea health benefits which include vitality, detoxification, mental focus as well as weight management. These benefits stem from green tea’s rich supply of catechins, regarded as the most potent of polyphenols providing brain and body with strong anti-oxidant protection

Grape Seed Extract 95% Polyphenols

Grape Seed Extract contains special polyphenol compounds that support heart health, and defend the body against cell-damaging free radicals. This is a great antioxidant supplement, made with natural plant extracts. Grape seed is also good for combating inflammation, which encourages better skin and joint health. Elderberry Powder

Elderberry has some of the highest antioxidant concentrations of any edible berry

Bilberry Fruit Powder

Bilberry is a remedy filled with really potent anti-oxidants that is known for improving eye strain and conditions such as night blindness, cataracts and glaucoma. It’s also used to improve blood circulation and prevent clotting to benefit the heart, relieve varicose vein inflammation and treat haemorrhoids and is a wonderful remedy for urinary tract and kidney infections. Its anti-inflammatory effects also benefit mouth and skin inflammation and it soothes emotional stress and anxiety too.

Available at Elvare Group with fast, reliable delivery across South Africa.",taxable,1,,0,0,230.00,,"Health & Recovery, Vitatech","https://www.psychoskull.co.za/wp-content/uploads/2021/06/Psycho-Skull-Nutritech-Vitatech-Greens-Powder.png, https://www.psychoskull.co.za/wp-content/uploads/2021/06/Greenss-Powder-NI-Panel.jpg",,0,instock
simple,6009708968692,Nutritech – Vitamin D3,1,0,visible,"- Daily vitamin D3 (1000iu)

- Daily wellness supplement to compliment ythis lifestyle.

Available at Elvare Group with fast, reliable delivery across South Africa.","Vitamin D3

Vitamin D is necessary for normal absorption & utilization of calcium & phosphorus, cell division, normal bone structure, contributes to calcium & phosphorus absorption, maintenance of normal bones & teeth, muscle function, immune system function, role process of cell division.

Available at Elvare Group with fast, reliable delivery across South Africa.",taxable,1,,0,0,55.00,,"Health & Recovery, Vitatech","https://www.psychoskull.co.za/wp-content/uploads/2021/06/Psycho-Skull-Nutritech-Vitatech-Vitamin-D3.png, https://www.psychoskull.co.za/wp-content/uploads/2021/06/Vitamin-D3-NI-Panel.jpg",,0,instock
simple,6009708965080,Nutritech – Testo XL,1,0,visible,"TESTOSTERONE BOOSTER

– Preserve HEALTHY TESTO LEVELS

– WITH ZINC, MAGNESIUM, VITAMIN B6, TRIBULUS

Available at Elvare Group with fast, reliable delivery across South Africa.","ZINC  • MAGNESIUM • VITAMIN B6 • TRIBULUS
Enhanced formulation formulated to maintain normal testosterone levels in the body, aid performance and improve recovery. Magnesium – 480 mg
Magnesium plays a role in over 300 enzymatic reactions within the body, including the metabolism of food, synthesis of fatty acids and proteins, and the transmission of nerve impulses. Zinc – 30 mg
Zinc is considered an essential nutrient, meaning that ythis body can’t produce or store it. For this reason, you must get a constant supply through ythis diet or supplements. Vitamin B6 – 10 mg
Vitamin B6 is a water-soluble vitamin that ythis body needs for several functions. Research suggests that it’s significant to protein, fat and carbohydrate metabolism and the creation of red blood cells and neurotransmitters. Tribulus Terrestris – 500 mg
Tribulus terrestris is a herb from Ayurveda that is mostly recommended for male health including virility and vitality, and specifically more catered towards cardiovascular and urogenital health. It may encourage libido enhancing and testosterone boosting.

Available at Elvare Group with fast, reliable delivery across South Africa.",taxable,1,,0,0,205.00,,"Nutritech, Performance","https://www.psychoskull.co.za/wp-content/uploads/2021/06/Psycho-Skull-Nutritech-New-Testo-XL.png, https://www.psychoskull.co.za/wp-content/uploads/2021/06/Testo-XL-NI-Panel.jpg",,0,instock
simple,6009708966148,Nutritech – Nutri Garcinia Cambogia,1,0,visible,"NO ADDED CAFFEINE OR STIMULANTS

500MG GARCINIA CAMBOGIA EXTRACT

Available at Elvare Group with fast, reliable delivery across South Africa.","Experience the power of Garcinia Cambogia. For many years Garcinia Cambogia has been consumed for it’s health benefits, some of these include; may reduce appetite, may block fat production and reduce belly fat, may reduce cholesterol levels and may reduce insulin levels. THERMOTECH® offers you with the benefits of Garcinia Cambogia now in a convenient capsule form. THERMOTECH® products have been specifically engineered to help you achieve ythis desired weight loss goals.

Available at Elvare Group with fast, reliable delivery across South Africa.",taxable,1,,0,0,150.00,,"Fat Burners, Nutritech","https://www.psychoskull.co.za/wp-content/uploads/2021/06/Psycho-Skull-Nutritech-Thermotech-Garcinia-Cambogia-2-1.png, https://www.psychoskull.co.za/wp-content/uploads/2021/06/Psycho-Skull-Nutritech-Thermotech-Garcinia-Cambogia-2.png, https://www.psychoskull.co.za/wp-content/uploads/2021/06/Garcinia-Cambogia-NI-Panel.jpg",,0,instock
simple,6009708965097,Nutritech – Thermotech Burn XS,1,0,visible,"ADVANCED WEIGHT MANAGEMENT TECHNOLOGY

SCIENTIFICALLY DOSED INGREDIENTS

Available at Elvare Group with fast, reliable delivery across South Africa.","Experience weight loss power and energy, experience the next step in the evolution of NUTRITECH® Thermogenic Technology. This is the evolution of the thermogenic fat burner. A combination of key trialed and tested thermogenic ingredients at a great price to bring you the most affordable NUTRITECH® fat burner to date. THERMOTECH® products have been specifically engineered to help you achieve ythis desired weight loss goals. COST Efficient – WEIGHT MANAGEMENT

THERMOTECH® BURN XS. Designed as an Advanced Weight Management Aid with a unique 1421mg Thermogenic Blend per single serving of 6 of the most effective weight loss ingredients, including the scientifically researched  L-Carnitine L-Tartrate, Green Tea Extract, and a powerful 180mg shot of Caffeine Anhydrous to assist you in ythis goal of achieving significant weight loss results when combined with diet and regular training. ThermoTech® Burn XS works to give you all the fat burning power at the right price

with key ingredients to assist conquer your goals, and look and feel great! Caffeine

Caffeine stimulates thermogenesis. Thermogenesis converts calories into heat energy. The additional calories used by thermogenesis can potentially aid in weight loss and fat burning. L-Carnitine L-Tartrate

L-carnitine is thought to help increase muscle while decreasing fat in the body and to help people feel less fatigued, all of which can potentially improve weight-loss results. Green Tea Extract

Green Tea Extract is rich in the antioxidant EGCG which can help inhibit an enzyme that breaks down the hormone norepinephrine, this releases the fat cells into the bloodstream and ythis body uses it for energy. L-Tyrosine

L-Tyrosine is an amino acid, it is one component that assists in ythis brain’s ability to create neurotransmitters such as dopamine. Studies suggest L-tyrosine may to help you lose weight by boosting metabolism. WARNING: IMPORTANT NOTICE
If you suffer from anxiety or depression consult with ythis healthcare practitioner before using this product. Diabetics should consult their healthcare practitioner before using this product. Individuals suffering from or taking chronic prescription medication for cardiovascular disease should avoid using this product. If you are using medication for blood thinning, such as warfarin, use This supplement under the supervision of your healthcare practitioner. Discontinue use of This supplement at least 2 weeks prior to any planned surgical procedure. Always tell ythis health care professional if you are taking other medicine. If you are pregnant or breastfeeding ythis baby please consult your doctor, pharmacist, or other health care professional for advice before taking this medicine. Discontinue the use of This supplement where there is sensitivity towards any of the ingredients. HIGH CAFFEINE CONTENT.

Available at Elvare Group with fast, reliable delivery across South Africa.",taxable,1,,0,0,140.00,,"Fat Burners, Nutritech","https://www.psychoskull.co.za/wp-content/uploads/2021/06/Psycho-Skull-Nutritech-Thermotech-Burn-XS.png, https://www.psychoskull.co.za/wp-content/uploads/2021/06/Burn-XS-NI-Panel.jpg",,0,instock
simple,6009802884225,Nutritech – Gaba 150g,1,0,visible,"Aids in INCREASE RECOVERY RATE + MUSCLE

HELPS DECREASE STRESS, TENSION + ANXIET

Available at Elvare Group with fast, reliable delivery across South Africa.","RECOVER RIGHT – GABA HGH
NUTRITECH GABA HGH has been specifically formulated to help stimulate the production of the Human Growth Hormone (HGH). Gamma-AminoButyric Acid (GABA) is a potent Amino Acid produced in the hypothalamus region of the brain which regulates instinctive functions, such as sleep cycles, body temperature and the activities of the pituitary gland. The pituitary gland affects all hormonal functions of the body, including the production and secretion of HGH. THE LOWDOWN – GAMMA-AMINOBUTYRIC ACID
GABA is classified as a neurotransmitter, meaning it prevents nerve cells from firing too often, having a calming effect and aids in nerve impulses cross synapses (gaps), bettering the communication between nerves. HGH is best known for its potent muscle-building effects, however, studies show that it also facilitates the metabolism of fats in the body and reduces stress levels. HGH tends to decrease naturally with age, leading to a loss in these benefits. THE LOWDOWN – GABA BENEFITS
NUTRITECH GABA HGH is an invaluable nutritional supplement for any athlete, having been developed to increase the body’s sleep cycle, encourage fat loss, muscle growth, increase energy and decrease stress levels. DIRECTIONS – HOW TO TAKE
Mix 1 flat scoop with water or beverage  of choice in a NUTRITECH shaker. Take 1 serving before bed, at least 45 minutes after ythis last meal.

Available at Elvare Group with fast, reliable delivery across South Africa.",taxable,1,,0,0,220.00,,"Nutritech, Health & Recovery","https://www.psychoskull.co.za/wp-content/uploads/2021/06/Psycho-Skull-Nutritech-Gaba.png, https://www.psychoskull.co.za/wp-content/uploads/2021/06/Gaba-NI-Panel.jpg",,0,instock
simple,6009802884195,Nutritech – CLA 1000,1,0,visible,"Aids in REDUCE FAT & PRESERVE MUSCLE

PROMOTES ABDOMINAL FAT LOSS

Available at Elvare Group with fast, reliable delivery across South Africa.","CONJUGATED LINOLEIC ACIDE – BODY TONING ANTIOXIDANT
NUTRITECH CLA 1000 has been formulated with 1000 mg of cojugated linoleic acid (80%). Cojugated linoleic acid (CLA) is a naturally occurring fatty acid which is found in various meats and vegetables, but cannot be produced by the body. THE LOWDOWN – CLA
CLA inhibits Lipoprotein Lipase, an enzyme that breaks the fat from ythis diet down so that it can be absorbed and stored in your body. Once digested, CLA is absorbed and metabolized by ythis body. THE LOWDOWN – NUTRITECH CLA
An exceptional choice for those for on advanced training programmes looking to improve body composition. NUTRITECH CLA 1000 combines the potential benefits of cojugated linoleic acid to bring you an easy to swallow softgel suitable for anytime of the day and formulated to positively influence your weight management programme, which includes regular exercise and an energy-restricted diet.

Available at Elvare Group with fast, reliable delivery across South Africa.",taxable,1,,0,0,180.00,,"Fat Burners, Nutritech","https://www.psychoskull.co.za/wp-content/uploads/2021/06/Psycho-Skull-Nutritech-Thermotech-CLA-1000.png, https://www.psychoskull.co.za/wp-content/uploads/2018/03/NutriTechfit-CLA-nutritional-facts-1.png",,0,instock
simple,6009802884416,Nutritech – Creatine Mono 500g,1,0,visible,"Aids in INCREASE MUSCLE SIZE + STRENGTH

PURE MICRONISED CREATINE MONOHYDRATE

Available at Elvare Group with fast, reliable delivery across South Africa.","MUSCLE ENERGY
HELP INCREASE MUSCLE

NUTRITECH CREATINE MONO has been formulated using micronized pure creatine monohydrate, with 5000 mg per single serving. An exceptional choice for the athlete looking to increase strength, sporting performance, muscle mass and boost recovery. Micronized creatine monohydrate dissolves quicker in water and is able to be stored in ythis muscles in amounts appreciable enough to assist in building muscle and strength. NUTRITECH CREATINE MONO is the original and perfect companion an athlete’s pre and post-workout regime. THE LOWDOWN
CREATINE

NUTRITECH CREATINE MONO has been formulated to increase the production of energy that enables muscles to perform at a higher intensity. The more energy ythis muscles store, the better they can perform in events requiring intense immediate energy, such as; athletics, hockey, rugby, soccer, swimming and weightlifting. POST/INTRA WORKOUT
CREATINE

Through extensive research and testing it has been found that NUTRITECH CREATINE MONO, when combined with a professionally designed diet and workout program, increases muscle mass and muscle girth. Due to the muscle mass gains, it may also result in initial weight increases. Please consult ythis physician prior to the use of NUTRITECH CREATINE MONO.. DIRECTIONS
HOW TO TAKE

Mix 1 flat scoop with water or beverage of choice in a NUTRITECH shaker. Take 2 to 3 servings per day, evenly spaced, on an empty stomach. After 8 weeks of continued use take 1 week off and start cycle again.

Available at Elvare Group with fast, reliable delivery across South Africa.",taxable,0,,0,0,525.00,,"Creatine, Nutritech",https://www.psychoskull.co.za/wp-content/uploads/2021/06/Psycho-Skull-Nutritech-Creatine-Mono-500g.png,,0,outofstock
simple,6009880811915,TNT – Nutrient Beast,1,0,visible,"TNT NUTRIENT BEAST supports bridge those micro-nutrient deficiencies which can result in a reduction in your ability to adapt to a heightened state of recovery and wellness.

Available at Elvare Group with fast, reliable delivery across South Africa.","Formulated to support your overall health, wellness, and performance levels. This is the most complete multi-nutrient pack ever created. Featuring a range of the highest in demand micronutrients, minerals, adaptogenic aids, anti-inflammatory joint and hard tissue bolster systems, gut and digestive health, vital organ care complexes and Omega-3 for optimised hormone and health support. When you are training at higher levels than ever before, if ythis system is compromised because of mental or physical stress, or if you are looking for a convenient all-in-one solution to maximised health, NUTRIENT BEAST is it! INGREDIENTS:
Gelatin (Capsules) (Bovine) (Kosher & Halal, GMO-free, free of BSE/TSEs), Purified Water, Magnesium Stearate, Silicon Dioxide, Titanium Dioxide (E171), Allura Red (E129). DIRECTIONS FOR USE:
Take one pack daily, preferably in the mornings with breakfast. WARNINGS:
Consult ythis physician before using MenaQ7® if you are taking anti-coagulant medication such as Warfarin. Any persons with diabetes, using blood thinning medication, using anti-inflammatory medication, or those with known medical conditions should consult their primary healthcare practitioner before using this product. Discontinue use of This supplement at least 2 weeks prior to any scheduled surgical procedure. Always inform ythis healthcare practitioner when you are using other medication. If you are pregnant or breastfeeding, please consult ythis doctor, pharmacist of healthcare professional before using this product. Discontinue use if you experience any adverse signs or symptoms when using this product. TNT NUTRIENT BEAST is not intended to diagnose, treat, cure, or prevent any disease. TYPICAL NUTRITIONAL INFORMATION

Serving Size: 1 Sachet

Servings per Container: 30

Per Serving
*%NRV

VITA-MINERAL ARMThis COMPLEX
2x Black Capsules

Vitamin B1 (as Thiamine)
12 mg
1000%

Vitamin B2 (as Riboflavin)
25 mg
1923%

Vitamin B3 (as Nicotinamide)
35 mg
219%

Vitamin B6 (as Pyridoxine HCl)
25 mg
1476%

Folic Acid
250 µg
62.50%

Vitamin B12 (as Cyanocobalamin)
25 µg
1041%

Biotin
60 µg
200%

Pantothenic Acid (as d-Calcium Pantothenate)
12,5 mg
250%

Vitamin C (as Ascorbic Acid)
350 mg
350%

Vitamin D3 (Cholecalciferol)
10 µg
68%

Vitamin E (as dl-Alpha-Tocopheryl Acetate)
10 mgTE
67%

Potassium (as Potassium Phosphate)
100 mg
†

Boron
2,5 mg
†

Calcium (as Calcium Carbonate)
150 mg
12%

Copper (as Copper Sulphate-5-Hydrate)
0,1 mg
11%

Chromium (as Chromium Picolinate)
3,8 µg
11%

Iron (as Ferrous Fumarate)
10 mg
56%

Magnesium (as Magnesium Oxide)
250 mg
60%

Manganese (as Manganese Sulphate)
1 mg
43%

Selenium (as Selenium AAC 2%)
60 µg
109%

Zinc (as Zinc Gluconate)
2,8 mg
11%

Inositol
50 mg
†

Grape Seed Extract (95% Polyphenols)

(Vitis Vinifera) (Seed)
50 mg
†

Lutein (Provitamin A carotenoid)

(Tagetes spp.) (Aerial Parts)
0,5 mg
2%

SHIELD ORGAN & DIGESTIVE SUPPORT
2x Yellow Capsules

DigeZyme® (Digestive Enzyme Blend:
50 mg
†

Amylases, Proteases, Lipases, Lactases and Cellulases)

Ginger Root Extract (Zingiber Officinale Roscoe) (Root)
75 mg
†

Bromelain Enzyme (80 GDU/g)

(Ananas Comosus.L) (Stem)
50 mg
†

Papain Enzyme (2400 GDU/g) (Carica Papaya) (Fruit)
50 mg
†

Inulin-FOS (FructoOligoSaccharides) (Orafti®Synergy 1)
150 mg
†

Milk Thistle Powder (Silybum Marianum) (Seed)
300 mg
†

Stinging Nettle Extract (Urtica Dioica) (Root)
50 mg
†

Alpha Lipoic Acid
100 mg
†

Hawthorn Berry Extract (Crataegus spp.) (Fruit)
250 mg
†

Garlic Extract 4:1 (Allium Sativum) (Bulb)
150 mg
†

Sunflower Lecithin Powder (Helianthus) (Seed)
30 mg
†

Vitamin K2 (from MenaQ7® Menaquinone, MK-7)
40 mcg
33%

DEFENCE ADAPTOGEN & JOINT AID+
1x Red Capsule

Cissus Quadrangularis (4:1) (Vine)
150 mg
†

Boswellia Serrata (65% Organic Acids)  (Gum Resin)
150 mg
†

Turkey Tail (Trametes Versicolor) (Whole Mushroom)
25 mg
†

Ashwagandha Extract (2.5% Withanosides)

(Withania Somnifera) (Root)
250 mg
†

Bacopa Extract (Std. 20% Bacosides)

(Bacopa Monnieri) (Whole Plant)
25 mg
†

Cordyceps (Cordyceps Sinensis) (Whole Mushroom)
50 mg
†

Reishi Mushroom

(Ganoderma Lucidum) (Whole Mushroom)
50 mg
†

CLEAN-OMEGA 3 COMPLEX
2x Softgel Capsules

Omega 3** Fish Oil

(Wild Caught Peruvian Anchovy), providing:
2000 mg
†

     Eicosapentaenoic Acid (EPA) (18%)
360 mg
†

     Docosahexaenoic Acid (DHA) (12%)
240 mg
†

**Omega-3 Fatty Acids as Triglycerides. *Nutrient Reference Values (NRVs) for individuals 4 years and older (2010). † NRV not yet established.”

Sugar Free / Bovine Gelatin

Available at Elvare Group with fast, reliable delivery across South Africa.",taxable,1,,0,0,420.00,,"Performance, TNT Mercury, Health & Recovery",https://www.psychoskull.co.za/wp-content/uploads/2021/04/Psycho-Skull-TNT-Nutrient-Beast.png,,0,instock
simple,60009707060892,Healthy U – Melatonin,1,0,visible,"REM INDUCING

RELAXING

FAST RECOVERY

ANTI AGING","Melatonin sleep is a hormone produced by the brain in response to fading light. It prepares the body for sleep and is often used as a sleep aid.

Available at Elvare Group with fast, reliable delivery across South Africa.",taxable,1,,0,0,225.00,,"Healthy U Nutrition, Health & Recovery",https://www.psychoskull.co.za/wp-content/uploads/2021/04/Psycho-Skull-Healthy-U-Melatonin-1.png,,0,instock
simple,60009707060885,Healthy U – ECYA Burn,1,0,visible,"BLOOD STIMULATING

REDUCES APPETITE

BOOST METABOLISM

EXTREME ENERGY

Available at Elvare Group with fast, reliable delivery across South Africa.","Burn accelerates weight loss. Increased blood stimulation athletic performance and amplified energy. Dosages of Yohimbine and 299-42-3 may vary depending on each individual goals, tolerances and body weight

Consume after a meal to avoid discomfort.

Available at Elvare Group with fast, reliable delivery across South Africa.",taxable,1,,0,0,435.00,,"Healthy U Nutrition, Fat Burners",https://www.psychoskull.co.za/wp-content/uploads/2021/04/Psycho-Skull-Healthy-U-ECYA-Burn.png,,0,instock
simple,60009707060861,Healthy U – ECA Slim,1,0,visible,"APPETITE SUPPRESSANT

BOOST METABOLISM

MENTAL FOCUS

RAPID ENERGY

THERMOGENIC

Available at Elvare Group with fast, reliable delivery across South Africa.","Slim accelerates weight loss, increases athletic performance and amplifies energy. Dosages of 299-42-3 may vary depending on individuals goals and body weight. Consume with or after a meal to avoid discomfort. Disclaimer: This supplement has not been evaluated by HPASA, It is not intended to diagnose, treat, cure or prevent any disease

Available at Elvare Group with fast, reliable delivery across South Africa.",taxable,1,,0,0,420.00,,"Healthy U Nutrition, Fat Burners",https://www.psychoskull.co.za/wp-content/uploads/2021/04/Psycho-Skull-Healthy-U-ECA-Slim.png,,0,instock
simple,6009708881403,NPL – Cleanse and Detox,1,0,visible,"All-natural digestive cleanse

- Eliminate Toxins

- Reduce Toxin Build Up

- Increase Vitality

- General Wellbeing and overall health

- Natural Cleanse

Available at Elvare Group with fast, reliable delivery across South Africa.","All-natural digestive cleanse

- Eliminate Toxins

- Reduce Toxin Build Up

- Increase Vitality

- General Wellbeing and overall health

- Natural Cleanse

A NEW BREAKTHROUGH INNOVATION IN ACHIEVING A CLEANER, HEALTHIER BODY. FORMULATED USING A UNIQUE BLEND OF NATURAL, CUTTING-EDGE INGREDIENTS INTENDED TO Encourage A HEALTHY DIGESTIVE SYSTEM AND ASSIST IN ELIMINATING TOXINS.

Available at Elvare Group with fast, reliable delivery across South Africa.",taxable,0,,0,0,235.00,,"NPL, Health & Recovery",https://www.psychoskull.co.za/wp-content/uploads/2021/03/Psycho-Skull-NPL-Cleanse-And-Detox.png,,0,outofstock
simple,6009708880307,NPL – Organ Support,1,0,visible,"NPL Organ Bolster is developed using herbal extracts, antioxidants, vitamins, and minerals which may target region specific organ pathways in the body.

Available at Elvare Group with fast, reliable delivery across South Africa.","ALL-IN-ONE ORGAN Bolster AND DEFENCE

NPL Organ Support is developed using herbal extracts, antioxidants, vitamins, and minerals which may target region specific organ pathways in the body. This may lead to improved metabolic and detoxification pathways, improving homeostasis and overall health and recovery. Vital organs working at their optimal functional capacity will greatly increase one’s overall health and vitality. Features and benefits:

Liver Support

Heart Support

Prostate Support

Skin Support

Available at Elvare Group with fast, reliable delivery across South Africa.",taxable,1,,0,0,315.00,,"NPL, Health & Recovery",https://www.psychoskull.co.za/wp-content/uploads/2021/02/Psycho-Skull-NPL-New-Organ-Support.png,,0,instock
simple,6009704815372,Nutritech – Creatine Mono 300g,1,0,visible,"Aids in INCREASE MUSCLE SIZE + STRENGTH

PURE MICRONISED CREATINE MONOHYDRATE

Available at Elvare Group with fast, reliable delivery across South Africa.","MUSCLE ENERGY
HELP INCREASE MUSCLE

NUTRITECH CREATINE MONO has been formulated using micronized pure creatine monohydrate, with 5000 mg per single serving. An exceptional choice for the athlete looking to increase strength, sporting performance, muscle mass and boost recovery. Micronized creatine monohydrate dissolves quicker in water and is able to be stored in ythis muscles in amounts appreciable enough to assist in building muscle and strength. NUTRITECH CREATINE MONO is the original and perfect companion an athlete’s pre and post-workout regime. THE LOWDOWN
CREATINE

NUTRITECH CREATINE MONO has been formulated to increase the production of energy that enables muscles to perform at a higher intensity. The more energy ythis muscles store, the better they can perform in events requiring intense immediate energy, such as; athletics, hockey, rugby, soccer, swimming and weightlifting. POST/INTRA WORKOUT
CREATINE

Through extensive research and testing it has been found that NUTRITECH CREATINE MONO, when combined with a professionally designed diet and workout program, increases muscle mass and muscle girth. Due to the muscle mass gains, it may also result in initial weight increases. Please consult ythis physician prior to the use of NUTRITECH CREATINE MONO.. DIRECTIONS
HOW TO TAKE

Mix 1 flat scoop with water or beverage of choice in a NUTRITECH shaker. Take 2 to 3 servings per day, evenly spaced, on an empty stomach. After 8 weeks of continued use take 1 week off and start cycle again.

Available at Elvare Group with fast, reliable delivery across South Africa.",taxable,1,,0,0,335.00,,"Creatine, Nutritech",https://www.psychoskull.co.za/wp-content/uploads/2020/12/Psycho-Skull-Nutritech-Creatine-Mono-300g.png,,0,instock
simple,,UPA – Epistane,1,0,visible,"- Methylepitiostanol

- 10mg / tab

- 50 tab","UPA EPISTANE(METHYLEPITIOSTANOL 10MG P/CPS=60TABS)

Epistane (Methylepitiostanol)

This is the perfect pro hormone to use as cutting agent for male and female athletes who wants to avoid the androgenic effects of stronger pro hormones. It’s a anti estrogen, high anabolic, low liver toxicity compound that’s extremely versatile in gaining muscle as well as dieting. To put it into perspective —

Anavar (Oxandrolone) has an anabolic rating of 322 – 630. Epistane (methylepitiostanol) has an anabolic rating of 1100

It’s between double and three times the anabolic rating of Anavar. Epistane is a DHT (dihydrotestosterone also known as androstanolone) derivative that is best known for the non-aromatizing and non-progestagenic characteristics. This means very little side effects can be expected from this anabolic agent. Epistane’s Anabolic/Androgenic rating is 1100:91. This rating makes it the highest anabolic rated compound ever formulated with not even conventional anabolic steroids like Primobolan or Anavar matching this rating. The added benefit of this compound is that it has a very potent anti-estrogen agent that eliminates any possibilities of estrogen induced fat gain or water retention. Epistane is almost identical to a Japanese breast cancer drug called epitiostanol that blocked estrogen. Epistane however is much more anabolic than epitiostanol. Ythis gains on Epistane will be solid, lean, hard and dry gains. It will give similar effects to Primobolan, Anavar and in some cases Turinibal but it has proven to lead to greater lean muscle gains than these mentioned anabolic steroids. Epistane is a great alternative to nolvadex, arimadex and femara when stacking with other compounds that is known for aromatizing. This means that you can stack ythis Epistane with your normal cycle to prevent gyno whilst still getting massive advantages from its anabolic muscle building effects. Epistane can also be taken on its own to keep the athlete anabolic while solving the gyno problem. Just when you think the advantages of this drug could not get any better. Epistane unlike other oral compounds Epistane (although methylated) has a very low liver toxicity and can be taken for longer periods of time and at higher doses than most orals. Epistane can easily run for 6 to 12 weeks at reasonable doses. It can be taken for longer than six weeks if it is the only oral being used at a dose of 30mg to 60mg daily split three times daily. Two doses daily is considered the minimum. Epistane is one of the most pleasant oral steroids an athlete could ever use in their cycle considering its very low side effects and high anabolic rating. Clean solid gains with no water retention, lethargy, appetite suppression or depression when you stop the cycle.

Available at Elvare Group with fast, reliable delivery across South Africa.",taxable,1,,0,0,370.00,,"U.P.A, Performance",https://www.psychoskull.co.za/wp-content/uploads/2021/06/Psycho-Skull-SARMS-UPA-Epistane.png,,0,instock
simple,,UPA – Stenabolic,1,0,visible,"Stenabolic by UPA. A premium supplement formulated for optimal results. Available at Elvare Group with fast, reliable delivery across South Africa.","Stenabolic is a Reverb Agonist SARM, code name is SR9009

Stenabolic, in current research trials has shown to increases the metabolic activity in skeletal muscle. It has been shown to increases Basal Meabolic Rate (BMR). Stenabolic assists with reducing obesity, and increases muscle strength. Stenabolic has shown to increase endurance

Stenabolic SR9009 Discription
The half life of Stenabolic is +/- 2 to 4 hours so it is essential to take Stenabolic in 4 –  6 equal doses per day. This will require that you break the tablet in half. Please refer to the packaging on how to break the tablet in half and take as indicated below. Dose range is 20 – 40 mg per day for male athletes and half that for female athletes. Cycle is 8 – 12 weeks. Dosage :

- Female Athletes 1 – 2 Tablets per day

- Male Athletes 2 – 4 Tablets per day. Can be stacked with any other SARM

Stenabolic, or SR-9009, is not technically a SARM but it’s effects are similar so it’s sold on sites where peptides and SARMs are sold. It has the endurance-boosting effects of Cardarine, but also offers increased energy and enhanced metabolism to burn fat stores. It’s non-hormonal (does not target AR’s), so shut-down and PCT are not issues. The shorter half-life of a few hours means users will want to target a specific time of day, such as just before hitting the gym. - Typical dose: 20 mg/day

- Max: 40 mg/day (spaced out)

- Stacking dose: 10-20 mg/day (depending on stack)

- Half-life: 4-6 hours

Available at Elvare Group with fast, reliable delivery across South Africa.",taxable,1,,0,0,515.00,,"U.P.A, Performance",https://www.psychoskull.co.za/wp-content/uploads/2021/06/Psycho-Skull-SARMS-UPA-Stenabolic.png,,0,instock
simple,,UPA – Andarine,1,0,visible,"Andarine by UPA. A premium supplement formulated for optimal results. Available at Elvare Group with fast, reliable delivery across South Africa.","Andarine is widely considered to be the most potent of all SARMS that help build lean muscle mass. Andarine has been one of the most widely tested and studied of all the SARMS. Tests have proven that Andarine aids in retain lean muscle mass as well as enhancing it. However with Andarine this is not the only noted benefit. In addition to strength and lean muscle gains is its potent fat burning properties as well. Andarine : the all-round super potent SARM for lean hard muscles

What to Expect
When used for cutting, Andarine’s properties will deliver that you get similar results to what you would expect when using Anavar or Stanazol. Andarine can also minimise LPL (lipoprotein lipase) an enzyme that can cause the storing of adipose tissue or body fat. Andarine also improves vascularity, for that aesthetic chiselled look. Unlike with Stanazol, it does not affect ythis joints or negatively affect your cholesterol levels as with Anavar. Side Affects
Andarine is not the perfect anabolic compound and as with Anavar and Stanazol does follow the law of diminishing returns. What this means is higher dosages are required with extended use which comes with the main side effect. The most noted negative effect of Andarine are visual issues such as the yellow tint and difficulty adjusting to night vision. This side effect is unique to Andarine and will decrease and vanish once the product leaves ythis system. This side effect is often hyped or overblown and is noted at very high doses and cycles longer than 12 weeks. This side effect can however be managed with dosage reduction, and dosage cycling. The Benefits of S4 over Steroids

- very minimal growth on secondary sexual organs such as the prostate. - The LDL/ HDL ratio is not affected which makes it a low cardiovascular risk. - ZERO % chance of aromatization, male breast lactation, or rise in any other female characteristic during the post cycle recovery. - Testosterone is not diminished in any capacity during the post cycle recovery. - Very exclusive in tissue selection and growth which means it will not cause heart enlargement or damage to neighbouring organs. - Andarine does NOT require the utilization or devouring of liver enzymes to activate their anabolic effects. This eliminates any risk of hepatotoxicity or hepatitis. - Although Andarine is not as potent as comparable steroids such as Winstrol, they do not require the extensive post cycle therapy and can be cycled back to back throughout the year. With the possibility of obtaining the similar results. - Andarine has overall presented larger increases in muscle mass than DHT. Dosage
Elvare Group recommend milder dosages that err on the side of caution. Higher dosages have been reported but start here. If vision side effect is a problem cycle 5 days on and 2 days off to assist with vision side. - Male athletes 2 tablets daily or cycled. - Female athletes ½ -/ 1 tablet daily or cycled. - Cycle 6 weeks either 7 days on or 5 days on 2 days off depending on sensitivity. - 2 week off period between cycles. Whats in the box

- 56 Tablets per box

- 12.5mg Andarine  per tablet. Stack with

- Cardarine and/or Nutrabol

Originally developed to help osteoporosis and muscle-wasting diseases, S4, or Andarine, is a first-gen SARM that’s been highly-tested over the years. S4 preserves and improves lean body mass. That is, it decreases body fat while increasing muscle mass. Andarine is anabolically above-average, due to strong AR (androgen receptor) affinity, with superior muscle-building and fat-reducing effects. It is also known to boost sex drive (but also reduces sperm development). Concern over vision-related side effects in one study have reportedly caused some S4 users to switch to Ostarine, which is chemically very similar. - Typical dose: 25-50 mg/day

- Max: 100 mg/day

- Stacking dose: 15-25 mg/day (depending on stack)

- Half-life: 4-6 hours

Available at Elvare Group with fast, reliable delivery across South Africa.",taxable,1,,0,0,445.00,,"U.P.A, Performance",https://www.psychoskull.co.za/wp-content/uploads/2021/06/Psycho-Skull-SARMS-UPA-Andarine.png,,0,instock
simple,,TNT – Prime Collagen 360g – Unflavored,1,0,visible,"PRIME COLLAGEN acts to bolster and enhance soft tissue recovery and organ health while combatting the effects of ageing.

Available at Elvare Group with fast, reliable delivery across South Africa.","TNT PRIME COLLAGEN is made up of Type-1 Hydrolyzed Collagen, a highly bio-available hydrolyzed peptide-rich collagen source, which has been shown to not only exert positive recovery effects on soft tissue structures such muscle tissue after injury but also on critical full joint components, including cartilage, ligaments, tendons and skin for enhanced recovery and repair. Elvare Group have included DERMAVAL™, a superfood complex that serves as a free-radical scavenger nutrient boost to protect complex collagen structures and support a heightened natural synthesis of collagen and elastin. The daily supplementation of TNT PRIME COLLAGEN acts to bolster and enhance soft tissue recovery and organ health while combatting the effects of ageing. TYPICAL NUTRITIONAL INFORMATION
PRIME COLLAGEN

BIO-INFUSED WITH 9 PLANT-BASED SUPERFOODS

TYPICAL NUTRITIONAL INFORMATION

Serving Size: 12 g

Servings Per Container: 30

Per 100 g
Per 12 g
%NRV*

Energy
1 307 kJ
157 kJ
†

Protein
76,7 g
9,2  g
16%

Total Carbohydrates
2,6 g
0,3 g
†

   of which Sugars
2,5 g
0,3 g
†

Total Fats
0,0 g
0,0 g
†

Dietary Fibre#
2,3 g
0,3 g
†

Total Sodium
568 mg
68 mg
†

Hydrolyzed Collagen Peptides (Bovine)
10 g

DERMAVAL™

50 mgVitaGranate® Bioactive Pomegranate Extract (Punica Granatum) (whole fruit), Asparagus (Asparagus Officinalis) (shoot), Okra (Abelmoschus Esculentus) (pod), VitaBerry® Tropical [Coffee Berry (Coffea Arabica) (whole fruit), Brazilian Acerola Cherry (Malpighia Glabra) (fruit juice), Amazon Camu Camu (Myrciaria Dubia) (fruit juice), Quercetin (from Saphora Japonica) (flower), Brazilian Açaí Palm Berry (Euterpe Oleracea) (whole fruit), Thai Mangosteen (Garcinia Mangostana) (whole fruit), Maltodextrin]. INGREDIENTS:
Fruitaric Acid, Inulin, Pink Himalayan Crystal Salt, Anti-Caking Agent, Non-Nutritive Sweetener (Sucralose), Colourant. ALLERGENS:
No common allergens included. Made in a factory that processes cow’s milk, egg, soy, gluten (wheat, barley and oats), fish, tree nuts and peanuts. DIRECTION FOR USE:
As a nutritional supplement, take 1 scoop (12 g) and mix with 200 ml – 250 ml room temperature water. Shake, or stir well and consume immediately.

Available at Elvare Group with fast, reliable delivery across South Africa.",taxable,1,,0,0,420.00,,"Health & Recovery, TNT Mercury",https://www.psychoskull.co.za/wp-content/uploads/2020/11/Psycho-Skull-TNT-Prime-Collagen-360g-Berry-Medley.png,,0,instock
simple,6009679916210,Barbarian Nutrition – Thermo Axe,1,0,visible,"Thermo Axe by Barbarian Nutrition. A premium supplement formulated for optimal results. Available at Elvare Group with fast, reliable delivery across South Africa.","Barbarian Nutrition’s THERMO-AXE has been forged by Viking Warriors who have the desire to destroy unwanted fat and hack away at unwanted pounds. THERMO-AXE will dramatically CRUSH APPETITE & CRAVINGS, leaving only ythis hunger to SHRED FAT and boost energy with the new improved THERMO-AXE! DIRECTIONS

- Suggested Use – 2 Capsules Twice Daily

- Take ythis first serving (2 capsules) first thing in the morning 30 minutes before breakfast and take your second serving (2 capsules) mid-afternoon. - On workout days, take 2 capsules 30-60 minutes before ythis workout. Drink at least ten 250ml glasses of water daily. Combine with a diet and training program for best results. - Do not exceed 4 capsules per day. - Cycle: Use continuously for 4 weeks, followed by 2 weeks break.

Available at Elvare Group with fast, reliable delivery across South Africa.",taxable,1,,0,0,475.00,,"Fat Burners, Barbarian","https://www.psychoskull.co.za/wp-content/uploads/2020/10/Psycho-Skull-Barbarian-Thermo-Axe.png, https://www.psychoskull.co.za/wp-content/uploads/2020/10/Thermo-Axe-NI-Panel.jpg",,0,instock
simple,6009679916203,Barbarian Nutrition – Hammer Test,1,0,visible,"Hammer Test by Barbarian Nutrition. A premium supplement formulated for optimal results. Available at Elvare Group with fast, reliable delivery across South Africa.","Barbarian Nutrition Hammer Test 2.0 has been reborn! Forged from the most hardcore ingredients to amplify strength and power, Hammer Test 2.0 will unleash the true warrior within. Break down genetic boundaries and amplify natural testosterone like never before! DIRECTIONS

- Take 6 capsules every day before bed with 300ml of water. - Take on an empty stomach at least 60 minutes after ythis last meal. - Alternatively, take 3 capsules twice daily. - Combine with a diet and training program for the best results. Do not exceed 6 capsules per day.

Available at Elvare Group with fast, reliable delivery across South Africa.",taxable,1,,0,0,475.00,,"Barbarian, Performance","https://www.psychoskull.co.za/wp-content/uploads/2020/10/Psycho-Skull-Barbarian-Hammer-Test.png, https://www.psychoskull.co.za/wp-content/uploads/2020/10/Hammer-Test-NI-Panel.jpg",,0,instock
simple,,Barbarian Nutrition – Beserk NOX,1,0,visible,"Beserk NOX by Barbarian Nutrition. A premium supplement formulated for optimal results. Available at Elvare Group with fast, reliable delivery across South Africa.","Barbarian Nutrition Beserk Nox is the ULTIMATE in Nootropic Technology and PUMP enhancements. With mental focus like never before, Skin Tearing Pumps and Insane Strength! DIRECTIONS

- 1 Heaped Scoop (1 Serving 17g) with 300ml water consume 30-45 minutes before you unleash havoc. A tingling sensation over ythis skin and a mind altering sense of focus will trigger the sign that you are ready for battle. Combine with a diet and training program for best results. NOTE: This supplement contains GlycoPUMP TM – Due to the hydroscopic nature of this ingredient, the product may clump together. This is normal and can be broken down and is safe to use. It is important to keep in a cool dry area to control this process.

Available at Elvare Group with fast, reliable delivery across South Africa.",taxable,0,,0,0,515.00,,"Pre Workout, Barbarian","https://www.psychoskull.co.za/wp-content/uploads/2020/10/Psycho-Skull-Barbarian-Beserk-Nox-1.png, https://www.psychoskull.co.za/wp-content/uploads/2021/06/Berserker-NOX-NI-Panel.jpg",,0,outofstock
simple,,Barbarian Nutrition – Untamed,1,0,visible,"Untamed by Barbarian Nutrition. A premium supplement formulated for optimal results. Available at Elvare Group with fast, reliable delivery across South Africa.","Barbarian Nutrition’s UNTAMED will allow you to wage WAR on the IRON leaving nothing but devastation in ythis wake. Be prepared for skin-ripping pumps and insane energy like you’ve never experienced before! DIRECTIONS

- Shake container vigorously before use. - Mix 1 scoop with 150 ml – 250 ml of water and consume 15 minutes before battle. - Prickly skin signals TIME FOR WAR! DISCLAIMER
If you are taking any medications, consult ythis doctor before use. Seek advice from a health care professional before use if you have any pre-existing medical condition. Not to be taken by pregnant or lactating women. Discontinue use and consult ythis doctor if any adverse reactions occur. Note – It is important to check with ythis health care practitioner before beginning any diet and exercise program and to discuss the supplements and medications you take with your health care provider. Use This supplement as a food supplement only and consume in conjunction with a nutritious diet and appropriate physical training program. Do not use as a sole source of nutrition. This supplement has not been evaluated as a medicine by the Medicines Control Council of South Africa and is not intended to diagnose, treat, cure or prevent any disease.

Available at Elvare Group with fast, reliable delivery across South Africa.",taxable,1,,0,0,370.00,,"Pre Workout, Barbarian","https://www.psychoskull.co.za/wp-content/uploads/2020/10/4Psycho-Skull-Barbarian-Untamed.png, https://www.psychoskull.co.za/wp-content/uploads/2020/10/Untamed-NI-Panel.jpg",,0,instock
simple,,Barbarian Nutrition – Colossal Mass,1,0,visible,"Colossal Mass by Barbarian Nutrition. A premium supplement formulated for optimal results. Available at Elvare Group with fast, reliable delivery across South Africa.","Barbarian Nutrition Colossal Mass is a dense calorie meal-replacement shake that has been formulated to meet the demanding nutritional requirements of a hard-fought Barbarian! Packed with over 700 calories per serving, 40g of high-quality protein, 7 000mg of cell-volumizing amino acids and a full vitamin profile, Colossal Mass will ensure ythis body is anabolic and building muscle all day. If you are looking to GROW and transform into a BEAST, Colossal Mass is the product for you! DIRECTIONS

- Mix 1 serving (210g) with 500-600ml of water or milk. - Consume 1 – 2 servings daily to meet ythis optimal caloric and protein intake. Best taken after workouts. Combine with diet and training program for best results.

Available at Elvare Group with fast, reliable delivery across South Africa.",taxable,1,,0,0,500.00,,"Barbarian, Protein","https://www.psychoskull.co.za/wp-content/uploads/2020/10/BarbarianNutritionColossalMassChocolateFlavour_png_ffbf1a70-2590-40b3-84b3-33a7d668e07c.png, https://www.psychoskull.co.za/wp-content/uploads/2021/06/Colossal-Mass-NI-Panel.jpg",,0,instock
simple,6009708967886,Nutritech – Fulvic Acid,1,0,visible,"Anti-inflammatory, antiviral & antioxidant","CHD-FA™, being a range of organic acids, has a wide range of natural healing properties. Fulvic Acid benefits include the proven anti-inflammatory, antiviral, antimicrobial, antifungal and antioxidant agent properties, whilst assisting with nutritional uptake. Aids in improve nutritional uptake. Studies have shown that CHD-FA™ increases the uptake of minerals by up to 60% more than normal, supporting good health. CHD-FA™ is a proven chelator and acts as an ion exchanger by releasing low mass metal (iron) and chelating heavier metal ions, detoxicifying the body. Fulvic acid possesses many biomedical functions related to its ability to encourage the electrochemical balance in cells which is crucial for energy in cells. CHD-FA™ is one of the most efficient antioxidants eliminating free radicals, limiting their damage to membranes of cells, proteins and DNA. CHD-FA™ also assists with gut health. Anti-inflammatory activities with strengthening of the mucosal barrier are ideal properties against inflammatory bowel disease-like symptoms. Because of the mineral and trace elements in CHD-FA™, it is an excellent natural electrolyte that is able to replace essential micro-elements lost during exercise. The various clinical properties of CHD-FA™ assist in building the immune system. CHD-FA™ with its antioxidant, nutritional uptake and anti-inflammatory properties aids in with chronic fatigue. Fulvic Acid
Anti-Inflammatory, antiviral & antioxidant. Carbohydrate-Derived Fulvic Acid (CHD-FA™) is a proven anti-inflammatory, antiviral, antibacterial, antifungal and antioxidant agent whilst also assisting with nutritional uptake. CHD-FA™ offers all the natural healing properties of Fulvic Acid, without the heavy metals and contaminants.

Available at Elvare Group with fast, reliable delivery across South Africa.",taxable,1,,0,0,105.00,,"Health & Recovery, Vitatech","https://www.psychoskull.co.za/wp-content/uploads/2020/07/Psycho-Skull-Nutritech-Vitatech-Fulvic-Acid.png, https://www.psychoskull.co.za/wp-content/uploads/2020/07/Fulvic-Acid-NI-Panel.jpg",,0,instock
simple,6009708967497,Nutritech – Calcium Tablets,1,0,visible,"Daily wellness supplement to compliment ythis lifestyle.

Available at Elvare Group with fast, reliable delivery across South Africa.","Why should I take Calcium? Calcium Carbonate

Calcium carbonate. Calcium is needed by the body for healthy bones, muscles, nervous system, and heart. Calcium carbonate also is used as an antacid to relieve heartburn, acid indigestion, and upset stomach. Vitamin D3 (Di-alpha tocopheryl acetate) Di-Calcium Phopshate

D3. Necessary for normal absorption & utilization of calcium & phosphorus, cell division, normal bone structure, contributes to calcium & phosphorus absorption, maintenance of normal bones & teeth, muscle function, immune system function, role process of cell division.

Available at Elvare Group with fast, reliable delivery across South Africa.",taxable,1,,0,0,75.00,,"Health & Recovery, Vitatech","https://www.psychoskull.co.za/wp-content/uploads/2020/07/Psycho-Skull-Nutritech-Vitatech-New-Calcium.png, https://www.psychoskull.co.za/wp-content/uploads/2020/07/Calcium-NI-Panel.jpg",,0,instock
simple,6009708967299,Nutritech – Collagen Peptide Tablets,1,0,visible,"Type I & II Collagen Peptides

Daily wellness supplement to compliment ythis lifestyle.

Available at Elvare Group with fast, reliable delivery across South Africa.","Peptan

Peptan. Offers multiple health benefits by acting as building blocks for healthy joints, bones and muscles as well as skin. Collagen is a key structural

Protake

Protake. Is an edible bovine hydrolysed gelatine made of all essential amino acids except tryptophan, It is particularly rich in glycine, glutamic acid, proline, alanine and arginine. Chicken Bone Collagen

Chicken collagen.

Available at Elvare Group with fast, reliable delivery across South Africa.",taxable,0,,0,0,95.00,,"Health & Recovery, Peptides, Vitatech","https://www.psychoskull.co.za/wp-content/uploads/2020/07/Psycho-Skull-Nutritech-Vitatech-Collagen-Peptide-Tabs.png, https://www.psychoskull.co.za/wp-content/uploads/2020/07/Collagen-Peptides-NI-Panel.jpg",,0,outofstock
simple,6009708967596,Nutritech – Collagen Peptide Powder,1,0,visible,"Daily wellness supplement to compliment ythis lifestyle.

Available at Elvare Group with fast, reliable delivery across South Africa.","Peptan

Peptan. Offers multiple health benefits by acting as building blocks for healthy joints, bones and muscles as well as skin. Collagen is a key structural

Protake

Protake. Is an edible bovine hydrolysed gelatine made of all essential amino acids except tryptophan, It is particularly rich in glycine, glutamic acid, proline, alanine and arginine. Chicken Bone Collagen

Chicken collagen.

Available at Elvare Group with fast, reliable delivery across South Africa.",taxable,1,,0,0,230.00,,"Health & Recovery, Peptides, Vitatech","https://www.psychoskull.co.za/wp-content/uploads/2021/06/Psycho-Skull-Nutritech-Vitatech-Collagen-Peptide-Powder.png, https://www.psychoskull.co.za/wp-content/uploads/2021/06/Collagen-Powder-NI-Panel.jpg",,0,instock
simple,6009708967350,Nutritech – Immune Support,1,0,visible,"Daily wellness supplement to compliment ythis lifestyle.

Available at Elvare Group with fast, reliable delivery across South Africa.","Vitamin A (Beta-Carotene)

A. Beta carotene is converted into vitamin A, an essential vitamin, is a carotenoid and an antioxidant. Beta carotene, like all carotenoids, is an antioxidant. An antioxidant is a substance that inhibits the oxidation of other molecules; it protects the body from free radicals. Free radicals damage cells through oxidation. Eventually, the damage caused by free radicals can cause several chronic illnesses. Several studies have shown that antioxidants through diet help people’s immune systems, protect against free radicals, and lower the risk of developing cancer and heart disease. Vitamin B1 (Thiamine HCL)

B1. Contributes to normal iron transport & metabolism, energy release, skin & mucous membrane structure/function, nervous system function, maintenance of mucous function, nervous system, skin function, vision and protection of cells from oxidative stress, reduction of tiredness and fatigue. Vitamin B3 (Nicotinamide)

B3. It may help treat psoriasis and reduce ythis risk of non-melanoma skin cancer. Plays an important role in keeping ythis skin healthy. Vitamin B5 (D-Pantothenic Acid)

B5. Normal fat metabolism, contribute to normal energy yielding, synthesis and metabolism of steroid hormones, Vit D & some neurotransmitters, reduction of tiredness & fatigue and contributes to normal mental performance

Vitamin B6 (Pyridoxine HCL)

B6. Normal fat metabolism and energy production, aids in with normal healthy growth, development and body maintenance, normal functioning of nervous system, maintenance of normal hair, skin and aids in utilisation of Vit B Complex

Vitamin B9 (Folic Acid)

B9. Folate (folic acid) is necessary for the production of red blood cells and for the synthesis of DNA (which controls heredity and is used to guide the cell in its daily activities). Folic acid also aids in with tissue growth and cell function. In addition, it supports increase appetite when needed and stimulates the formation of digestive acids. Vitamin B12 (Cyanocobalamin)

B12. Vitamin C (Ascorbic Acid)

C. Vitamin E

E. Contributes to cell protection from free radical damage, oxidative stress, preserve a healthy immune system, protects unsaturated fatty acids & Vit A against oxidation in the body, assist in cardiovascular health. Copper AAC

Copper. Contributes towards normal Iron transport and metabolism, forming of haemoglobin and red blood cells, cell protection from radical damage or oxidative stress, normal energy production, functioning of the nervous system, needed for healthy joints and nerves, normal skin & hair colouration, pigmentation, maintenance of normal connective tissue, with Zinc & Vit C form elastin for skin, normal function of the immune system, formation of bone and taste sensitivity. Selenium AAC

Selenium. Acts as a potent antioxidant. May reduce ythis risk of certain cancers. May protect against heart disease. Aids in prevent mental decline. Is important for thyroid health. Boosts ythis immune system. May help reduce asthma symptoms. Zinc Gluconate

Zinc. Necessary for normal immune system function, cell division, contributes to normal skin structure, acid-base metabolism, carbohydrate metabolism, cognitive function, DNA synthesis, fertility and reproduction, micronutrient metabolism, fatty acid metabolism, metabolism of Vit A, protein synthesis, normal taste & smell, maintenance of normal bones, hair & skin, testosterone levels in blood, normal vision, protection cells from oxidative stress, cell division, constituent of insulin & many vital enzymes, to preserve normal Vit E levels in blood and increase the absorption of Vitamin A.

Available at Elvare Group with fast, reliable delivery across South Africa.",taxable,1,,0,0,95.00,,"Health & Recovery, Vitatech","https://www.psychoskull.co.za/wp-content/uploads/2020/07/Psycho-Skull-Nutritech-Vitatech-Immune-Support.png, https://www.psychoskull.co.za/wp-content/uploads/2020/07/Immune-Support-NI-Panel.jpg",,0,instock
simple,6009708967275,Nutritech – Joint Support,1,0,visible,"With OptiMSM® + Glucosamine HCL

Daily wellness supplement to compliment ythis lifestyle.

Available at Elvare Group with fast, reliable delivery across South Africa.","Vitamin A (Palmitate)

A.Protects Ythis Eyes From Night Blindness and Age-Related Decline. May Lower Ythis Risk of Certain Cancers. Bolsters a Healthy Immune System. Reduces Ythis Risk of Acne. Bolsters Bone Health. Encourages Healthy Growth and Reproduction

Vitamin B1 (Thiamine HCL)

B1. Contributes to normal iron transport & metabolism, energy release, skin & mucous membrane structure/function, nervous system function, maintenance of mucous function, nervous system, skin function, vision and protection of cells from oxidative stress, reduction of tiredness and fatigue. Vitamin B3 (Nicotinamide)

B3. It may help treat psoriasis and reduce ythis risk of non-melanoma skin cancer. Plays an important role in keeping ythis skin healthy. Vitamin B5 (D-Pantothenic Acid)

B5. Normal fat metabolism, contribute to normal energy yielding, synthesis and metabolism of steroid hormones, Vit D & some neurotransmitters, reduction of tiredness & fatigue and contributes to normal mental performance

Vitamin B6 (Pyridoxine HCL)

B6. Normal fat metabolism and energy production, aids in with normal healthy growth, development and body maintenance, normal functioning of nervous system, maintenance of normal hair, skin and aids in utilisation of Vit B Complex

Vitamin B9 (Folic Acid)

B9. Folate (folic acid) is necessary for the production of red blood cells and for the synthesis of DNA (which controls heredity and is used to guide the cell in its daily activities). Folic acid also aids in with tissue growth and cell function. In addition, it supports increase appetite when needed and stimulates the formation of digestive acids. Vitamin B12 (Cyanocobalamin)

B12. Chromium AAC

Chromium. Contributes to normal macronutrient metabolism, maintenance of normal blood glucose levels, vital for synthesis of cholesterol, fats & proteins

Iron

Iron. Normal oxygen transport, energy production, immune system function, normal blood formation, normal neurological development in foetus, cognitive function, reduction of tiredness and fatigue. Magnesium

Magnesium. Contribute towards normal energy metabolism, nerve & muscle function, play role in transmission of nerve and muscle impulses, electrolyte balance, reduction of tiredness and fatigue, maintaining proper pH balance, protein synthesis, normal physiological function, teeth, bones, role in cell division, supports utilise carbs, fats, protein & minerals . Selenium

Selenium. Acts as a potent antioxidant. May reduce ythis risk of certain cancers. May protect against heart disease. Aids in prevent mental decline. Is important for thyroid health. Boosts ythis immune system. May help reduce asthma symptoms. Zinc

Zinc. Necessary for normal immune system function, cell division, contributes to normal skin structure, acid-base metabolism, carbohydrate metabolism, cognitive function, DNA synthesis, fertility and reproduction, micronutrient metabolism, fatty acid metabolism, metabolism of Vit A, protein synthesis, normal taste & smell, maintenance of normal bones, hair & skin, testosterone levels in blood, normal vision, protection cells from oxidative stress, cell division, constituent of insulin & many vital enzymes, to preserve normal Vit E levels in blood and increase the absorption of Vitamin A. Glucosamine HCL

Glucosamine HCL. Supports ease osteoarthritis pain and improve joint health. Glucosamine is a compound found naturally in the body, made from glucose and the amino acid glutamine. Glucosamine is needed to produce glycosaminoglycan, a molecule used in the formation and repair of cartilage and other body tissues. May help with the following health problems: Diabetes, high cholesterol, Inflammation, Inflammatory bowel disease (such as ulcerative colitis), osteoarthritis, rheumatoid arthritis and temporomandibular joint disorder (also known as “TMD” or “TMJ”). OptiMSM

OptiMSM. Safe and efficient for maintaining joint health, reducing inflammation associated with osteoarthritis, supporting immune and respiratory functions, minimizing post exercise recovery time, and maintaining healthy skin, hair and nails.

Available at Elvare Group with fast, reliable delivery across South Africa.",taxable,1,,0,0,105.00,,"Health & Recovery, Vitatech","https://www.psychoskull.co.za/wp-content/uploads/2020/07/Vitatech-thumbnail-joint.png, https://www.psychoskull.co.za/wp-content/uploads/2020/07/Joint-Support-Vitatech-NI-Panel.jpg",,0,instock
simple,6009708967312,Nutritech – Liver Support,1,0,visible,"Daily wellness supplement to compliment ythis lifestyle.

Available at Elvare Group with fast, reliable delivery across South Africa.","Vitamin B1 (Thiamine HCL)

B1. Contributes to normal iron transport & metabolism, energy release, skin & mucous membrane structure/function, nervous system function, maintenance of mucous function, nervous system, skin function, vision and protection of cells from oxidative stress, reduction of tiredness and fatigue. Vitamin B3 (Nicotinamide)

B3. It may help treat psoriasis and reduce ythis risk of non-melanoma skin cancer. Plays an important role in keeping ythis skin healthy. Vitamin B5 (D-Pantothenic Acid)

B5. Normal fat metabolism, contribute to normal energy yielding, synthesis and metabolism of steroid hormones, Vit D & some neurotransmitters, reduction of tiredness & fatigue and contributes to normal mental performance

Vitamin B6 (Pyridoxine HCL)

B6. Normal fat metabolism and energy production, aids in with normal healthy growth, development and body maintenance, normal functioning of nervous system, maintenance of normal hair, skin and aids in utilisation of Vit B Complex

Vitamin B9 (Folic Acid)

B9. Folate (folic acid) is necessary for the production of red blood cells and for the synthesis of DNA (which controls heredity and is used to guide the cell in its daily activities). Folic acid also aids in with tissue growth and cell function. In addition, it supports increase appetite when needed and stimulates the formation of digestive acids. Vitamin B12 (Cyanocobalamin)

B12. Iron (Ferrous Fumerate)

Iron. Normal oxygen transport, energy production, immune system function, normal blood formation, normal neurological development in foetus, cognitive function, reduction of tiredness and fatigue. Milk Thistle

Milk Thistle. The active ingredient in milk thistle, silymarin, acts as an antioxidant by reducing free radical production. Scientists think this creates a detoxifying effect, which is why it is milk thistle may be beneficial for liver problems.

Available at Elvare Group with fast, reliable delivery across South Africa.",taxable,0,,0,0,95.00,,"Health & Recovery, Vitatech","https://www.psychoskull.co.za/wp-content/uploads/2020/07/Psycho-Skull-Nutritech-Vitatech-New-Liver-Support.png, https://www.psychoskull.co.za/wp-content/uploads/2020/07/Liver-Support-NI-Panel.jpg",,0,outofstock
simple,6009708967510,Nutritech – Magnesium,1,0,visible,"Daily wellness supplement to compliment ythis lifestyle.

Available at Elvare Group with fast, reliable delivery across South Africa.","Magnesium Oxide

Magnesium. Contribute towards normal energy metabolism, nerve & muscle function, play role in transmission of nerve and muscle impulses, electrolyte balance, reduction of tiredness and fatigue, maintaining proper pH balance, protein synthesis, normal physiological function, teeth, bones, role in cell division, supports utilise carbs, fats, protein & minerals .

Available at Elvare Group with fast, reliable delivery across South Africa.",taxable,1,,0,0,75.00,,"Health & Recovery, Vitatech","https://www.psychoskull.co.za/wp-content/uploads/2020/07/Psycho-Skull-Nutritech-Vitatech-Magnesium.png, https://www.psychoskull.co.za/wp-content/uploads/2020/07/Magnesium-NI-Panel.jpg",,0,instock
simple,6009708967558,Nutritech – Multi Vitamin & Mineral,1,0,visible,"Daily wellness supplement to compliment ythis lifestyle.

Available at Elvare Group with fast, reliable delivery across South Africa.","Protects Ythis Eyes From Night Blindness and Age-Related Decline. May Lower Ythis Risk of Certain Cancers. Bolsters a Healthy Immune System. Reduces Ythis Risk of Acne. Bolsters Bone Health. Encourages Healthy Growth and Reproduction

B1. Contributes to normal iron transport & metabolism, energy release, skin & mucous membrane structure/function, nervous system function, maintenance of mucous function, nervous system, skin function, vision and protection of cells from oxidative stress, reduction of tiredness and fatigue. It may help treat psoriasis and reduce ythis risk of non-melanoma skin cancer. Plays an important role in keeping ythis skin healthy. Normal fat metabolism, contribute to normal energy yielding, synthesis and metabolism of steroid hormones, Vit D & some neurotransmitters, reduction of tiredness & fatigue and contributes to normal mental performance

B6. Normal fat metabolism and energy production, aids in with normal healthy growth, development and body maintenance, normal functioning of nervous system, maintenance of normal hair, skin and aids in utilisation of Vit B Complex

B9. Folate (folic acid) is necessary for the production of red blood cells and for the synthesis of DNA (which controls heredity and is used to guide the cell in its daily activities). Folic acid also aids in with tissue growth and cell function. In addition, it supports increase appetite when needed and stimulates the formation of digestive acids. Necessary for normal absorption & utilization of calcium & phosphorus, cell division, normal bone structure, contributes to calcium & phosphorus absorption, maintenance of normal bones & teeth, muscle function, immune system function, role process of cell division. Contributes to cell protection from free radical damage, oxidative stress, preserve a healthy immune system, protects unsaturated fatty acids & Vit A against oxidation in the body, assist in cardiovascular health. Contributes to normal macronutrient metabolism, maintenance of normal blood glucose levels, vital for synthesis of cholesterol, fats & proteins. Contributes towards normal Iron transport and metabolism, forming of haemoglobin and red blood cells, cell protection from radical damage or oxidative stress, normal energy production, functioning of the nervous system, needed for healthy joints and nerves, normal skin & hair colouration, pigmentation, maintenance of normal connective tissue, with Zinc & Vit C form elastin for skin, normal function of the immune system, formation of bone and taste sensitivity. Promoting thyroid health. Reducing risk for some goitres. Managing overactive thyroid gland. Treating thyroid cancer. Neurodevelopment during pregnancy. Improving cognitive function. Improving birth weight. May help treat fibrocystic breast disease. Normal oxygen transport, energy production, immune system function, normal blood formation, normal neurological development in foetus, cognitive function, reduction of tiredness and fatigue. Contribute towards normal energy metabolism, nerve & muscle function, play role in transmission of nerve and muscle impulses, electrolyte balance, reduction of tiredness and fatigue, maintaining proper pH balance, protein synthesis, normal physiological function, teeth, bones, role in cell division, supports utilise carbs, fats, protein & minerals . Molybdenum. Contribute towards normal sulphur amino acid metabolism, encourages normal cell function, aids in activation of certain enzymes, bone growth and teeth strength. Acts as a potent antioxidant. May reduce ythis risk of certain cancers. May protect against heart disease. Aids in prevent mental decline. Is important for thyroid health. Boosts ythis immune system. May help reduce asthma symptoms. Necessary for normal immune system function, cell division, contributes to normal skin structure, acid-base metabolism, carbohydrate metabolism, cognitive function, DNA synthesis, fertility and reproduction, micronutrient metabolism, fatty acid metabolism, metabolism of Vit A, protein synthesis, normal taste & smell, maintenance of normal bones, hair & skin, testosterone levels in blood, normal vision, protection cells from oxidative stress, cell division, constituent of insulin & many vital enzymes, to preserve normal Vit E levels in blood and increase the absorption of Vitamin A.

Available at Elvare Group with fast, reliable delivery across South Africa.",taxable,1,,0,0,85.00,,"Health & Recovery, Vitatech","https://www.psychoskull.co.za/wp-content/uploads/2020/07/Psycho-Skull-Nutritech-Vitatech-Multi-Vitamin-Mineral-Active.png, https://www.psychoskull.co.za/wp-content/uploads/2020/07/Multi-Vitamin-Mineral-NI-Panel.jpg",,0,instock
simple,6009708967534,Nutritech – Probiotic 9,1,0,visible,"Daily wellness supplement to compliment ythis lifestyle.

Available at Elvare Group with fast, reliable delivery across South Africa.","Probiotic blend consisting of 9 strains:

When ingested on a regular basis, probiotics should improve or normalise micro bacterial balance in the human intestines and thereby improve the functioning of the digestive tract/gut. The fibre in inulin is soluble, which means it dissolves in water. It dissolves in the stomach and then forms a gelatinous substance that: slows digestion, increases fullness and removes cholesterol as it passes through the digestive tract. Bifidobacterium breve (BB-G95)

Bifidobacterium longum (BL-G301)

Bifidobacterium infantis (BI-G201

Lactobacillus acidophilus (LA-G80)

Lactobacillus plantarum (Lp-G18)

Lactobacillus casei (LC-G11)

Lactobacillus rhamnosus (Lr-G14)

Streptococcus thermophilus (St-G30)

Saccharomyces boulardii (SD-G19)

Fructo – Oligosaccharide

Available at Elvare Group with fast, reliable delivery across South Africa.",taxable,1,,0,0,105.00,,"Health & Recovery, Vitatech","https://www.psychoskull.co.za/wp-content/uploads/2020/07/Psycho-Skull-Nutritech-Vitatech-Probiotic.png, https://www.psychoskull.co.za/wp-content/uploads/2020/07/Probiotic-9-NI-Panel.jpg",,0,instock
simple,6009708967633,Nutritech – Vitamin C,1,0,visible,"Daily wellness supplement to compliment ythis lifestyle.

Available at Elvare Group with fast, reliable delivery across South Africa.","Vitamin C (Ascorbic Acid)

C.",taxable,1,,0,0,55.00,,"Health & Recovery, Vitatech","https://www.psychoskull.co.za/wp-content/uploads/2020/07/Psycho-Skull-Nutritech-Vitatech-Vitamin-C.png, https://www.psychoskull.co.za/wp-content/uploads/2020/07/VITAMIN-C-NI-Panel.jpg",,0,instock
simple,6009708967473,Nutritech – Zinc Tabs,1,0,visible,"Daily wellness supplement to compliment ythis lifestyle.

Available at Elvare Group with fast, reliable delivery across South Africa.","Necessary for normal immune system function, cell division, contributes to normal skin structure, acid-base metabolism, carbohydrate metabolism, cognitive function, DNA synthesis, fertility and reproduction, micronutrient metabolism, fatty acid metabolism, metabolism of Vit A, protein synthesis, normal taste & smell,  maintenance of normal bones, hair & skin, testosterone levels in blood, normal vision, protection cells from oxidative stress, cell division, constituent of insulin & many vital enzymes, to preserve normal Vit E levels in blood and increase the absorption of Vitamin A.

Available at Elvare Group with fast, reliable delivery across South Africa.",taxable,1,,0,0,75.00,,"Health & Recovery, Vitatech","https://www.psychoskull.co.za/wp-content/uploads/2020/07/Psycho-Skull-Nutritech-Vitatech-Zinc.png, https://www.psychoskull.co.za/wp-content/uploads/2020/07/Zinc-NI-Panel.jpg",,0,instock
simple,,UPA – Cardarine,1,0,visible,"Cardarine by UPA. A premium supplement formulated for optimal results. Available at Elvare Group with fast, reliable delivery across South Africa.","Cardarine by UPA. A premium supplement formulated for optimal results. Available at Elvare Group with fast, reliable delivery across South Africa.",taxable,1,,0,0,445.00,,"U.P.A, Performance",https://www.psychoskull.co.za/wp-content/uploads/2021/06/Psycho-Skull-SARMS-UPA-Cardarine.png,,0,instock
simple,,UPA – Ostarine,1,0,visible,"Ostarine by UPA. A premium supplement formulated for optimal results. Available at Elvare Group with fast, reliable delivery across South Africa.","Ostarine by UPA. A premium supplement formulated for optimal results. Available at Elvare Group with fast, reliable delivery across South Africa.",taxable,1,,0,0,445.00,,"U.P.A, Performance",https://www.psychoskull.co.za/wp-content/uploads/2021/06/Psycho-Skull-SARMS-UPA-Ostarine.png,,0,instock
simple,,UPA – Nutrobal 10mg,1,0,visible,"Nutrobal 10mg by UPA. A premium supplement formulated for optimal results. Available at Elvare Group with fast, reliable delivery across South Africa.","Nutrobal 10mg by UPA. A premium supplement formulated for optimal results. Available at Elvare Group with fast, reliable delivery across South Africa.",taxable,1,,0,0,495.00,,"U.P.A, Performance",https://www.psychoskull.co.za/wp-content/uploads/2021/06/Psycho-Skull-SARMS-UPA-Nutrobol.png,,0,instock
simple,,UPA – Anabolicum-LGD 10mg,1,0,visible,"Anabolicum-LGD 10mg by UPA. A premium supplement formulated for optimal results. Available at Elvare Group with fast, reliable delivery across South Africa.","Anabolicum-LGD 10mg by UPA. A premium supplement formulated for optimal results. Available at Elvare Group with fast, reliable delivery across South Africa.",taxable,1,,0,0,475.00,,U.P.A,https://www.psychoskull.co.za/wp-content/uploads/2021/06/Psycho-Skull-SARMS-UPA-Anabolicum.png,,0,instock
simple,,UPA – Testolone 10mg,1,0,visible,"Testolone 10mg by UPA. A premium supplement formulated for optimal results. Available at Elvare Group with fast, reliable delivery across South Africa.","Testolone 10mg by UPA. A premium supplement formulated for optimal results. Available at Elvare Group with fast, reliable delivery across South Africa.",taxable,1,,0,0,455.00,,"U.P.A, Performance",https://www.psychoskull.co.za/wp-content/uploads/2021/06/Psycho-Skull-SARMS-UPA-Testolone.png,,0,instock
simple,,TNT – Napalm,1,0,visible,"Nootropic Infused, high stimulant pre workout.","HARDCORE PRE-WORKOUT IGNITER

TYPICAL NUTRITIONAL INFORMATION

Servings Per Container: 20 / 40

Double Scoop
Single Scoop

Per 100 g
Per 35 g
Per 17,5 g
% NRV*

Energy
1306,6 kj
457,3 kj
228,6 kj

Protein
0,0 g
0,0 g
0,0 g
0%

Total Carbohydrates
4,57 g
1,6 g
0,8 g

  Of Which Sugars
0,0 g
0,0 g
0,0 g

Total Fibre
0,0 g
0,0 g
0,0 g

Sodium
1543 mg
540mg
270  mg

L-Citrulline DL-Malate 2:1 (L-Citrulline DL-Malate)

8000,0 mg
4000,0 mg

Creatine Monohydrate

5000,0 mg
2500,0 mg

Beta Alanine (3-Aminopropanoic acid)

3200,0 mg
1600,0 mg

L-Leucine ((25)-2-Amino-4-methylpentanoic acid)

3000,0 mg
1500,0 mg

Betaine Anhydrous (Trimethylglycine)

3000,0 mg
1500,0 mg

Taurine (2-Aminoethanesulfonic acid)

2500,0 mg
1250,0 mg

Alpha GPC (Alphasize) 50%

1200,0 mg
600,0 mg

(L-Alpha-glycerylphosphorylcholine)

Pink Himalayan Salt

1000,0 mg
500,0 mg

  (of which elemental) – 385mg per 35g serving

L-Tyrosine ((2S)-2-Amino-3-(4-hydroxyphenyl)

1000,0 mg
500,0 mg

propanoic acid)

Nicotinamide (Vitamin B3)

500,0 mg
250,0 mg

Caffeine Anhydrous (1,3,7-Trimethylxanthine)

400,0 mg
200,0 mg

Vitamin B6 (Pyridoxine hydrochloride /

70,0 mg
35,0 mg

Pyridoxal-5′-phosphate)

BioPerine (Piper nigrum extract (piperine))

10,0 mg
5,0 mg

Rauwolscine (Rauvolfia vomitoria root extract)

5,0 mg
2,5 mg

Huperzine A 1% (Huperzia serrata extract)

300 mcg
150 mcg

Vitamin B12 (Methylcobalamin)

100 mcg
50 mcg

*Nutrient Reference Values (NRVs) for individuals 4 years and older.

Available at Elvare Group with fast, reliable delivery across South Africa.",taxable,1,,0,0,525.00,,"Pre Workout, TNT Mercury","https://www.psychoskull.co.za/wp-content/uploads/2020/06/Napalm-PRE-Web-Front-Lid-1000x1000-1.webp, https://www.psychoskull.co.za/wp-content/uploads/2020/06/Ni-Panel.jpg",,0,instock
simple,,NPL – Vaso Pump 300g,1,0,visible,"STIMULANT FREE PRE-WORKOUT

- Stimulant Free

- Aids in Mental Focus

- Increase Muscle Pumps

- Increase Strength and Power

- Zero Carbs

- Zero Crash

Available at Elvare Group with fast, reliable delivery across South Africa.","FULLY LOADED WITH Potent INGREDIENTS TO TAKE YOUR WORKOUT TO THE NEXT LEVEL. VASO PUMP IS A HIGH IMPACT PRE-WORKOUT WITH ZERO CAFFEINE, Formulated to ENHANCE NITRIC OXIDE PRODUCTION, BOOSTING MUSCLE PUMP AND ENDURANCE, AS WELL AS INCREASING POWER

OUTPUT AND STRENGTH. TRAINING LATER IN THE EVENING SHOULD NOT STOP YOU FROM MAXIMIZING YThis WORKOUT, THIS FORMULATION HAS BEEN CREATED TO ACCELERATE PERFORMANCE, ENDURANCE AND POWER OUTPUT WHILE BOOSTING MENTAL FOCUS AND CONCENTRATION.

Available at Elvare Group with fast, reliable delivery across South Africa.",taxable,1,,0,0,420.00,,"Pre Workout, NPL",https://www.psychoskull.co.za/wp-content/uploads/2020/06/Psycho-Skull-NPL-Vaso-Pump-1.png,,0,instock
simple,6009879963069,NPL – GABA,1,0,visible,"GAMMA-AMINO BUTYRIC ACID

- 100% Pure

- Bolsters Fat Loss

- Increases Lean Muscle Mass

- Improves Sleep

- Supports Natural Growth Hormone Production

- Unflavoured

Available at Elvare Group with fast, reliable delivery across South Africa.","Description
HOW IT WORKS

Supplementing with GABA may assist with fat loss by boosting the production of hormones that help build lean muscle and burn fat. GABA is ideal for individuals seeking a more restful sleep, relaxation and balanced mood by supporting the nervous system and natural hormone production of the body. WHO SHOULD USE IT

GABA is ideal for both men and women, looking to improve sleep, amplify fat loss and prevent lean muscle breakdown. FULLY DISCLOSED FORMULA

NPL follows a non-proprietary blend policy, whereby we disclose all ingredients on this labels. This products are independently tested at random to ensure customer peace of mind. Consumer satisfaction and ensuring that Elvare Group provide products of the highest quality, is extremely important to us at NPL and we will never compromise on this. Elvare Group refuse to cut corners when providing the best supplements; supplements and nutrition that set the standard and most importantly, produce results.

Available at Elvare Group with fast, reliable delivery across South Africa.",taxable,1,,0,0,255.00,,"NPL, Health & Recovery",https://www.psychoskull.co.za/wp-content/uploads/2020/01/Psycho-Skull-NPL-GABA.png,,0,instock
simple,6009708881359,NPL – SHAPE & TONE,1,0,visible,"Stimulant Free Weight Management System

- Natural Energy

- Weight Loss Support

- Mental Focus

Available at Elvare Group with fast, reliable delivery across South Africa.","24 HOUR STIMULANT FREE BODY TONER THAT WORKS AROUND THE CLOCK. SHAPE & TONE IS STIMULANT FREE AND CONTAINS NATURAL ACTIVE INGREDIENTS THAT WORK SYNERGISTICALLY TO PROMOTE FAT METABOLISM AS WELL AS REDUCE STRESS AND FATIGUE

SHAPE & TONE IS A STIMULANT FREE 24-HThis WEIGHT MANAGEMENT SYSTEM THAT WILL ASSIST YOU IN BREAKING THROUGH YOUR WEIGHT LOSS PLATEAU.

Available at Elvare Group with fast, reliable delivery across South Africa.",taxable,1,,0,0,340.00,,"Fat Burners, NPL",https://www.psychoskull.co.za/wp-content/uploads/2020/01/Psycho-Skull-NPL-Shape-n-Tone.png,,0,instock
simple,6009708881366,NPL – APPETITE CONTROL,1,0,visible,"All-Essential Digestive Enzymes

- Reduced Bloating

- Nutrient Uptake

- Healthy Digestion

Available at Elvare Group with fast, reliable delivery across South Africa.","NATURALLY AND SAFELY REDUCE CRAVINGS AND SUPPRESS YThis APPETITE. Appetite Control utilities several natural ingredients to actively assist weight loss efforts and facilitate normal blood sugar levels, while promoting overall energy and vitality.

Available at Elvare Group with fast, reliable delivery across South Africa.",taxable,1,,0,0,265.00,,"Fat Burners, NPL",https://www.psychoskull.co.za/wp-content/uploads/2020/01/Psycho-Skull-NPL-Appetite-Control.png,,0,instock
simple,6009679915886,SSA – ZMA 90 Caps,1,0,visible,"ZMA 90 Caps by SSA. A premium supplement formulated for optimal results. Available at Elvare Group with fast, reliable delivery across South Africa.","ZMA is a powerful blend of zinc, magnesium and vitamin B6 that is known to give you a real boost in testosterone that will help improve ythis performance in the gym and in sport. These benefits include:

Muscle growth

Strength enhancement

Improved endurance

Faster recovery

Better quality of sleep

The 3 super ingredients found in this ZMA play the following role:

Zinc: An absolutely essential mineral that your body uses for metabolism, digestion, immunity and other areas of your well-being, particularly that of testosterone production. Magnesium: This mineral plays an essential role in energy creation, muscle and nerve function and improving sleep. Vitamin B6: Is needed for activating neurotransmitters and boosting nutrient metabolism. Once you start taking this potent product you can expect to see a boost in ythis muscle growth and performance. DIRECTIONS

Take 3 capsules before bedtime

Disclaimer

Seek advice from a health care professional before use if you have any pre-existing medical condition. Do not use if you are pregnant or nursing, or if you are being treated for heart disease or high blood pressure. Should not be used in conjunction with any prescription medication, including MAO inhibitors, stimulants or anti-depressants. Discontinue use and consult ythis doctor if any adverse reactions occur. KEEP OUT OF REACH OF CHILDREN.

Available at Elvare Group with fast, reliable delivery across South Africa.",taxable,0,,0,0,200.00,,"SSA, Aminos","https://www.psychoskull.co.za/wp-content/uploads/2019/11/Psycho-Skull-SSA-ZMA-90-Caps.png, https://www.psychoskull.co.za/wp-content/uploads/2019/11/ZMA.jpg",,0,outofstock
simple,,SSA – Premium Whey 908g,1,0,visible,"- Increased protein synthesis by 68%

- Stimulation of muscle growth

- Improved recovery and immune system bolster by increasing anabolic levels and decreasing catabolic levels

- Reduction of inflammation

- Production of cholecystokinin, a diet aid and efficient fat burner

Available at Elvare Group with fast, reliable delivery across South Africa.","A fundamental component of the SSA Core Series, SSA Pure Whey is a great tasting protein that has the wide range of benefits that you can come to expect from a whey protein of the highest quality. This blend of whey isolate, whey hydrolysate and whey concentrate creates the optimal amino uptake profile and the following additional benefits:

- Increased protein synthesis by 68%

- Stimulation of muscle growth

- Improved recovery and immune system support by increasing anabolic levels and decreasing catabolic levels

- Reduction of inflammation

- Production of cholecystokinin, a diet aid and efficient fat burner

Furthermore, this blend of whey contains an efficient dose of digestive enzymes. This potent combination would be a core product for any athlete and fitness enthusiast looking to make consistent progress. DIRECTIONS

- Take 2 rounded scoops in 200ml of water or milk

- Consume 1-3 times daily

Disclaimer
Seek advice from a health care professional before use if you have any pre-existing medical condition. Do not use if you are pregnant or nursing, or if you are being treated for heart disease or high blood pressure. Should not be used in conjunction with any prescription medication, including MAO inhibitors, stimulants or anti-depressants. Discontinue use and consult ythis doctor if any adverse reactions occur. KEEP OUT OF REACH OF CHILDREN.

Available at Elvare Group with fast, reliable delivery across South Africa.",taxable,1,,0,0,620.00,,"SSA, Protein","https://www.psychoskull.co.za/wp-content/uploads/2019/11/Psycho-Skull-SSA-Premium-Whey-908g.png, https://www.psychoskull.co.za/wp-content/uploads/2019/11/SSA_Pure_Whey_905g_nutrifacts.png",,0,instock
simple,6009679915831,SSA – Cramp Control 60 Caps,1,0,visible,"Cramp Control 60 Caps by SSA. A premium supplement formulated for optimal results. Available at Elvare Group with fast, reliable delivery across South Africa.","SSA Cramp Control is cramp relief formula, the ingredient of which is an extract from the   Maritime pine tree grown in an area in the southwest of France – commonly referred to as pine bark extract. This supplement has been shown to alleviate cramps by improving the blood flow in the body and particularly in areas that are experiencing trauma. SSA has received great feedback from the use of This supplement from its provincial and national level sponsored rugby players. It also improves overall fluid circulation in the body, thereby making sure that the entire body receives adequate relief in areas where fluid retention is likely to occur. Additionally, physical performance in strength and endurance athletes is also greatly improved due to the nitric oxide release benefits provided by pine bark extract. Extra benefits include:

- Stimulation to the immune system

- Prevention of infections

- Potent antioxidant effects

SSA Cramp Control is an extremely useful tool for athletes who suffer from the inhibiting effects of cramping and fluid retention, and indeed for those who suffer from night cramps and old age-related cramping. DIRECTIONS

- Take 1-2 capsules before training or bedtime

Disclaimer
Seek advice from a health care professional before use if you have any pre-existing medical condition. Do not use if you are pregnant or nursing, or if you are being treated for heart disease or high blood pressure. Should not be used in conjunction with any prescription medication, including MAO inhibitors, stimulants or anti-depressants. Discontinue use and consult ythis doctor if any adverse reactions occur. KEEP OUT OF REACH OF CHILDREN.

Available at Elvare Group with fast, reliable delivery across South Africa.",taxable,0,,0,0,210.00,,"SSA, Health & Recovery","https://www.psychoskull.co.za/wp-content/uploads/2024/06/Cramp-Control-BOGO.png, https://www.psychoskull.co.za/wp-content/uploads/2019/11/SSA_Cramp_Control_60_Caps_nutrifacts.png",,0,outofstock
simple,6009679915404,SSA – Testoblast 120 Caps,1,0,visible,"- Dramatic increases in muscle strength

- A notable reduction in cholesterol. - When taken at night, it leads to a deeper and more restful sleep. - Faster muscle recovery time.

Available at Elvare Group with fast, reliable delivery across South Africa.","Along with the already potent effects of the ZMA component, SSA TestoBlast combines the potent testosterone booster, tribulus terrestris. Tribulus terrestris is a plant with an extract that has been shown to:

- Boost testosterone levels

- Increase sex drive. The ingredients in this single combined product are exponentially compounded and result in the following:

- Increased stimulation of the luteinizing hormone which in turn aids in the body produce testosterone. - An overall increase in the body’s natural testosterone levels by up to 83%. This gives ythis testosterone levels a boost of up to 2-3 times that of the average man

- Dramatic increases in muscle strength

- A notable reduction in cholesterol. - When taken at night, it leads to a deeper and more restful sleep. - Faster muscle recovery time. This extremely potent product is a must have when looking to add that extra edge to ythis training. DIRECTIONS

- Take 4 Capsules in the morning &/or before bedtime

Disclaimer
Seek advice from a health care professional before use if you have any pre-existing medical condition. Do not use if you are pregnant or nursing, or if you are being treated for heart disease or high blood pressure. Should not be used in conjunction with any prescription medication, including MAO inhibitors, stimulants or anti-depressants. Discontinue use and consult ythis doctor if any adverse reactions occur. KEEP OUT OF REACH OF CHILDREN.

Available at Elvare Group with fast, reliable delivery across South Africa.",taxable,1,,0,0,220.00,,"SSA, Performance","https://www.psychoskull.co.za/wp-content/uploads/2019/11/Psycho-Skull-SSA-Testo-Blast-120-Caps.png, https://www.psychoskull.co.za/wp-content/uploads/2019/11/SSA_TestoBlast_120_Caps_nutrifacts.png",,0,instock
simple,6009679915411,SSA – Testoblast 60 Caps,1,0,visible,"- Dramatic increases in muscle strength

- A notable reduction in cholesterol. - When taken at night, it leads to a deeper and more restful sleep. - Faster muscle recovery time.

Available at Elvare Group with fast, reliable delivery across South Africa.","Along with the already potent effects of the ZMA component, SSA TestoBlast combines the potent testosterone booster, tribulus terrestris. Tribulus terrestris is a plant with an extract that has been shown to:

- Boost testosterone levels

- Increase sex drive. The ingredients in this single combined product are exponentially compounded and result in the following:

- Increased stimulation of the luteinizing hormone which in turn aids in the body produce testosterone. - An overall increase in the body’s natural testosterone levels by up to 83%. This gives ythis testosterone levels a boost of up to 2-3 times that of the average man

- Dramatic increases in muscle strength

- A notable reduction in cholesterol. - When taken at night, it leads to a deeper and more restful sleep. - Faster muscle recovery time. This extremely potent product is a must have when looking to add that extra edge to ythis training. DIRECTIONS

- Take 4 Capsules in the morning &/or before bedtime

Disclaimer
Seek advice from a health care professional before use if you have any pre-existing medical condition. Do not use if you are pregnant or nursing, or if you are being treated for heart disease or high blood pressure. Should not be used in conjunction with any prescription medication, including MAO inhibitors, stimulants or anti-depressants. Discontinue use and consult ythis doctor if any adverse reactions occur. KEEP OUT OF REACH OF CHILDREN.

Available at Elvare Group with fast, reliable delivery across South Africa.",taxable,1,,0,0,115.00,,"SSA, Performance","https://www.psychoskull.co.za/wp-content/uploads/2019/11/Psycho-Skull-SSA-Testo-Blast-60-Caps.png, https://www.psychoskull.co.za/wp-content/uploads/2019/11/SSA_TestoBlast_60_Caps_Nutrifacts-1.png",,0,instock
simple,6009679915640,SSA – Rhino Black Test Booster 90 Caps,1,0,visible,"Maximum testosterone support formula by SSA. Scientifically formulated with natural test-boosting ingredients to enhance strength, muscle mass, vitality, and overall male performance.

Available at Elvare Group with fast, reliable delivery across South Africa.","A great addition to the SSA Elite Series, Rhino is an extremely potent testosterone booster, the most powerful in the range and very popular worldwide. Any form of testosterone boosting will play an extremely vital role for male athletes and particularly so in This supplement with its key combination ingredients ashwagandha and cissus quadrangularis, which provide subsequent benefits such as:

- Significant increase in the rate of muscle building

- Upregulation of the time the body needs for muscle recovery

- Accelerated fat loss

- Increased sex drive through the action of the well-researched natural viagra, horny goat weed extract

Additionally, SSA Rhino contains estrogen and cortisol lowering compounds to ensure that the raised testosterone levels are peaked to optimum natural levels. Rhino is a completely natural and safe product that features no banned substances, making it the optimal tool for any athlete and fitness enthusiast. DIRECTIONS

- Take 6 capsules before bedtime

Disclaimer
Seek advice from a health care professional before use if you have any pre-existing medical condition. Do not use if you are pregnant or nursing, or if you are being treated for heart disease or high blood pressure. Should not be used in conjunction with any prescription medication, including MAO inhibitors, stimulants or anti-depressants. Discontinue use and consult ythis doctor if any adverse reactions occur. KEEP OUT OF REACH OF CHILDREN.

Available at Elvare Group with fast, reliable delivery across South Africa.",taxable,1,,0,0,230.00,,"SSA, Performance","https://www.psychoskull.co.za/wp-content/uploads/2019/11/SSARhinoBLACK180s.webp.jpeg, https://www.psychoskull.co.za/wp-content/uploads/2019/11/SSA_Hardcore_Rhino_90_Caps_nutrifacts.png",,0,instock
simple,6009679915633,SSA – Rhino Black Test Booster 180 Caps,1,0,visible,"Maximum testosterone support formula by SSA in a value 180-capsule size. Scientifically formulated with natural test-boosting ingredients to enhance strength, muscle mass, vitality, and overall male performance.

Available at Elvare Group with fast, reliable delivery across South Africa.","A great addition to the SSA Elite Series, Rhino is an extremely potent testosterone booster, the most powerful in the range and very popular worldwide. Any form of testosterone boosting will play an extremely vital role for male athletes and particularly so in This supplement with its key combination ingredients ashwagandha and cissus quadrangularis, which provide subsequent benefits such as:

- Significant increase in the rate of muscle building

- Upregulation of the time the body needs for muscle recovery

- Accelerated fat loss

- Increased sex drive through the action of the well-researched natural viagra, horny goat weed extract

Additionally, SSA Rhino contains estrogen and cortisol lowering compounds to ensure that the raised testosterone levels are peaked to optimum natural levels. Rhino is a completely natural and safe product that features no banned substances, making it the optimal tool for any athlete and fitness enthusiast. DIRECTIONS

- Take 6 capsules before bedtime

Disclaimer
Seek advice from a health care professional before use if you have any pre-existing medical condition. Do not use if you are pregnant or nursing, or if you are being treated for heart disease or high blood pressure. Should not be used in conjunction with any prescription medication, including MAO inhibitors, stimulants or anti-depressants. Discontinue use and consult ythis doctor if any adverse reactions occur. KEEP OUT OF REACH OF CHILDREN.

Available at Elvare Group with fast, reliable delivery across South Africa.",taxable,1,,0,0,400.00,,"SSA, Performance","https://www.psychoskull.co.za/wp-content/uploads/2019/11/SSARhinoBLACK180s.webp.jpeg, https://www.psychoskull.co.za/wp-content/uploads/2019/11/SSA_Hardcore_Rhino_90_Caps_nutrifacts.png",,0,instock
simple,,SSA – Hellfire 120g,1,0,visible,Extreme Energy & Focus Bolster Formula,"SSA’s ultimate pre-workout cocktail, Hellfire, is a mind-blowing energy stimulator that will give even experienced lifters the most focused and intense workouts. Hellfire has been formulated with cutting edge pre-workout ingredients and has two main components to its recipe:

- A strength and performance enhancing component that includes a powerful concentration on beta-alanine and creatine

- A NeuroStim Energy Complex with ingredients such as caffeine Anhydrous and Advantra-Z to ensure that ythis energy levels and focus abilities are razor sharp for the most intense of workouts. With this blend of pre-workout perfection, you are guaranteed to experience:

- Insane muscle pumps

- Explosive energy levels

- Increased recovery between sets

- Plateau breaking strength

- Laser accurate mental concentration

SSA Hellfire is the pinnacle of pre-workouts and will take ythis training sessions to another level. DIRECTIONS

- Take 2-4 level scoops in 250ml – 500ml of water

- Consume 15 – 30 minutes before ythis workout

Disclaimer
Seek advice from a health care professional before use if you have any pre-existing medical condition. Do not use if you are pregnant or nursing, or if you are being treated for heart disease or high blood pressure. Should not be used in conjunction with any prescription medication, including MAO inhibitors, stimulants or anti-depressants. Discontinue use and consult ythis doctor if any adverse reactions occur. KEEP OUT OF REACH OF CHILDREN. Features CAFFEINE. ATTENTION: Features A WADA PROHIBITED SUBSTANCE. NOT RECOMMENDED FOR PROFESSIONAL ATHLETES

Available at Elvare Group with fast, reliable delivery across South Africa.",taxable,1,,0,0,175.00,,"SSA, Pre Workout","https://www.psychoskull.co.za/wp-content/uploads/2019/11/Psycho-Skull-SSA-Hellfire-120g.png, https://www.psychoskull.co.za/wp-content/uploads/2019/11/SSA_HellFire_120g_Nutrifacts.png",,0,instock
simple,,SSA – Hellfire 240g,1,0,visible,Extreme Energy & Focus Bolster Formula,"SSA’s ultimate pre-workout cocktail, Hellfire, is a mind-blowing energy stimulator that will give even experienced lifters the most focused and intense workouts. Hellfire has been formulated with cutting edge pre-workout ingredients and has two main components to its recipe:

- A strength and performance enhancing component that includes a powerful concentration on beta-alanine and creatine

- A NeuroStim Energy Complex with ingredients such as caffeine Anhydrous and Advantra-Z to ensure that ythis energy levels and focus abilities are razor sharp for the most intense of workouts. With this blend of pre-workout perfection, you are guaranteed to experience:

- Insane muscle pumps

- Explosive energy levels

- Increased recovery between sets

- Plateau breaking strength

- Laser accurate mental concentration

SSA Hellfire is the pinnacle of pre-workouts and will take ythis training sessions to another level. DIRECTIONS

- Take 2-4 level scoops in 250ml – 500ml of water

- Consume 15 – 30 minutes before ythis workout

Disclaimer
Seek advice from a health care professional before use if you have any pre-existing medical condition. Do not use if you are pregnant or nursing, or if you are being treated for heart disease or high blood pressure. Should not be used in conjunction with any prescription medication, including MAO inhibitors, stimulants or anti-depressants. Discontinue use and consult ythis doctor if any adverse reactions occur. KEEP OUT OF REACH OF CHILDREN. Features CAFFEINE. ATTENTION: Features A WADA PROHIBITED SUBSTANCE. NOT RECOMMENDED FOR PROFESSIONAL ATHLETES

Available at Elvare Group with fast, reliable delivery across South Africa.",taxable,1,,0,0,305.00,,"SSA, Pre Workout","https://www.psychoskull.co.za/wp-content/uploads/2024/06/Psycho-Skull-SSA-NEW-Hellfire-Original.png, https://www.psychoskull.co.za/wp-content/uploads/2019/11/SSA_HellFire_240g_nutrifacts.png",,0,instock
simple,6009679915602,SSA – Alpha Nitrox 100 Caps,1,0,visible,"Alpha Nitrox 100 Caps by SSA. A premium supplement formulated for optimal results. Available at Elvare Group with fast, reliable delivery across South Africa.","There has been a large shift in the fitness industry from regular pre-workouts to stimulant free ones. So, for those of you who are sensitive to stimulants, but still want a good kicker when it comes to pre-workout energy and focus and a strong pump activator, SSA Alpha Nitrox is the product for you. Alpha Nitrox is chock full of extremely powerful ingredients that scientific research has shown to greatly increase ythis performance in the gym and help take your training up a notch or two. Arginine HCL and agmatine sulphate are two nitric oxide ingredients, while citrulline malate actually manufactures nitric oxide in the body. Vanadyl sulphate is a little known but most potent insulin stimulator which serves to push glycogen into the muscles to help maximize the pump. As a result, the benefits you can experience from a concentrated dose of these 2 super ingredients in Alpha Nitrox are:

- Reductions in Lactic Acid and Ammonia Buildup

- Delay in muscular fatigue

- Considerable production of Nitric Oxide

- Increased strength and performance during training

- Extreme muscle pumps

So, if you’re looking for a superb stimulant free pre-workout, look no further. DIRECTIONS

- Take 4 Capsules 30 minutes before ythis workout. Disclaimer
Seek advice from a health care professional before use if you have any pre-existing medical condition. Do not use if you are pregnant or nursing, or if you are being treated for heart disease or high blood pressure. Should not be used in conjunction with any prescription medication, including MAO inhibitors, stimulants or anti-depressants. Discontinue use and consult ythis doctor if any adverse reactions occur. KEEP OUT OF REACH OF CHILDREN.

Available at Elvare Group with fast, reliable delivery across South Africa.",taxable,0,,0,0,220.00,,SSA,"https://www.psychoskull.co.za/wp-content/uploads/2019/11/Psycho-Skull-SSA-Alpha-Nitrox-100-Caps.png, https://www.psychoskull.co.za/wp-content/uploads/2019/11/SSA_Alpha_Nitrox_100_Caps_nutrifacts.png",,0,outofstock
simple,6009679915855,SSA – Liver Support 90 Caps,1,0,visible,"Liver Support 90 Caps by SSA. A premium supplement formulated for optimal results. Available at Elvare Group with fast, reliable delivery across South Africa.","With a concentrated dose of prunella vulgaris and milk thistle, SSA Liver bolster is an all-encompassing liver cleansing and protection system. A liver bolster product is valuable to protect against the ravages of modern-day life such as alcohol and fast food, and serious gym junkies seeking to build muscle also need to help their liver process the extra protein consumed. Prunella vulgaris is a traditional Chinese herb that is known to remove heat from the liver while simultaneously protecting it. In addition, it doubles as an estrogen blocker. Milk thistle is a world-renowned substance that has been the go-to for anyone who has sought after liver health improvements and protection from liver damage and liver cancer. It’s also used to protect the liver against harmful, and even deadly, toxins that Elvare Group may ingest on a day-to-day basis. Studies have shown radical improvements in liver function in people with liver diseases who have taken a milk thistle supplement, demonstrating its effectiveness at reducing liver inflammation and liver damage.

Available at Elvare Group with fast, reliable delivery across South Africa.",taxable,1,,0,0,210.00,,"SSA, Health & Recovery","https://www.psychoskull.co.za/wp-content/uploads/2019/11/Psycho-Skull-SSA-Liver-Support.png, https://www.psychoskull.co.za/wp-content/uploads/2019/11/SSA_Liver_Support_90_Caps_nutrifacts.png",,0,instock
simple,,SSA – Anabolic Muscle Stack 908g Bag,1,0,visible,"- Extreme gains in muscular development and hypertrophy

- Insane boosts in strength and power

- Considerable rises in testosterone and anabolism

- Near instantaneous muscle recovery

Available at Elvare Group with fast, reliable delivery across South Africa.","SSA Anabolic Muscle is the next revolutionary step in mass gainers. This extremely potent mass gainer possesses the complete formula needed for you to add ridiculous size ythis physique. This unique blend of quality carbs and proteins along with the infusion of Tribulus Terrestris and Creatine will deliver that all muscle and strength pursuits in and around the gym are met with optimal results. You can expect the following from this remarkable muscle boosting shake:

- Extreme gains in muscular development and hypertrophy

- Insane boosts in strength and power

- Considerable rises in testosterone and anabolism

- Near instantaneous muscle recovery

From newbies to advanced lifters, this mass gainer is an epic addition for those seeking to pack on the pounds. DIRECTIONS

- Take 1-3 rounded scoops with 200ml-600ml of water or milk

- Consume 2-3 times daily

Disclaimer
Seek advice from a health care professional before use if you have any pre-existing medical condition. Do not use if you are pregnant or nursing, or if you are being treated for heart disease or high blood pressure. Should not be used in conjunction with any prescription medication, including MAO inhibitors, stimulants or anti-depressants. Discontinue use and consult ythis doctor if any adverse reactions occur. KEEP OUT OF REACH OF CHILDREN.

Available at Elvare Group with fast, reliable delivery across South Africa.",taxable,1,,0,0,155.00,,"SSA, Stacks, Accessories, Protein","https://www.psychoskull.co.za/wp-content/uploads/2022/03/Psycho-Skull-SSA-Anabolic-Muscle-1kg-New.png, https://www.psychoskull.co.za/wp-content/uploads/2019/11/SSA_Anabolic_Muscle_Nutrifacts_8950e4ae-f6c5-4c61-b707-ce06e9d93714.png",,0,instock
simple,,Nutritech – CASEIN 6HRS +,1,0,visible,"CASEIN 6HRS + by Nutritech. A premium supplement formulated for optimal results. Available at Elvare Group with fast, reliable delivery across South Africa.","ANTI-CATABOLIC
TIMED RELEASE PROTEIN

NUTRITECH CASEIN SLOW RELEASE has been specifically formulated as a slow releasing protein, taking from 6 – 8 hours to digest, with a complete amino acid complex to help fuel recovery and feed ythis muscles while you sleep. Loaded with protein, BCAAs, Glutamine and precursors. THE LOWDOWN
CASEIN PROTEIN
NUTRITECH CASEIN SLOW RELEASE is formulated from a specifically treated micro-fraction form Calcium Caseinate with potent anti-catabolic properties. Calcium Caseinate is a protein derived from the Casein in milk, taking longer to breakdown as opposed to Whey (instantized form of protein) and other proteins. This makes Calcium Caseinate the ideal choice for before bed or when you are going to go for extended periods of time with little or no protein. NUTRITECH CASEIN SLOW RELEASE promotes a positive Nitrogen balance in ythis body, allowing for optimized muscle repair and growth. Train Harder. Recover Quicker. Achieve Faster. THE LOWDOWN

BCAA ABSORPTION

NUTRITECH CASEIN SLOW RELEASE delivers a slow, timed and sustained release of essential amino acids to aid recovering muscles. The slower digestion of Casein Protein is as a result of its natural pH sensitivity to the low pH levels in the stomach.

Available at Elvare Group with fast, reliable delivery across South Africa.",taxable,1,,0,0,525.00,,"Nutritech, Protein","https://www.psychoskull.co.za/wp-content/uploads/2019/07/Psycho-Skull-Nutritech-New-Casein-Protein-Slow-Release.png, https://www.psychoskull.co.za/wp-content/uploads/2019/07/Casein-NI-Panel.jpg",,0,instock
simple,,NPL – Carni Lean Liquid 5000,1,0,visible,"L-CARNITINE FAT BURNER WITH COLLAGEN

- Concentrated Weight Management Liquid

- Appetite Suppressant

- Improve Skin Elasticity

- Zero Carbs

- Zero Sugar

- Features Collagen and Grapefruit Extract

Available at Elvare Group with fast, reliable delivery across South Africa.","THE POWER OF COLLAGEN AND L-CARNITINE FOR WEIGHT MANAGEMENT AND HEALTHY LOOKING SKIN. HIGHLY CONCENTRATED LIQUID THAT COMBINES THE LIPOTROPIC PROPERTIES OF L-CARNITINE, WITH THE POTENT SKIN AND TISSUE REGENERATION AND NOURISHMENT PROPERTIES OF COLLAGEN AND GRAPEFRUIT EXTRACT. CARNI LEAN COMBINES L-CARNITINE, GRAPEFRUIT EXTRACT AND GARCINIA CAMBOGIA TO Optimise your SKIN’S ELASTICITY, BOOST METABOLISM, STRENGTHEN HAIR AND JOINTS, AND PROTECT YOUR CARDIOVASCULAR HEALTH.

Available at Elvare Group with fast, reliable delivery across South Africa.",taxable,1,,0,0,315.00,,NPL,https://www.psychoskull.co.za/wp-content/uploads/2019/07/Psycho-Skull-NPL-Carni-Lean.png,,0,instock
simple,6009708880710,NPL – Water Cuts,1,0,visible,"ELECTROLYTE BALANCED DIURETIC

- Reduced Bloating

- Hydro Diuretic Complex

- Rapid Water Loss

- Muscle Definition

Available at Elvare Group with fast, reliable delivery across South Africa.","FAST ACTING NATURAL DIURETIC TO REMOVE EXCESSS WATER TO ACHIEVE A GREAT SHRED AND CUT. WATER CUTS IS A UNIQUE ALL-NATURAL DIURETIC THAT Incorporates THE MOST COMPREHENSIVE BLEND OF HERBAL EXTRACTS AND INGREDIENTS TO RAPIDLY LOSE WATER AND BLOAT TO REVEAL A LEAN TONED PHYSIQUE. REDUCE THE DREADED WATER BLOAT AND EXPERIENCE RAPID WATER LOSS TO REVEAL MORE MUSCLE DEFINITION.

Available at Elvare Group with fast, reliable delivery across South Africa.",taxable,1,,0,0,295.00,,NPL,https://www.psychoskull.co.za/wp-content/uploads/2019/07/Psycho-Skull-NPL-NEW-Water-Cuts.png,,0,instock
simple,6009879963021,NPL – Maltodextrin,1,0,visible,"COMPLEX CARBOHYDRATES

- 100% PURE

- Post Workout Recovery

- Amplify Muscle Growth

- Unflavoured

Available at Elvare Group with fast, reliable delivery across South Africa.","HOW IT WORKS

MALTODEXTRIN is an easily digestible complex carbohydrate derived from corn starch. It features virtually no protein, fat or fibre and is a rapidly metabolized source of energy for active individuals. Maltodextrin is metabolized at a slow, steady rate and therefore supports sustain energy levels during intense workouts. NPL’s Maltodextrin may also be used in conjunction with NPL’s BCAA 10:1:1 as an INTRA / POST workout. WHO SHOULD USE IT

If you are looking to rapidly improve endurance and increase energy during and after intense training, then Maltodextrin is a must. This supplement is suitable for both men and women. FULLY DISCLOSED FORMULA

NPL follows a non-proprietary blend policy, whereby we disclose all ingredients on this labels. This products are independently tested at random to ensure customer peace of mind. Consumer satisfaction and ensuring that Elvare Group provide products of the highest quality, is extremely important to us at NPL and we will never compromise on this. Elvare Group refuse to cut corners when providing the best supplements; supplements and nutrition that set the standard and most importantly, produce results. Typical Nutritional Information

Serving Size: 2 Level Scoops (Approx. 50g)
Per 100g
Per 50g Serving
% NRV* Per 50g Serving

Energy (kJ)
1536.0 kJ
768.0 kJ
–

Protein (g)
0.0 g
0.0 g
0%

Glycaemic Carbohydrate (g)
96.0 g
48.0 g
–

Of which: Total sugar (g)
16.3 g
8.2 g
–

Total Fat (g)
0.0 g
0.0 g
–

Of which: Saturated Fat (g)
0.0 g
0.0 g
–

Dietary Fibre (g)**
0.0 g
0.0 g
–

Total Sodium (mg)
30.0 mg
15.0 mg
–

Potassium (mg)
0.0 mg
0.0 mg
0%

Calcium (mg)
0.0 mg
0.0 mg
0%

Magnesium (mg)
0.0 mg
0.0 mg
0%

Phosphorous (mg)
0.0 mg
0.0 mg
0%

Maltodextrin (g)
100.0 g
50.0 g
–

* %NRV – Nutrient Reference Values for individuals older than 4 years. Not established

**AOAC 985.29

Ingredients: Malto Dextrin

Storage: To preserve product freshness. Store away from direct sunlight in a cool place (

Allergens: None known. This supplement is manufactured in a facility that uses materials containing milk, wheat, eggs, fish, peanuts, shellfish and tree nuts. (Allergen Control in Place)

Note/Warning: Consult ythis doctor prior to use. Not intended for use by persons under the age of 18. Do not use if you are pregnant r nursing unless prescribed by a sports physician/dietitian. Preserve an adequate state of hydration while using this product.

Available at Elvare Group with fast, reliable delivery across South Africa.",taxable,1,,0,0,235.00,,NPL,https://www.psychoskull.co.za/wp-content/uploads/2019/07/Psycho-Skull-NPL-Malto-Dextrin.png,,0,instock
simple,6009879963052,NPL – Dextrose,1,0,visible,"RAPID ENERGY

- 100% PURE

- Post Workout Recovery

- Amplify Muscle Growth

- Unflavoured

Available at Elvare Group with fast, reliable delivery across South Africa.","HOW IT WORKS

DEXTROSE is a rapidly metabolized source of energy which will rapidly replenish glycogen levels, making it the ideal post-workout supplement. This high glycemic index (GI) of Dextrose, will cause a rapid spike in ythis insulin levels, driving nutrients into your cells and aiding in efficient recovery and muscle growth after training. WHO SHOULD USE IT

If you are looking to rapidly increase muscle recovery after training as well as increase muscle growth, Dextrose is essential. This supplement is suitable for both men and women. FULLY DISCLOSED FORMULA

NPL follows a non-proprietary blend policy, whereby we disclose all ingredients on this labels. This products are independently tested at random to ensure customer peace of mind. Consumer satisfaction and ensuring that Elvare Group provide products of the highest quality, is extremely important to us at NPL and we will never compromise on this. Elvare Group refuse to cut corners when providing the best supplements; supplements and nutrition that set the standard and most importantly, produce results.

Available at Elvare Group with fast, reliable delivery across South Africa.",taxable,1,,0,0,265.00,,NPL,https://www.psychoskull.co.za/wp-content/uploads/2019/07/Psycho-Skull-NPL-Dextrose.png,,0,instock
simple,,NPL – Micellar Casein,1,0,visible,"NPL’s Casein Night Time Protein provides 22 g of premium-grade, slow release protein in each serving. Casein offers a steady stream of amino acids to muscle cells for up to seven hours

Available at Elvare Group with fast, reliable delivery across South Africa.","SLOW-RELEASE NIGHT TIME PROTEIN

NPL’s Casein Night Time Protein provides 22 g of premium-grade, slow release protein in each serving. Casein offers a steady stream of amino acids to muscle cells for up to seven hours. This ensures positive nitrogen retention for much longer periods compared to that of whey protein. Casein is best used in the evening allowing for extended protein absorption and steady protein synthesis. Features and benefits:

22g protein per serving

5 000 mg L-glutamine for improved recovery. Slow-release protein source. Encourages greater muscle and strength development. Creates positive nitrogen retention and encourages an optimal anabolic environment.

Available at Elvare Group with fast, reliable delivery across South Africa.",taxable,1,,0,0,620.00,,"NPL, Protein",https://www.psychoskull.co.za/wp-content/uploads/2019/03/Psycho-Skull-NPL-New-Casein.png,,0,instock
simple,,NPL – PRO GAINS 1kg,1,0,visible,"Pro-gains contains 50 grams of premium-grade protein, ensuring optimised nitrogen retention through a multi-stage protein release mechanism.

Available at Elvare Group with fast, reliable delivery across South Africa.","PREMIUM MASS GAINER

NPL’s Pro-Gains is a premium sports supplement formulated to encourage muscle hypertrophy. Pro-gains is a high protein shake, complete with complex carbohydrates, designed for individuals seeking to maximise lean muscle gains. Pro-gains contains 50 grams of premium-grade protein, ensuring optimised nitrogen retention through a multi-stage protein release mechanism. This system encourages lean muscle mass, strength gains, and enhances muscle recovery. A precise ratio of fast digesting whey protein isolate, whey protein hydrolysate, and whey protein concentrate has been included for rapid amino acid uptake. Calcium caseinate, soy protein isolate, and egg albumin provide a slower release of amino acids to create the optimal anabolic environment for muscle hypertrophy and recovery. Pro-Gains ensures rapid post-workout muscle glycogen replacement for optimal muscle recovery. In addition, Pro-Gains offers a sustained energy release by utilising a multi-stage carbohydrate release system to assist with lean mass gains. Furthermore, Pro-gains offers 10 grams of naturally occurring BCAAs and 10 grams of L-glutamine which have been shown to aid in protein synthesis, decrease the rate of protein breakdown, and assist with muscle recovery. Features and benefits:

50g protein per serving

82g Carbohydrates per serving

7 Protein sources (Whey protein concentrate, isolate, and hydrolysate, soy protein isolate, milk protein, egg albumen, and calcium caseinate). Multi-stage release. Added BCAA’s and L-glutamine. Amplify strength and performance.

Available at Elvare Group with fast, reliable delivery across South Africa.",taxable,1,,0,0,305.00,,NPL,https://www.psychoskull.co.za/wp-content/uploads/2019/03/Psycho-Skull-NPL-Pro-Gains-1kg.png,,0,instock
simple,6009879963076,NPL – Beta Alanine,1,0,visible,"ALL NATURAL AMINO ACID

- 100% Pure

- Muscular Endurance

- Workout Performance

- Train Harder for Longer

- Unflavoured

Available at Elvare Group with fast, reliable delivery across South Africa.","Description
HOW IT WORKS

BETA ALANINE is an all-natural amino acid that has been scientifically proven to encourage increased power output and anaerobic endurance during training. Beta Alanine aids in you train harder for longer. Research studies have shown that Beta Alanine supplementation can not only boost performance, but also bolster an increase in lean muscle mass. The NPL Pure Series brings only pure, high quality, single ingredients together to further enhance ythis training results. Every product is of the absolute highest quality guaranteed and is backed by compelling scientifically proven data or research to warrant it. Pure Series ingredients are made of the very finest pharmaceutical grade components and can be used by adding to ythis daily nutritional intake or as standalone product for nutritional support. Pure Series ingredients are made of the finest pharmaceutical grade components and can be used by adding to ythis daily nutritional intake or as a standalone product for nutritional support. WHO SHOULD USE IT

Beta Alanine is ideal for both men and women, looking to improve their workout in order to train harder, for longer. If you are looking to enhance endurance, boost ythis performance and increase your lean muscle mass, then Beta Alanine is essential. FULLY DISCLOSED FORMULA

NPL follows a non-proprietary blend policy, whereby we disclose all ingredients on this labels. This products are independently tested at random to ensure customer peace of mind. Consumer satisfaction and ensuring that Elvare Group provide products of the highest quality, is extremely important to us at NPL and we will never compromise on this. Elvare Group refuse to cut corners when providing the best supplements; supplements and nutrition that set the standard and most importantly, produce results.

Available at Elvare Group with fast, reliable delivery across South Africa.",taxable,0,,0,0,210.00,,"NPL, Aminos",https://www.psychoskull.co.za/wp-content/uploads/2019/03/Psycho-Skull-NPL-Beta-Alanine.png,,0,outofstock
simple,,Hyper Burn,1,0,visible,"Hyper Burn. A premium supplement formulated for optimal results. Available at Elvare Group with fast, reliable delivery across South Africa.","HYPER BURN

Ephedrine and Caffeine work together synergistically. When stacked, the combined effects of Ephedrine, Caffeine and Aspirin are far greater than the sum of their effects when used alone. HYPER BURN assists in increasing weight loss, heightens athletic performance and boosts energy. Ephedrine dosing schedules may vary in relation to body weight and weight loss goals. Do not exceed 75-100mg dosages of Ephedrine in 24 hours. Do not take HYPER BURN on an empty stomach. Preferably take HYPER BURN 45 minutes to 1 hthis before meals, but no more than 3 times per day. When starting out with HYPER BURN, the recommended dosage is one per day, preferably 30 minutes before ythis workout, 30 minutes before breakfast or first thing in the morning. FAT BURNING:

Take one capsule before breakfast, lunch & training. Test ythis tolerance levels first before deciding to take more capsules throughout the day. ENERGY:

Take one or two capsules before training.

Available at Elvare Group with fast, reliable delivery across South Africa.",taxable,0,,0,0,400.00,,Fat Burners,https://www.psychoskull.co.za/wp-content/uploads/2019/03/Psycho-Skull-Hyper-Burn.png,,0,outofstock
simple,,Lipotroxin Fat burner,1,0,visible,"Lipotroxin Fat burner. A premium supplement formulated for optimal results. Available at Elvare Group with fast, reliable delivery across South Africa.","- Buchu Leaf, Couchgrass Rhizome, Hydrangea Root, Uva Ursi Leaf, Dandelion Root, Ephedrea Extract, Vit B6, Magnesium , L-Taurine. - 500mg per tab

- 60 caps

Available at Elvare Group with fast, reliable delivery across South Africa.",taxable,1,,0,0,370.00,,Fat Burners,https://www.psychoskull.co.za/wp-content/uploads/2019/03/Psycho-Skull-Lipotroxin.png,,0,instock
simple,,Beesting Fat Burner,1,0,visible,"Beesting Fat Burner. A premium supplement formulated for optimal results. Available at Elvare Group with fast, reliable delivery across South Africa.","Ingredients:

Yohimbe

Caffeine

Aspirin

Hydroxide Citric Acid

Ephedra (Alkaloids) 550mg

Within minutes of taking them you will feel all the compounds working for you :

• suppresses appetite

• incinerates fat

• explosive energy

• continues to work for 24 hours

Targets female problem areas:

• thighs

• glutes

• stomach

• back of arm

Unlike standard fat-burning formulas, whose effects come and go quickly, these ingredients are active for an extended period of time, which means that the appetite-suppressing and fat-burning effects of Bee Sting continue to work 24 hours allowing you to consistently lose weight around the clock. Bee Sting – ensures a rapid and almost instant uptake of its appetite-suppressing, fat-burning and energy-promoting ingredients. Bee Sting is the only fat burner that offers speed and duration. A quick and rapid onset of its potent fat-burning and energy-promoting effects, combined with a controlled and extended release, will ensure maximum results day and night. No other fat burner is this strong.

Available at Elvare Group with fast, reliable delivery across South Africa.",taxable,1,,0,0,360.00,,Fat Burners,https://www.psychoskull.co.za/wp-content/uploads/2019/03/Psycho-Skull-Beesting-New.png,,0,instock
simple,,Heat Fat Burner,1,0,visible,"Heat Fat Burner. A premium supplement formulated for optimal results. Available at Elvare Group with fast, reliable delivery across South Africa.","S Pharmaceuticals – Heat 60 Capsules

- Appetite & Craving Suppress

- Thermogenic Fat Loss

- Speed Up Metabolism

- Energy & Endurance

- Effects Last Up To 4 Hours

HEAT is a powerful thermogenic enhancer, which burns fat and accelarates ythis metabolism. This awesome combination, enables you to train at peak performance and provides you with the stamina you need to maintain a high level of intensity during ythis workout. HEAT specializes in cutting abdominal and lower body fat. Effectiveness:
This supplement is rated 8.5 out of 10. Safety Warnings:
Warning: KEEP OUT OF REACH OF CHILDREN. Do not exceed the recommended dosage. Do not combine product with other stimulants. This supplement should not be taken by pregnant or nursing women. Not for use by those who have high blood pressure, diabetes, heart, liver or kidney disorders or are taking prescription, medication including MAO inhibitors and over the counter medications. Sport Friendly = No

WARNING FOR PROFESSIONAL ATHLETES:  This supplement CONTAINS STIMULANTS THAT WILL GIVE YOU A UNFAIR ADVANTAGE IN SPORTS COMPETITION. DO NOT USE IF YOU ARE A SUBJECT TO A SPORTS BODY DRUG TEST. THESE STIMULANTS EFFECTS CAN LAST FOR UP TO 6 HOURS AND THEY HAVE A DETECTION TIME OF UP TO 24 HOURS. PRODUCT IS FOR PERSONAL USE BY HEALTHY ADULTS. Directions

Suggested use for training days:Take 1-2 capsules on an empty stomach 40 min before training or exercise. Suggested use for non training days:

Take 1-2 capsules on an empty stomach 40 min before breakfast. DO NOT EXCEED 6  CAPSULES IN ANY 24 HThis PERIOD. IF SENSITIVE TO STIMULANTS, DO NOT TAKE WITHIN 6 HOURS OF SLEEP. INCREASE WATER INTAKE. Stack with other products? Stacks good with Lava, Detox Plus, Anti-Aging, Multivitamin and all other stimulant free products.

Available at Elvare Group with fast, reliable delivery across South Africa.",taxable,1,,0,0,340.00,,Fat Burners,https://www.psychoskull.co.za/wp-content/uploads/2019/03/Psycho-Skull-Heat.png,,0,instock
simple,,Venom Fat burner,1,0,visible,"Venom Fat burner. A premium supplement formulated for optimal results. Available at Elvare Group with fast, reliable delivery across South Africa.","Venom Fat Burner is one of the many fat burners that have blasted onto the diet and nutrition supplement market. … Cocoamine is a cocoa extract which the makers of Venom Fat Burner have discovered contain the beneficial ingredients in cocoa but avoid the ingredients that are not so beneficial such as the fat and sugar.

Available at Elvare Group with fast, reliable delivery across South Africa.",taxable,1,,0,0,340.00,,Fat Burners,https://www.psychoskull.co.za/wp-content/uploads/2019/03/Psycho-Skull-Venom-Fat-Burner.png,,0,instock
simple,,NPL – N.O. SHOCK,1,0,visible,"TOTAL PERFORMANCE PRE-WORKOUT

- Muscle Pump and Power Matrix (4735mg)

- Muscle Performance Matrix (4050mg)

- Energy and Cognitive Function Matrix (2175mg)

- Shock Stack (13955mg)

Available at Elvare Group with fast, reliable delivery across South Africa.","A RADICAL PRE-WORKOUT FORMULA WITH AN EXTREME SHOCK STACK FOR HARDCORE NEEDS. SHOCK IS DESIGNED FOR FITNESS ENTHUSIASTS, HIGH-PERFORMANCE ATHLETES, CROSS-FITTERS, BODYBUILDERS AND ANYONE LOOKING TO BOOST PERFORMANCE AND GET THE MOST FROM THEIR WORKOUTS! YThis SEARCH FOR THE BEST PRE-WORKOUT ENDS HERE! SHOCK IS STRATEGICALLY FORMULATED WITH THERAPEUTICALLY DOSED INGREDIENTS THAT INCLUDE CREATINE, AMINOS, POTENT HERBAL EXTRACTS, COGNITIVE BOOSTERS AND LACTIC ACID BUFFERS. A TRULY FULLY COMPREHENSIVE WORLD-CLASS PRE-WORKOUT.

Available at Elvare Group with fast, reliable delivery across South Africa.",taxable,1,,0,0,360.00,,"Pre Workout, NPL",https://www.psychoskull.co.za/wp-content/uploads/2019/01/Psycho-Skull-NPL-NO-Shock.png,,0,instock
simple,6009879963083,NPL – Creatine Monohydrate 150g,1,0,visible,"100% PURE

- Micronized

- Increases Lean Muscle Growth

- Promotes Muscle Recovery

- Increases Strength

- Buffers Lactic Acid Buildup

Available at Elvare Group with fast, reliable delivery across South Africa.","HOW IT WORKS 

NPL’s Micronized CREATINE MONOHYDRATE offers the purest, most readily absorbed form of creatine available. Through many clinical studies, creatine has been shown to be efficient in increasing strength, power, and anaerobic endurance. Creatine is stored as phosphocreatine in the muscle tissue. This substance offers energy for muscular contractions. Phosphates produced from creatine are needed for regenerating adenosine triphosphate (ATP) molecules, which is the main fuel for the enzyme motors of the muscle in high-intensity training. This, in turn, increases energy levels and optimises recovery rates. Creatine supplementation has also shown to buffer lactic acid build up during training. WHO SHOULD USE IT 

Creatine Monohydrate is ideal for individuals looking to increase strength, lean muscle tissue and improve recovery. Ideal for both men and women. FULLY DISCLOSED FORMULA 

NPL follows a non-proprietary blend policy, whereby we disclose all ingredients on this labels. This products are independently tested at random to ensure customer peace of mind. Consumer satisfaction and ensuring that Elvare Group provide products of the highest quality, is extremely important to us at NPL and we will never compromise on this. Elvare Group refuse to cut corners when providing the best supplements; supplements and nutrition that set the standard and most importantly, produce results.

Available at Elvare Group with fast, reliable delivery across South Africa.",taxable,1,,0,0,170.00,,"NPL, Creatine",https://www.psychoskull.co.za/wp-content/uploads/2018/11/Psycho-Skull-NPL-Creatine-Mono-150g.png,,0,instock
simple,6009879963113,NPL – L-Glutamine 150g,1,0,visible,"ANTI-CATABOLIC AMINO ACID

- Pure Pharmaceutical Grade L-Glutamine

- Optimizes Muscle Recovery

- Increases Protein Synthesis

- Bolsters Immune System

Available at Elvare Group with fast, reliable delivery across South Africa.","Description
HOW IT WORKS

Ythis body is in constant need of Glutamine. L-Glutamine is the most abundant amino acid in the human body. Intense training, as well as mental and physical stress, causes glutamine levels to drop rapidly, which leaves ythis body feeling stiff and tired. Supplementing with L-Glutamine will preserve lean muscle tissue and improve recovery. This essential nutrient plays a key role in growth hormone facilitation which in turn assists in decreasing body fat and increasing lean muscle tissue. L-Glutamine assists in the buffering of lactic acid and encourages a healthy digestive system. When using powder, one can expect enhanced endurance, improved immunity and rapid recovery. WHO SHOULD USE IT

L-Glutamine is ideal for individuals looking to preserve lean muscle tissue and improve recovery. If you are looking to enhance endurance, strengthen ythis immune system as well as rapidly speed up your recovery after training or exercise, then L-Glutamine is vital. FULLY DISCLOSED FORMULA

NPL follows a non-proprietary blend policy, whereby we disclose all ingredients on this labels. This products are independently tested at random to ensure customer peace of mind. Consumer satisfaction and ensuring that Elvare Group provide products of the highest quality, is extremely important to us at NPL and we will never compromise on this. Elvare Group refuse to cut corners when providing the best supplements; supplements and nutrition that set the standard and most importantly, produce results.

Available at Elvare Group with fast, reliable delivery across South Africa.",taxable,1,,0,0,150.00,,"NPL, Aminos, Health & Recovery",https://www.psychoskull.co.za/wp-content/uploads/2018/11/Psycho-Skull-NPL-L-Glutamine-150g.png,,0,instock
simple,6009879963533,NPL – Test Surge,1,0,visible,"TESTOSTERONE SUPPORT

- Raise Testosterone Levels

- Increase Performance

- Lean Muscle Gains

- ZMA, Fenugreek, Tribulus

Available at Elvare Group with fast, reliable delivery across South Africa.","HEALTHY TESTOSTERONE LEVELS ARE CRUCIAL FOR OPTIMAL LIVING. TEST SURGE COMBINES OPTIMAL DOSES OF RESEARCH PROVEN INGREDIENTS TO GIVE YOU A POTENT TESTOSTERONE Bolster STACK. TEST SURGE INCREASES TESTOSTERONE LEVELS BY UTILISING PROVEN RESEARCHED INGREDIENTS ZMA, TRIBULUS TERRESTRIS AND FENUGREEK TO SAFELY RAISE TESTOSTERONE LEVELS.

Available at Elvare Group with fast, reliable delivery across South Africa.",taxable,0,,0,0,235.00,,"NPL, Performance",https://www.psychoskull.co.za/wp-content/uploads/2018/10/Psycho-Skull-NPL-Test-Surge-100-Caps.png,,0,outofstock
simple,,NPL – Platinum Whey 908g,1,0,visible,"Platinum Whey is a delicious and premium 100% whey protein supplement that is ideal for anyone looking to increase their daily protein intake.

Available at Elvare Group with fast, reliable delivery across South Africa.","100% PURE WHEY PROTEIN

Platinum Whey is a premium protein supplement that is ideal for active individuals, whether professional or recreational, or for health-conscious individuals looking to increase their daily protein intake. Whey protein has a high biological availability and features all the essential amino acids. Furthermore, whey protein is high in Branched Chain Amino Acids which are necessary for stimulating muscle protein synthesis following training or exercise. In addition, Platinum Whey offers a great source of vitamins and minerals that may promote bone health, improve muscle function, and promote lean muscle mass. Features and benefits:

23g Protein per serving

Internationally sourced whey protein. Delicious Taste and Ultra creamy texture.

Available at Elvare Group with fast, reliable delivery across South Africa.",taxable,0,,0,0,560.00,,"NPL, Protein",https://www.psychoskull.co.za/wp-content/uploads/2018/10/Psycho-Skull-NPL-Platinum-Whey-2lbs.png,,0,outofstock
simple,,HD Labs – Simply Shredded Fat Burner,1,0,visible,"• Increases mental focus

• Supresses ythis appetite

• Enhances your energy levels

• Tones your muscles

Available at Elvare Group with fast, reliable delivery across South Africa.","HD Simply Shredded separates itself from other fat burners due to the fact that

it features ingredients such as:  Sodium Lauryl Sulphate , Magnesium Sterate , Bioperine , Chromium Polyniconate , Vitamin B12 , Vitamin B6 , Ostarine , Synophrine , Yohimbe 98% , Sibutramine , DMAA , Nicotinic acid , Beta-alanine , Caffeine AH 98% , Irvingia Extract 120:1. Warning: Do not use if you are sensitive to caffeine, being diagnosed with high blood pressure or any heart condition, pregnant or nursing, or have any know pre-existing medical condition, or if you are taking any prescription or over the counter medication. Avoid using with any other products containing high caffeine levels. To avoid insomnia, drink at least 3-6 glasses of water per day, while using this product.

Available at Elvare Group with fast, reliable delivery across South Africa.",taxable,1,,0,0,410.00,,"Fat Burners, HD Labs",https://www.psychoskull.co.za/wp-content/uploads/2022/07/Psycho-Skull-HD-Labs-Simply-Shredded-Fat-Burner.png,,0,instock
simple,6009835080885,TNT – CREATINE MONO 200g,1,0,visible,"The most studied natural performance aid with proven muscle performance benefits.

Available at Elvare Group with fast, reliable delivery across South Africa.","TNT Mercury Creatine is a naturally occurring amino acid that’s found in meat and fish, and also made by the human body in the liver, kidneys, and pancreas. It is converted into creatine phosphate or phosphocreatine and stored in the muscles, where it is used for energy. TNT Mercury Creatine amplifies the body’s capacity to perform high-intensity work (and assists greater muscle size and performance gains as a result). TNT Mercury Creatine (creatines high energy molecule form, stored within cells) is used to supply the type 2B muscle fibers (the ones that get largest in size) with immediate energy, ensuring these muscles do not prematurely fatigue. Another important benefit for bodybuilders and strength athletes is creatines muscle volumizing effect. TNT Mercury Creatine produces a more heavily muscled appearance and more importantly, serves as a stimulus for protein synthesis. TNT Mercury Creatine strengthens the muscular contraction of these fast-twitch fibers and aids in the athlete to pump out more reps, sprint at a faster rate, or engage more forcefully in whatever sport or type of exercise they take part in. Supplementing with TNT Mercury creatine allows the muscles to store more of this high-energy molecule to provide greater gains in strength and muscle. TYPICAL NUTRITIONAL INFORMATION

CREATINE MONOHYDRATE

INCREASES MUSCLE STRENGTH & SIZE Amplifies RECOVERY & MUSCLE PUMP, IMPROVES SPRINT PERFORMANCE

INGREDIENTS:
Creatine Monohydrate

ALLERGENS:
None. This supplement is made in a factory that uses dairy, soy, egg, and gluten (wheat, oats, and barley). DIRECTION FOR USE:
For the first 3 days (loading phase): Mix 1 scoop with 150ml of water and consume 4 times daily. After day 3 (maintenance phase): Mix 1 scoop with 150ml of water 1 to 2 times daily. ALTERNATE USE:
For more impressive results, replace water with a high glycemic carbohydrate beverage or supplement like TNT Mercury Rapid Fire or Vitargo.

Available at Elvare Group with fast, reliable delivery across South Africa.",taxable,1,,0,0,210.00,,"Creatine, TNT Mercury",https://www.psychoskull.co.za/wp-content/uploads/2018/10/Psycho-Skull-TNT-Creatine-Mono-200g.png,,0,instock
simple,6009880811236,TNT – Anabolic Beast,1,0,visible,"Anabolic Beast features every proven active ingredient for natural testosterone enhancement. Anti-Aromatase and Test Uptake support.

Available at Elvare Group with fast, reliable delivery across South Africa.","Anabolic Beast features every proven and industry regarded active ingredient when it comes to natural testosterone enhancement. The key objective of Anabolic Beast is to compile a formula of proven ingredients and offer the customer the very best in this category that money can buy. Put simply Elvare Group are continuously striving to preserve and build more muscle. Once you have forced the muscle into an overloaded state it is imperative you remain as anabolic as you can so the muscle repairs itself and can restore output to optimal levels again before you hit the weights the next day. This desired state is offered by anabolic beast by stimulating the secretion of LH (luteinizing hormone) which in turn signals the body to optimize its natural free testosterone levels. Higher free testosterone levels result in stronger and more resilient muscles as well as drastically improved recovery time. The second mechanism by which Anabolic Beast is able to aid in this desired anabolic state is by the prevention of testosterone conversion to oestrogen. When testosterone is at optimal levels, uptake is optimized and the conversion of it to oestrogen is inhibited, an athlete trains in a far more efficient and superior hormonal state which bolsters athletic performance, recovery and muscle output. Anabolic Beast satisfies all these critical requirements. A single pack daily is prescribed to optimize training and recovery. TYPICAL NUTRITIONAL INFORMATION

ANABOLIC BEAST

Bolster NATURAL TESTOSTERONE LEVELS STRENGTH AND MUSCLE GAIN. ANABOLIC Bolster DAILY PACK

TYPICAL NUTRITIONAL INFORMATION

Servings Per Container: 25

Per Sachet

Strength & Test Release Booster

D-Aspartic acid
2500 mg

(D-AA); (2R)-2-aminobutanedioic acid

Mega Testosterone Support Complex

Tongkat Ali (Longjack LJ-100™) –
100 mg

Eurycome Longifolia extract 100:1

Tribulus Terrestris extract 45%
700 mg

(Standardized to 45% steroidal saponins)

Fenugreek seed extract 50%
500 mg

(Standardized to 50% Furostanol Saponins)

Vitamin B6 (Pyridoxine HCl)
11 mg

Zinc (mon-L-methionine sulphate)
30 mg

Magnesium Aspartate
450 mg

(Magnesium L-aspartate)

Anti-Aromatase / Test Uptake Support

3,3’- Diindolylmethane (DIM)
250 mg

Vitamin D3 (cholecalciferol)
50 mcg

Vitamin B9 (Folic Acid/Folate)
900 mcg

L-Theanine (L -γ-glutamylethylamide)
200 mg

Bioperine™
5 mg

(Black pepper extract – Piperine extract 95%)

Boron (Boron amino acid chelate 5%)
100 mg

Vitamin B3 (Niacin/Nicotinic acid)
20 mg

Vitamin B12 (Cyanocobalamin)
12 mcg

*Nutrient Reference Values (NRVs) for individuals 4 years and older. Na – No set NRV. Information as per Supplier/Manufacturer Ingredient Information Files. INGREDIENTS:
Cellulose, Calcium phosphate, Silicone dioxide (dessicant), Gelatin capsules (Bovin origin – Halaal), Magnesium stearate (lubricant), Polyvinylpovidone PVP (binder), Partially pre-gelatinized starch (disintegrant), Flexicoat™ Protect™ Red coating (tablet coating), Flexicoat™ Protect™ White coating (tablet coating)

DIRECTION FOR USE:
Take one pack daily on training days, 30 minutes prior to exercise. On non training days take first thing in the morning on an empty stomach. For best results, cycle This supplement following a schedule of three weeks on and one week off. Do not exceed recommended dosage. Suitable for athletes subject to dope testing restrictions.

Available at Elvare Group with fast, reliable delivery across South Africa.",taxable,0,,0,0,495.00,,TNT Mercury,https://www.psychoskull.co.za/wp-content/uploads/2018/08/Psycho-Skull-TNT-Anabolic-Beast-NEW.png,,0,outofstock
simple,6009704810544,Nutritech – Omega 3,1,0,visible,"ESSENTIAL FATTY ACIDS SUPPORTS METABOLISM

Encourages A HEALTHY HEART + IMMUNE SYSTEM

Available at Elvare Group with fast, reliable delivery across South Africa.","NUTRITECH OMEGA 3 is a naturally sourced fish oil, formulated to supplement your diet with essential fatty acids. NUTRITECH OMEGA 3 Fish Oil SoftGels are free from potentially harmful contaminants such as mercury, heavy metals, PCS’s, dioxins and other contaminants.

Available at Elvare Group with fast, reliable delivery across South Africa.",taxable,1,,0,0,170.00,,"Nutritech, Health & Recovery","https://www.psychoskull.co.za/wp-content/uploads/2018/06/Psycho-Skull-Nutritech-Omega-3.png, https://www.psychoskull.co.za/wp-content/uploads/2018/06/Omega-3-NI-Panel.jpg",,0,instock
simple,6009802884249,Nutritech – DAA ALPHA 120 Caps,1,0,visible,"Boost testosterone levels and build muscle! NutriTech’s DAA has been specifically formulated to increase cyclic AMP in the receiving nerves. DAA amplifies the release of GnRH (the hormone that tells the Pituitary that testosterone levels are falling), as well as the hormones oxytocin and vasopressin in the Neuroendocrine Axis (the Hypothalamus and Pituitary). A recent study showed that testosterone levels in healthy adult males were boosted by an average of 42% in as little as 12 days by the supplementation of D-Aspartic Acid (DAA) raises. It was also shown that testosterone levels were still elevated 3 days after the discontinuation of D-Aspartic Acid, indicating that it builds up over time, slowly decreasing after supplementation is stopped, thus increasing natural testosterone levels.

Available at Elvare Group with fast, reliable delivery across South Africa.","Boost testosterone levels and build muscle! NutriTech’s DAA has been specifically formulated to increase cyclic AMP in the receiving nerves. DAA amplifies the release of GnRH (the hormone that tells the Pituitary that testosterone levels are falling), as well as the hormones oxytocin and vasopressin in the Neuroendocrine Axis (the Hypothalamus and Pituitary). A recent study showed that testosterone levels in healthy adult males were boosted by an average of 42% in as little as 12 days by the supplementation of D-Aspartic Acid (DAA) raises. It was also shown that testosterone levels were still elevated 3 days after the discontinuation of D-Aspartic Acid, indicating that it builds up over time, slowly decreasing after supplementation is stopped, thus increasing natural testosterone levels.

Available at Elvare Group with fast, reliable delivery across South Africa.",taxable,0,,0,0,125.00,,"Aminos, Nutritech, Performance","https://www.psychoskull.co.za/wp-content/uploads/2018/06/Psycho-Skull-Nutritech-DAA-Alpha.png, https://www.psychoskull.co.za/wp-content/uploads/2018/06/Daa-Alpha-NI-Panel.jpg",,0,outofstock
simple,6009704815839,Nutritech – THERMOTECH BURN8 [120 CAPS],1,0,visible,"ADVANCED WEIGHT MANAGEMENT TECHNOLOGY

POWERFUL, HIGH CAFFEINE CONTENT

Available at Elvare Group with fast, reliable delivery across South Africa.","THERMOTECH Introduces Potent & Affordable Weight Loss Technology! THERMOTECH – Experience weight loss power and energy, experience the next step in the evolution of NUTRITECH® Thermogenic Technology. This is the evolution of the thermogenic fat burner. A combination of trialed and tested thermogenic ingredients, as used in previous NUTRITECH® thermogenic weight loss aids including NITROCUT NXT, were combined with the latest in thermogenic technology to bring you the two most advanced NUTRITECH® fat burners to date. THERMOTECH® products have been specifically engineered to help you achieve ythis desired weight loss goals.

Available at Elvare Group with fast, reliable delivery across South Africa.",taxable,1,,0,0,315.00,,"Fat Burners, Nutritech",https://www.psychoskull.co.za/wp-content/uploads/2018/06/Psycho-Skull-Nutritech-Thermotech-Burn-8.png,,0,instock
simple,,NPL – Liquid L-Carnitine,1,0,visible,"STIMULANT FREE FAT BURNER

- Weight Loss Aid

- Natural Energy

- Zero Sugar

- Zero Calories

Available at Elvare Group with fast, reliable delivery across South Africa.","L-CARNITINE CONVERTS FAT INTO ENERGY AND BOOSTS ATHLETIC PERFORMANCE. PERFORMANCE! AND STIMULANT FREE, This PREMIUM L-CARNITINE FORMULA HAS BEEN SHOWN TO SUPPORT FAT LOSS AND AID IN MUSCLE PERFORMANCE AND PRESERVATION. A POWERFUL FAT BURNING ENHANCER THAT INCREASES RECOVERY AFTER EXERCISE, DECREASES EXERCISED INDUCED MUSCLE DAMAGE AND MUSCLE SORENESS.

Available at Elvare Group with fast, reliable delivery across South Africa.",taxable,1,,0,0,305.00,,"NPL, Peptides",https://www.psychoskull.co.za/wp-content/uploads/2018/06/Psycho-Skull-NPL-L-Carnitine.png,,0,instock
simple,6009879963014,NPL – CLA ULTRA 1000,1,0,visible,"NPL Conjugated Linoleic Acid (CLA) is a stimulant-free weight management aid that may assist with the reduction of fat mass and ultimately improve body composition.

Available at Elvare Group with fast, reliable delivery across South Africa.","BODY TONER WITH METABOLIC SUPPORT

NPL Conjugated Linoleic Acid (CLA) is a stimulant-free weight management aid that may assist with the reduction of fat mass and ultimately improve body composition. Features and benefits:

2 000 mg Conjugated linoleic acid

Weight control. Stimulant free. Metabolic support.

Available at Elvare Group with fast, reliable delivery across South Africa.",taxable,1,,0,0,160.00,,"Fat Burners, NPL",https://www.psychoskull.co.za/wp-content/uploads/2018/06/Psycho-Skull-NPL-CLA-Single-New.png,,0,instock
simple,,The Secret Fat Burner,1,0,visible,The secret Fat burner (the original),"The secret Fat burner (the original)

Top selling Fat Burner & Appetite Suppressant in South Africa

The Secret Fat Burner features a combination of ingredients which assist in weight loss by increasing metabolism, thereby burning consumed calories and stored fats. The Secret Fat Burner has also been formulated to increase energy and boost performance. Average weight loss is 3 to 7kgs per month. The Secret comes in a six week supply (30 capsules)

Drink 5 days and then skip 2 days, repeat again.

Available at Elvare Group with fast, reliable delivery across South Africa.",taxable,1,,0,0,620.00,,Fat Burners,https://www.psychoskull.co.za/wp-content/uploads/2018/06/Psycho-Skull-The-Secret.png,,0,instock
simple,,NPL – PRE-IGNITE (200g),1,0,visible,"Pre-Ignite is a pre-workout concentrate that has been formulated to deliver energy and maximise muscle pumps.

Available at Elvare Group with fast, reliable delivery across South Africa.","CONCENTRATED PRE-WORKOUT

Pre-Ignite is a pre-workout concentrate that has been formulated to deliver energy and maximise muscle pumps. The Pre-Ignite formulation delivers efficient doses of beta-alanine, betaine anhydrous, agmatine sulphate, Citrulline malate, and caffeine to enhance muscle growth, facilitate muscle pumps, and improve training performance. Features and benefits:

Nitric oxide potentiator – increase muscle pump. Explosive energy. Increase workout performance. Concentrated pre-workout.

Available at Elvare Group with fast, reliable delivery across South Africa.",taxable,1,,0,0,340.00,,"Pre Workout, NPL",https://www.psychoskull.co.za/wp-content/uploads/2018/03/Psycho-Skull-NPL-Pre-Ignite-1.png,,0,instock
simple,,NPL – Water Jug (2.2L),1,0,visible,"Premium 2.2-litre water jug built for the gym. BPA-free construction with a leak-proof design to keep you hydrated throughout your workout. Essential gym accessory for any serious lifter.

Available at Elvare Group with fast, reliable delivery across South Africa.","NPL Reservoir is a large volume water jug with an easy-grip handle to keep lifters and fitness athletes hydrated. The jug has a capacity of 2.2 litres which should cover the most gruelling training session. An easy-grip handle makes it a breeze drinking from the jug. Made from BPA-Free plastic and is leak-proof.

Available at Elvare Group with fast, reliable delivery across South Africa.",taxable,1,,0,0,130.00,,"NPL, Accessories",https://www.psychoskull.co.za/wp-content/uploads/2018/03/Psycho-Skull-NPL-Water-Jug-Black.png,,0,instock
simple,,NPL – Hyper Pump (500g),1,0,visible,"HYBRID PRE-WORKOUT

- Extreme Muscle Pumps and Energy

- Nootropics for Mental Focus

- Added Creatine to improve workout performance

- Zero Crash

Available at Elvare Group with fast, reliable delivery across South Africa.","SERIES BLACK HYPER-PUMP IS NOT YOUR AVERAGE PRE-WORKOUT FORMULA. IT SURPASSES ALL BOUNDARIES AND IDEOLOGY SET BY CONVENTIONAL PRE-WORKOUTS THAT ARE UNDERDOSED AND NOT SCIENTIFICALLY VALIDATED. ARE YOU SERIOUS ABOUT YThis TRAINING? GET HYPER-PUMP! HYPER PUMP IS DESIGNED FOR PROFESSIONAL FITNESS ENTHUSIASTS, HIGH-PERFORMANCE ATHLETES, CROSS-FITTERS, BODYBUILDERS AND ANYONE LOOKING TO BOOST PERFORMANCE, INCREASE ENERGY AND STRENGTH AND GET THE MOST FROM THEIR WORKOUTS.

Available at Elvare Group with fast, reliable delivery across South Africa.",taxable,1,,0,0,570.00,,"Pre Workout, NPL",https://www.psychoskull.co.za/wp-content/uploads/2018/03/Psycho-Skull-NPL-Hyper-Pump.png,,0,instock
simple,,NPL – Hyper Gain 1kg,1,0,visible,"Hyper Gain Mass is a high-calorie mass gainer with over 1345 calories per serving developed to optimise muscle growth and increase muscle protein synthesis.

Available at Elvare Group with fast, reliable delivery across South Africa.","HEAVY DUTY GAINER

Hyper Gain Mass is a high-calorie mass gainer developed to optimise muscle growth and increase muscle protein synthesis. Hyper Gain is formulated for the ‘’hard-gainer’’ – those who find it difficult to gain mass. With over 1 360 calories per serving, this high calorie shake offers enough energy to promote muscle mass, strength, and size. Features and benefits:

Maximise mass gain. High carbohydrate heavy duty mass gainer. Increase exercise performance, strength, and size. > 1 360 calories per serving.

Available at Elvare Group with fast, reliable delivery across South Africa.",taxable,1,,0,0,210.00,,NPL,https://www.psychoskull.co.za/wp-content/uploads/2018/03/Psycho-Skull-NPL-Hyper-Gain-1kg-Bag-Strawberry.png,,0,instock
simple,,NPL – Amino Burn 200g,1,0,visible,"FAT METABOLISM DRINK

- Amplifies Fat Burning

- Boosts Energy

- Enhances Mental Focus

- Zero Carbs

- Zero Sugar

Available at Elvare Group with fast, reliable delivery across South Africa.","THE ANYTIME AMINO ENERGISER TO BOOST MENTAL FOCUS AND Amplify MOOD. GREAT TASTING, AMINO ACID DRINK DESIGNED TO INCREASE ENERGY, IMPROVE RECOVERY AND Encourage FAT BURNING THROUGHOUT THE DAY. LOSE WEIGHT WHILE PRESERVING LEAN MUSCLE FOR THAT TONED LOOK. AMINO BURN IS THE PERFECT BOOST OF ENERGY FOR ANY TIME OF DAY.

Available at Elvare Group with fast, reliable delivery across South Africa.",taxable,0,,0,0,360.00,,"Fat Burners, NPL, Aminos",https://www.psychoskull.co.za/wp-content/uploads/2018/03/Psycho-Skull-NPL-Amino-Burn.png,,0,outofstock
simple,6009704815846,Nutritech – Thermotech Burn for Her (120 CapsS – 60 Servings),1,0,visible,"ADVANCED WEIGHT MANAGEMENT TECHNOLOGY

SCIENTIFICALLY DOSED INGREDIENTS

Available at Elvare Group with fast, reliable delivery across South Africa.","Experience weight loss power and energy, experience the next step in the evolution of NUTRITECH® Thermogenic Technology. This is the evolution of the thermogenic fat burner. A combination of trialed and tested thermogenic ingredients, as used in previous NUTRITECH® thermogenic weight loss aids including NITROCUT NXT, were combined with the latest in thermogenic technology to bring you the two most advanced NUTRITECH® fat burners to date. THERMOTECH® products have been specifically engineered to help you achieve ythis desired weight loss goals. THERMOTECH® BURN. Designed as an Advanced Weight Management Aid with a unique 1500mg Thermogenic Blend per single serving of 8 scientifically dosed key ingredients, including the scientifically researched Coffea Arabica, Green Tea Extract and a powerful 200 mg shot of Caffeine Anhydrous of to assist you in ythis goal of achieving significant weight loss results when combined with diet and regular training.

Available at Elvare Group with fast, reliable delivery across South Africa.",taxable,1,,0,0,315.00,,"Fat Burners, Nutritech",https://www.psychoskull.co.za/wp-content/uploads/2018/03/Psycho-Skull-Nutritech-Thermotech-Burn.png,,0,instock
simple,,TNT – Black Mass 4Kg,1,0,visible,"High grade Protein Blend (Whey, Micellar Casein and Beef Protein). High and medium G.I. carbohydrate blend. Soy Free, Macro Specific ratio.

Available at Elvare Group with fast, reliable delivery across South Africa.","Black Mass satisfies every competitive strength and physique athlete’s reliance on a muscle-building, anabolic diet regimen. The steady supply of carbohydrates and muscle-building proteins creates a physiological environment conducive to muscle growth and output. Professional athletes are required to consistently replenish lost reserves every 3-4 hours with solid food, this isn’t always attainable. Black Mass has a premium blend of Whey Protein, Micellar Casein, and Beef Proteins. These proteins feed the muscle with crucial amino acid building blocks, ensuring an anabolic environment is maintained throughout the day. Along with these precious proteins Black Mass has a blend of fast, medium, and slow-release carbohydrates, formulated to effectively restore depleting muscle glycogen reserves and sustain steady blood sugar levels without an excessive surge of sugars which would result in a sugar spike. Along with these crucial macro nutrients Black Mass is also fortified with a specific blend of amino acids and creatines to further complement muscle recovery and strength. This amino matrix assists in boosting muscle output and recovery. This stack will aid in amplifying strength and repetition range for strength and physique athletes who pursue gains in lean muscle mass and poundage lifted. Black Mass serves as a complete meal replacement solution for individuals seeking to assist their lean muscle gain objectives. It can be used as a tasty milkshake treat fortified with extra vitamins and minerals along with the perfect macro nutrient blend. This assists individuals gain lean muscle mass and offer an easily digestible treat to break a Spartan-like dietary regimen, but with no guilt normally associated with dessert flavoured shakes. Black Mass is the perfect solution to lean muscle gain for serious athletes. The Macro nutrient blend of sustained release carbohydrates, premium proteins, added muscle-building amino acids and creatines ensures competitive athletes get the perfect premium blend of meal replacement nutrients. TYPICAL NUTRITIONAL INFORMATION

BLACK MASS

MUSCLE UP PERFORMANCE STACK  ADDED HYDROLYZED BEEF PROTEIN. SUSTAINED RELEASE CARB MIX

TYPICAL NUTRITIONAL INFORMATION

Servings Per Container: 33-66
Per Serving

Per 100g
120g
% NRV*

Energy
1526 kJ
1832 kJ

Protein
33.6 g
40.3 g
72%

Total Carbohydrates
56.3 g
67.6 g

Of Which Sugars
14.1 g
17.0 g

Total Fats
1.5 g
1.9 g

Of Which Saturated
1.0 g
1.2 g

Total Fibre
1.2 g
1.4 g

Sodium
244 mg
292 mg

Potassium
300 mg
361 mg

Calcium
208 mg
249 mg
19%

Magnesium
31 mg
38 mg
9%

Phosphorous
157 mg
188 mg
15%

Vitamin C
25 mg
30.0 mg
30%

Nicotinic Acid/-amide/niacin
4 mg
4.8 mg
30%

Vitamin E
3.8 mg TE
4.5 mg TE
30%

Pantothenic Acid
4.5 mg
1.5 mg
30%

Vitamin B6 (Pyridoxine)
0.4 mg
0.5 mg
30%

Vitamin B2 (Riboflavin)
0.3 mg
0.4 mg
30%

Vitamin B1 (Thiamine)
0.3 mg
0.4 mg
30%

Vitamin A
225 mcg
270 mcg
30%

Folic Acid
100 mcg
120 mcg
30%

Biotin
9 mcg
9.0 mcg
30%

Vitamin D
3.8 mcg
4.5 mcg
30%

Vitamin B12
0.6 mcg
0.7 mcg
30%

Muscle Up Performance Stack

17150 mg

L-Glutamine, Taurine , L- Glycine, L-Lysine, Added BCAA 2:1:1, Tribulus Terrestris,MA (Zinc Monothionine Aspartate, Magnesium Aspartate and Vitamin B6),

HMB ( beta-Hydroxy beta-methylbutyric acid) . Creatine Matrix
5060 mg

Creatine Monohydrate; Creatine HCL; Creatine Gluconate; Creatine EthylEster. Protein Matrix
Microfiltered Whey Protein, Micellar Casein,

Hydrolyzed Beef Protein

Sustained Release Carb Blend
High and medium G.I Maltodextrin

Polysaccharides , Palatinose,

Waxy Maize (highly branched dextrin)

*Nutrient Reference Values (NRVs) for individuals 4 years and older. Na – No set NRV. Information as per Supplier/Manufacturer Ingredient Information Files. INGREDIENTS:
Skim Milk Powder; Cocoa Powder (Only In Chocolate Flavoured Variants); Flavouring; Stabilizers; Salt; Soy Lecithin; Sucralose Acesulphame K-Blend; Vitamin Premix; Tolerase. DIRECTION FOR USE:
(Meal replacement): Mix 2 heaped scoops into 300-400ml water. First blend vigorously and then shake. Mix with milk for added calories. ALTERNATE USE:
(Between meals): Mix 1 heaped scoop (half serving) into 150-200ml water. Mix with milk for added calories.

Available at Elvare Group with fast, reliable delivery across South Africa.",taxable,1,,0,0,1000.00,,"TNT Mercury, Protein",https://www.psychoskull.co.za/wp-content/uploads/2018/03/Psycho-Skull-TNT-Black-Mass-4kgChocolate-Caramel.png,,0,instock
simple,,TNT – SUPA MASS 1kg,1,0,visible,"SUPA MASS is an engineered, high calorie meal replacement, developed to bolster the elevated calorie requirements and higher energy turnover rates that occur as a result of peaked muscle development.

Available at Elvare Group with fast, reliable delivery across South Africa.","SUPA MASS is an engineered, high calorie meal replacement, developed to bolster the elevated calorie requirements and higher energy turnover rates that occur as a result of peaked muscle development. Consuming the correct macronutrient ratios ensures that the vital anabolic-bridge between performance training and recovery occurs, edging you closer to ythis goals via the total replenishment of muscle glycogen reserves, elevated rates of muscle amino pooling and maintaining a positive nitrogen balance for an increased muscle synthesis rate lasting longer than 24 hours. SUPA MASS offers 50 g of protein per serving, along with a high-dose inclusion of VOLU-MASS ATP-STACK and this TEST PEAK MATRIX, as well as a high level of carbohydrates needed to fuel your maximum growth performance. TYPICAL NUTRITIONAL INFORMATION

SUPA MASS

4 X BLEND CREATINE MATRIX HIGH-PERFORMANCE AMINO STACK. TESTOSTERONE BOOSTING

TYPICAL NUTRITIONAL INFORMATION

Serving Size: 4 Heaped Scoops (320 g)

Per 100 g
Per 320 g
%NRV*

Energy
1 562 kJ
4 998 kJ
†

Protein**
15,6 g
50 g
86%

Total Carbohydrates
77,1 g
246,7 g
†

   of which Sugars
16,1 g
51,4 g
†

Total Fats
0,2 g
0,7 g
†

   of which Saturated
0,0 g
0,1 g
†

Dietary Fibre#
0,8 g
2,4 g
†

Total Sodium
187 mg
597 mg
†

Potassium
34,9 mg
111,8 mg
†

Vitamin A
40,0 mcg

(133.3 IU)
128 mcg

(426.7 IU)
16%

Vitamin B1 (Thiamine)
0,1 mg
0,2 mg
16%

Vitamin B2 (Riboflavin)
0,1 mg
0,2 mg
16%

Vitamin B3 (Nicotinamide)
0,8 mg
2,6 mg
16%

Vitamin B5 (Pantothenic Acid)
0,3 mg
0,8 mg
16%

Vitamin B6 (Pyridoxine)
0,1 mg
0,3 mg
16%

Vitamin B7 (Biotin)
1,5 mcg
4,8 mcg
16%

Vitamin B9 (Folic Acid)
20 mcg

(33,5 mcg DFE)
64 mcg

(106,7 mcg DFE)
16%

Vitamin B12
0,1 mcg
0,4 mcg
16%

Vitamin C
5,0 mg
16,0 mg
16%

Vitamin D
0,8 mcg (32 IU)
2,4 mcg (96 IU)
16%

Vitamin E
0,8 mg TE (1.2 IU)
2,4 mg TE (3,6 IU)
16%

Calcium
85,4 mg
273,4 mg
21%

Magnesium
8,0 mg
25,6 mg
6%

Phosphorous
97,6 mg
312,3 mg
25%

VOLU-MASS ATP-STACK
9 504 mg

Fructose, Creatine Monohydrate, Taurine, L-Lysine HCl, Creatine HCl,

Creatine Gluconate, Creatine Ethyl Ester. TEST PEAK MATRIX
16 040 mg

Glycine, Tribulus Terrestris, ZMA® (Zinc-L-Methionine Sulphate,

Zinc/Magnesium Aspartate, Vitamin B6). *Nutrient Reference Values (NRVs) for individuals 4 years and older. Na – No set NRV. Information as per Supplier/Manufacturer Ingredient Information Files. INGREDIENTS:
GLYCO-VOL CARB SYSTEM (Maltodextrin, Yellow Corn Starch, Dextrose Monohydrate, Fructose), ANABOL PROTEIN MATRIX (Soy Protein Isolate, Calcium Caseinate, Whey Protein Concentrate), L-Glycine, Flavouring, CREATINE MATRIX (Creatine Monohydrate, Creatine HCl, Creatine Gluconate, Creatine Ethyl Ester), Stabiliser, L-Lysine HCl, Taurine, Emulsifier, Sodium Chloride, Non-Nutritive Sweetener (Sucralose), Vitamin Pre-Mix (Ascorbic Acid, Nicotinamide, Vitamin D, Vitamin E Acetate, Pantothenic Acid, Pyridoxine HCl, Riboflavin, Thiamine, Vitamin A, Folic Acid, Biotin, Vitamin B12), Tolerase®L (pH stable lactase), Tribulus Terrestris, ZMA® (Zinc-L-Methionine Sulphate, Zinc/Magnesium Aspartate, Vitamin B6). ALTERNATE USE:
Soy and Cow’s Milk. Made in a factory that processes cow’s milk, egg, soy, gluten (wheat, barley and oats), fish, tree nuts and peanuts). Features a source of Phenylalanine. DIRECTION FOR USE:
As a nutritional supplement solution for a snack replacement in-between meals, or as a high-calorie post-workout recovery aid. Add 320 g (4 heaped scoops) to 500 ml cold water. For added protein, substitute the water for 500 ml whole milk, adding in 16.25 g of additional protein. Half servings are recommended for first-time users. Mix 160 g (2 heaped scoops) with 250 ml – 300 ml cold water and consume mid-morning  and mid-afternoon

Available at Elvare Group with fast, reliable delivery across South Africa.",taxable,1,,0,0,170.00,,"TNT Mercury, Protein",https://www.psychoskull.co.za/wp-content/uploads/2018/03/Psycho-Skull-TNT-Supa-Mass-1kg-Chocolate-Nut.png,,0,instock
simple,,TNT – Creatine HCL 250g,1,0,visible,"Creatine HCL works so well because adding the hydrochloride group to the Creatine molecule lowers the pH of the Creatine, making it more acidic.

Available at Elvare Group with fast, reliable delivery across South Africa.","Creatine HCL works so well because adding the hydrochloride group to the Creatine molecule lowers the pH of the Creatine, making it more acidic. This drastically increases its solubility in fluids, which you will notice when you mix Creatine HCL in water. When considering the various types of Creatine, HCL is water soluble. That means that it is more easily absorbed into the bloodstream, which reduces typical side effects seen in other types of Creatine (bloating, digestive issues, and water retention). Additionally, it may be used continuously without any detrimental effects, and there is no required loading period in order to build up its effectiveness. Creatine is a naturally occurring chemical found within the body, normally in the muscles. It is also found in certain foods and may be obtained through supplementation. It is widely used among athletes in a wide range of sports for the primary purpose of improving exercise performance and increasing muscle mass. It does not require a loading phase and calls for a significantly smaller dosage while still delivering the same benefits. TYPICAL NUTRITIONAL INFORMATION

CREATINE HCL V2

HIGH CONCENTRATE ZERO LOADING PERIOD EASY ABSORPTION

TYPICAL NUTRITIONAL INFORMATION

Servings per container: 166
per 100g
per serving 1.5 g

Energy
808 kJ
12 kJ

Protein
0.0 g
0.0 g

Total carbohydrates
0.1 g
0.0 g

of which sugars
0.0 g
0.0 g

Total fats
0.0 g
0.0 g

of which saturated
0.0 g
0.0 g

Total fibre
173.3 mg
2.6 mg

Sodium
5267 mg
79 mg

Creatine HCL
50 g
750 mg **

** Daily value not established

*Nutrient Reference Values (NRVs) for individuals 4 years and older. Na – No set NRV. Information as per Supplier/Manufacturer Ingredient Information Files. INGREDIENTS:
Creatine hcl, flavourant, salt, anti-caking agent, non-nutritive sweetener (sucralose), isomaltooligosaccharide, colourant. ALLERGENS:
None. Made in a factory that uses dairy, soy, eggs and gluten (wheat, barley and oats). DIRECTION FOR USE:
Serving size 1500mg: Approx 1 heaped 1ml scoop. Recommended Adult Use: As a dietary supplement take1 hthis prior to training with approximately 200-250ml of water or juice. Can either be taken on an empty stomach with food or mixed with protein. Normal Training: 1 serving per 40kg of body weight. Intense Training: 1-2 servings per 40kg of body weight. Off Days: Can take 1 serving per 40kg of body weight to assist in muscle recovery.

Available at Elvare Group with fast, reliable delivery across South Africa.",taxable,1,,0,0,315.00,,"Creatine, TNT Mercury",https://www.psychoskull.co.za/wp-content/uploads/2018/03/Psycho-Skull-TNT-Creatine-HCL-250g-Cherry-Berry.png,,0,instock
simple,,TNT – Prime Whey 925g,1,0,visible,"Imported Premium Whey from the leaders in Whey at Leprino in Canada.

Available at Elvare Group with fast, reliable delivery across South Africa.","TNT MERCURY PRIME WHEY PROTEIN has been carefully engineered and balanced to provide a precise supply of highly bio-available amino acids, suitable for any individual who is looking for a premium protein source in their diet. The inclusion of fast-digesting and rapid uptake whey protein concentrate bolsters a rapid rise in available amino acid levels needed to kick start muscle protein synthesis and to elevate the post-workout recovery factor. Using a premium source of ultra-filtered imported whey protein, Elvare Group are able to standardize each batch, retaining the all-important micro-fractions, including Beta-lactoglobulin, Alpha-lactalbumin, Immunoglobulins, Lactoperoxidase, Glycomacropeptide and Bovine Serum Albumin ensuring the benefits and health-promoting properties are reserved in each serving. TNT MERCURY PRIME WHEY PROTEIN offers the correct ratio of full-spectrum amino acids, and more specifically the BCAAs and EAAs that play a critical role in muscle hypertrophy and training adaptation. Regular exercise results in the breakdown of muscle fibers, and this is where TNT MERCURY PRIME WHEY PROTEIN has been shown to amplify recovery and accelerate the rate of muscle hypertrophy. This Research and Development Division has added the clinically correct dosage of DigeZyme®, a multi-enzyme digestive complex that includes Amylases, Proteases, Lipases, Lactases and Cellulases to support the optimal gut health and to further enhance the uptake and assimilation of proteins for maximum recovery and lean mass gains. TNT MERCURY PRIME WHEY PROTEIN is considered a true “complete” protein source, suitable during periods where ythis system demands a fast uptake, easily digestible and highly available protein source, particularly important for muscle growth and total system recovery. TYPICAL NUTRITIONAL INFORMATION

PRIME WHEY

FAST DIGESTING PROTEIN WITH ADDED DIGEZYME DIGESTIVE ENZYMES. TYPICAL NUTRITIONAL INFORMATION

Serving Size: 30 g

Servings per Jar: 30

Per 100 g
Per 30 g
%NRV*

Energy
1 535 kJ
460 kJ
†

Protein
67,4 g
20,2 g
36%

Total Carbohydrates
8,4 g
2,5 g
†

     of which Sugars
4,9 g
1,5 g
†

Total Fats
5,1 g
1,5 g
†

    of which Saturated
3,4 g
1,0 g
†

Cholesterol
9,0 mg
2,7 mg
†

Dietary Fibre#
8,2 g
2,5 g
†

Total Sodium
487 mg
146 mg
†

Potassium
407,5 mg
122,3 mg
†

Calcium
464,2 mg
139,3 mg
11%

AMINO ACID PROFILE (mg/30 g)
(mg/30 g)

Alanine
864 mg

Arginine
488 mg

Aspartic Acid
2 036 mg

Cystine
414 mg

Glutamic Acid
3 356 mg

Glycine
343 mg

Histidine^
409 mg

Isoleucine^***
1 108 mg

Leucine^***
2 013 mg

Lysine^
1 732 mg

Methionine^
409 mg

Phenylalanine^
606 mg

Proline
1 263 mg

Serine
974 mg

Taurine
0 mg

Threonine^
1 234 mg

Tryptophan^
339 mg

Tyrosine
519 mg

Valine
1 030 mg

***Total BCAAs
4 151 mg

^ Essential Amino Acids (EAAs) *** Branched Chain Amino Acids (BCAAs)

*Nutrient Reference Values (NRVs) for individuals 4 years and older. Na – No set NRV. Information as per Supplier/Manufacturer Ingredient Information Files. INGREDIENTS:
Whey Protein Concentrate, Isomalto-oligosaccharide, Flavouring, Sodium Chloride, Stabiliser, DigeZyme® (Digestive Enzyme Blend: Amylases, Proteases, Lipases, Lactases and Cellulases), Non-Nutritive Sweetener (Sucralose), Colourant. ALLERGENS:
Cow’s Milk. Made in a factory that processes cow’s milk, egg, soy, gluten (wheat, barley and oats), fish, tree nuts and peanuts. DIRECTION FOR USE:
As a nutritional supplement solution for a snack replacement in-between meals, or as a post-workout recovery aid: Add 30 g (1 slightly heaped scoop) to 150 – 200 ml cold water. Adjust ythis protein intake from 1-3 servings daily, depending on your physical goal and protein requirements.

Available at Elvare Group with fast, reliable delivery across South Africa.",taxable,1,,0,0,505.00,475.00,"TNT Mercury, Protein",https://www.psychoskull.co.za/wp-content/uploads/2018/03/Psycho-Skull-TNT-Prime-Whey-900g-White-Chocolate.png,,0,instock
simple,6001651035148,TNT – Hardcore Magma Thermo,1,0,visible,"Increased thermogenesis and increased metabolism / don’t take late at night as it will disrupt sleep patterns. Ultra-High Potency – Start-Up Dose 1 Capsule. Extreme Thermogenic aid to be used with caution.

Available at Elvare Group with fast, reliable delivery across South Africa.","Hardcore Magma Thermogenic is a ultra high potency thermoganic cutting compound. The constituents featured in This supplement have shown significant metabolic and energy surge responses. Thermogenisis in an extremely efficient mechanism to increase fat burning potential and metabolic function. The TriCore Pyrophoric Thermal Conductor with ThermoCore has been re-engineered to target 3 aspects of fat burning potential. Since every individual is different, this approach enables a “no miss” theory to Mercury Hardcore Thermogenic’s 3 tier formula, which places every individuals response towards burning fat, energy output and anti-catabolic experience on the same level. Please follow usage instructions carefully!

Available at Elvare Group with fast, reliable delivery across South Africa.",taxable,0,,0,0,315.00,,"Fat Burners, TNT Mercury","https://www.psychoskull.co.za/wp-content/uploads/2018/03/Psycho-Skull-TNT-Hardcore-Fatburner.png, https://www.psychoskull.co.za/wp-content/uploads/2018/03/tnt_magma10_nutri_facts.jpg",,0,outofstock
simple,6009802884232,Nutritech – ZMA 5-HTP,1,0,visible,"NIGHT-TIME HERBAL TESTOSTERONE BOOSTER

ASSISTS INCREASE IN NATURAL TESTOSTERONE

Available at Elvare Group with fast, reliable delivery across South Africa.","NUTRITECH ZMA® + TRIB has been formulated with a precise blend of 2323 mg of specially engineered ZMA® and 500 mg of tribulus terrestris extract per single serving. An exceptional choice for the athlete looking to increase strength, sporting performance, muscle and recovery, with 30 mg of patented zinc L-monomethionine (L-OptiZinc®), 450 mg of magnesium, 10.5 mg of vitamin B6 and 500 mg of tribulus. NUTRITECH ZMA® + TRIB is easy to consume and the perfect companion an athlete’s post-workout regime before bed.

Available at Elvare Group with fast, reliable delivery across South Africa.",taxable,1,,0,0,220.00,,Nutritech,"https://www.psychoskull.co.za/wp-content/uploads/2018/03/Nutritech_zma_front.png, https://www.psychoskull.co.za/wp-content/uploads/2018/03/ZMA-NI-Panel.jpg",,0,instock
simple,,Nutritech – VASO NO3 280g,1,0,visible,"STIMULANT FREE NITRIC OXIDE PRE-WORKOUT

MORE PUMP + VASCULARITY ZERO CRASH

Available at Elvare Group with fast, reliable delivery across South Africa.","NUTRITECH VASO-NO3 contains no stimulants, no creatine and no banned substances, making This supplement safe for use by professional athletes. Nitrate (NO3) is an advanced compound that amplifies the effectiveness of anything it is consumed with. L-Arginine is potent precursor to nitric oxide which promotes vascularity, size, strength and growth hormone levels. With NUTRITECH VASO-NO3, L-Arginine has been fused with Nitric Acid to create Arginine Nitrate. Arginine Nitrate offers a longer lasting boost in Nitric Oxide, energy levels and pump than any other compound.

Available at Elvare Group with fast, reliable delivery across South Africa.",taxable,1,,0,0,315.00,,"Pre Workout, Nutritech","https://www.psychoskull.co.za/wp-content/uploads/2018/03/Psycho-Skull-Nutritech-Vaso-NO3.png, https://www.psychoskull.co.za/wp-content/uploads/2018/03/Vaso-NI-Panel.jpg",,0,instock
simple,6009704810124,Nutritech – Beta-Alanine 120 Caps,1,0,visible,"NutriTech® Beta-Alanine is a dietary supplement formulated to help athletes and bodybuilders increase their muscle strength and endurance. Supports improve performance and reduce fatigue.

Available at Elvare Group with fast, reliable delivery across South Africa.","NUTRITECH BETA ALANINE has been formulated with 2200 mg of beta-alanine per single serving, the only naturally occurring beta-amino acid. An exceptional choice for the athlete looking to increase ability and performance in prolonged explosive exercise or prolonged endurance exercise.

Available at Elvare Group with fast, reliable delivery across South Africa.",taxable,1,,0,0,220.00,,"Aminos, Nutritech","https://www.psychoskull.co.za/wp-content/uploads/2018/03/Psycho-Skull-Nutritech-Beta-Alanine-New.png, https://www.psychoskull.co.za/wp-content/uploads/2018/03/NutriTechfit-Beta-Alanine-typical-nutritional-information.jpg",,0,instock
simple,6009802884294,Nutritech – Joint Support,1,0,visible,"HELP REBUILD TENDONS + LIGAMENTS

ULTIMATE JOINT + BONE SUPPORT

Available at Elvare Group with fast, reliable delivery across South Africa.",Recover fast and strengthen ythis joints!,taxable,0,,0,0,245.00,,"Nutritech, Health & Recovery","https://www.psychoskull.co.za/wp-content/uploads/2018/03/Psycho-Skull-Nutritech-Joint-Support.png, https://www.psychoskull.co.za/wp-content/uploads/2018/03/Joint-Support-NI-Panel.jpg",,0,outofstock
simple,6009704810018,Nutritech – CLA 3 Pack,1,0,visible,"Aids in REDUCE FAT & PRESERVE MUSCLE

PROMOTES ABDOMINAL FAT LOSS

Available at Elvare Group with fast, reliable delivery across South Africa.","CONJUGATED LINOLEIC ACIDE – BODY TONING ANTIOXIDANT
NUTRITECH CLA 1000 has been formulated with 1000 mg of cojugated linoleic acid (80%). Cojugated linoleic acid (CLA) is a naturally occurring fatty acid which is found in various meats and vegetables, but cannot be produced by the body. THE LOWDOWN – CLA
CLA inhibits Lipoprotein Lipase, an enzyme that breaks the fat from ythis diet down so that it can be absorbed and stored in your body. Once digested, CLA is absorbed and metabolized by ythis body. THE LOWDOWN – NUTRITECH CLA
An exceptional choice for those for on advanced training programmes looking to improve body composition. NUTRITECH CLA 1000 combines the potential benefits of cojugated linoleic acid to bring you an easy to swallow softgel suitable for anytime of the day and formulated to positively influence your weight management programme, which includes regular exercise and an energy-restricted diet.

Available at Elvare Group with fast, reliable delivery across South Africa.",taxable,0,,0,0,420.00,,"Fat Burners, Nutritech","https://www.psychoskull.co.za/wp-content/uploads/2018/03/Psycho-Skull-Nutritech-Thermotech-CLA-1000-Combo.png, https://www.psychoskull.co.za/wp-content/uploads/2018/03/NutriTechfit-CLA-nutritional-facts-1.png",,0,outofstock
simple,6009802884287,Nutritech – BCAA 4000 120 Caps,1,0,visible,"BCAA 2:1:1 RATIO RECOVERY SUPPORT

Aids in REDUCE MUSCLE SORENESS + FATIGUE

Available at Elvare Group with fast, reliable delivery across South Africa.","MUSCLE RECOVERY – 2:1:1 BCAA RATIO
NUTRITECH BCAA 4000 has been formulated with a precise blend of three of the nine essential amino acids, including Leucine, Isoleucine and Valine, with 4000 mg of branched chain amino acids per single serving. An exceptional choice of BCAAs by any athlete, with a 2:1:1 ratio of 2000 mg of L-Leucine, 1000 mg of L-Isoleucine and 1000 mg of Valine per single serving. BCAAs protect lean muscle during and post intense workouts, assist protein synthesis and boost recovery. NUTRITECH BCAA 4000 is excellent for on-the-go and easy to consume for the athlete on the fly. BRANCH CHAIN – AMINO ACID
NUTRITECH BCAA 4000 has been specifically formulated to help preserve muscle tissue and preserve glycogen stores in the muscle. The muscle building effects of protein are primarily attributed to Branched Chain Amino Acids (BCAAs) which have anabolic and anti-catabolic properties. THE LOWDOWN – BCAAS FOR TRAINING
Supplementing BCAAs before training has been shown to effectively suppress muscle tissue breakdown, damage and soreness after training. BCAAs not only increase the rate of protein synthesis, but also increase the cell’s capacity for protein synthesis, reducing the rate of protein breakdown. BCAAs are naturally occurring elements, found in high concentrations in salmon, cashew nuts, milk, grains, etc.

Available at Elvare Group with fast, reliable delivery across South Africa.",taxable,1,,0,0,210.00,,"Aminos, Nutritech, Health & Recovery","https://www.psychoskull.co.za/wp-content/uploads/2018/03/Psycho-Skull-Nutritech-BCAA-4000-New.png, https://www.psychoskull.co.za/wp-content/uploads/2018/03/BCAA-4000-NI-Panel.jpg",,0,instock
